Timestamp (Hour Ending),CAL Demand (MWh),CAR Demand (MWh),CENT Demand (MWh),FLA Demand (MWh),MIDA Demand (MWh),MIDW Demand (MWh),NE Demand (MWh),NW Demand (MWh),NY Demand (MWh),SE Demand (MWh),SW Demand (MWh),TEN Demand (MWh),TEX Demand (MWh)
1/1/2022 12 a.m. EST,31464,18763,28500,21338,74071,70910,11758,48554,15162,21790,10891,14106,40784
1/1/2022 1 a.m. EST,30535,17893,27936,20858,71374,69477,10890,47077,14507,20789,10603,13585,39336
1/1/2022 2 a.m. EST,29463,17322,27487,19808,69366,68245,10571,45722,13932,20490,10438,13162,38123
1/1/2022 3 a.m. EST,28453,16764,27288,18576,69020,67363,10281,44720,13482,19772,10138,12776,37122
1/1/2022 4 a.m. EST,27258,16451,27063,17700,68535,66824,10096,43915,13206,19558,9908,12426,35936
1/1/2022 5 a.m. EST,26281,16296,27016,17271,68235,66306,10354,43623,13093,19347,9711,12285,35132
1/1/2022 6 a.m. EST,25711,16460,27229,17107,68034,66158,10518,43494,13193,19234,9617,12207,34602
1/1/2022 7 a.m. EST,25480,16772,27588,17434,69387,66950,10632,43641,13499,19591,9656,12401,34451
1/1/2022 8 a.m. EST,25516,17092,28401,18094,69766,67408,10784,44296,13828,19522,9861,12614,34571
1/1/2022 9 a.m. EST,25987,17915,29276,20162,71408,69015,11341,45351,14217,19675,10117,12793,34635
1/1/2022 10 a.m. EST,26782,19152,30053,23036,73365,71210,12042,46645,14773,20961,10307,13522,35606
1/1/2022 11 a.m. EST,26947,20336,30936,25634,75887,73969,12704,48044,15337,22476,10471,14302,37917
1/1/2022 12 p.m. EST,26658,21196,31777,27741,77568,76216,13088,49214,15723,23503,10502,14982,39989
1/1/2022 1 p.m. EST,25800,21683,32527,29340,78703,78090,13205,49715,15999,24318,10280,15414,41835
1/1/2022 2 p.m. EST,24996,21838,32900,30411,78838,78712,13160,49486,16084,24646,10034,15452,43163
1/1/2022 3 p.m. EST,23778,21862,33118,31004,78650,78654,13079,48870,16057,24759,9848,15352,44006
1/1/2022 4 p.m. EST,23515,21832,33320,31134,78790,78949,13176,48046,16226,24691,9695,15118,44248
1/1/2022 5 p.m. EST,23518,21855,33651,30575,80615,79141,13863,47319,16840,24478,9675,15117,44208
1/1/2022 6 p.m. EST,24484,22577,34349,29650,84032,80935,14373,47108,17488,24530,9772,15556,44337
1/1/2022 7 p.m. EST,25435,22883,35636,29647,84115,82958,14080,47961,17365,25198,10309,15907,44983
1/1/2022 8 p.m. EST,27867,22249,36134,28262,83017,82896,13602,50433,17021,24849,11511,15521,46108
1/1/2022 9 p.m. EST,31261,21570,36015,26616,81310,81670,13065,51845,16650,24239,12142,15248,45944
1/1/2022 10 p.m. EST,32093,20834,35838,25222,79501,80563,12455,51526,16155,23471,12194,14816,45758
1/1/2022 11 p.m. EST,31986,19950,35451,23629,76651,79027,11685,50575,15518,22678,12143,14373,45518
1/2/2022 12 a.m. EST,31632,18804,34832,21717,73635,76758,11166,49285,14752,21664,11966,13738,44805
1/2/2022 1 a.m. EST,31002,17791,34252,20019,70875,74623,10392,47554,14091,20614,11639,13151,43860
1/2/2022 2 a.m. EST,29684,17169,33754,18688,69734,73455,10084,45388,13608,20211,11402,12560,42879
1/2/2022 3 a.m. EST,28195,16649,33470,17775,69744,72456,9693,43925,13320,19840,11160,12222,42167
1/2/2022 4 a.m. EST,27094,16419,33429,17319,69463,72073,9503,43072,13150,19357,10958,11952,42061
1/2/2022 5 a.m. EST,26349,16220,33489,17095,69822,71838,9557,42499,13143,19103,10975,11980,42513
1/2/2022 6 a.m. EST,26001,16358,33791,17263,70013,71973,9801,42287,13356,19147,11029,12218,43467
1/2/2022 7 a.m. EST,25865,16682,34278,17958,71636,73463,10238,42445,13782,18982,11219,12639,44872
1/2/2022 8 a.m. EST,26097,17248,35133,18943,72884,75904,10806,43060,14312,19409,11618,13217,46851
1/2/2022 9 a.m. EST,26743,18279,36087,21353,75109,78268,11487,44244,14909,20060,12147,13833,49306
1/2/2022 10 a.m. EST,27756,19488,36654,24170,77416,80879,12162,45780,15581,21049,12455,14807,51363
1/2/2022 11 a.m. EST,28268,20207,36630,26562,79609,83069,12637,47039,16260,22053,12348,15605,52453
1/2/2022 12 p.m. EST,27796,20856,36201,28335,81206,84395,13069,47830,16723,22757,11924,16071,52302
1/2/2022 1 p.m. EST,26880,21062,35736,29937,82097,84745,13402,48045,16980,23096,11223,16585,51421
1/2/2022 2 p.m. EST,25704,21083,35084,31159,82364,84944,13453,47910,16988,23199,10583,16962,50252
1/2/2022 3 p.m. EST,24655,21076,34200,31946,82683,84430,13472,47292,17077,23170,10151,17264,48522
1/2/2022 4 p.m. EST,24247,20980,33364,32167,83139,84243,13704,46818,17315,23084,9829,17444,47013
1/2/2022 5 p.m. EST,24390,21469,32942,31824,85721,85210,14615,46536,18054,23280,9742,18019,46134
1/2/2022 6 p.m. EST,25109,22580,33339,31136,90512,88603,15269,46406,18916,23867,9756,18692,46228
1/2/2022 7 p.m. EST,26144,22876,35377,31348,91823,92533,15094,47134,18878,24770,10278,19645,48732
1/2/2022 8 p.m. EST,29091,22428,36377,29979,91283,93526,14724,49265,18560,24673,11470,19841,51676
1/2/2022 9 p.m. EST,32582,21656,36368,28342,89944,92936,14192,50483,18109,24242,12227,19795,52376
1/2/2022 10 p.m. EST,33226,20764,36113,26700,87709,91747,13484,49884,17489,23589,12341,19743,52326
1/2/2022 11 p.m. EST,33002,19677,35670,24731,85166,89659,12628,48954,16606,22897,12382,19575,52010
1/3/2022 12 a.m. EST,32488,18553,34659,22450,82530,86773,12238,47453,15737,22003,12189,19085,50707
1/3/2022 1 a.m. EST,31540,17684,33701,20486,81601,84792,12049,45548,15126,21994,11694,18723,49442
1/3/2022 2 a.m. EST,29901,17123,33256,19052,81395,84106,11790,43177,14736,21834,11356,18582,48507
1/3/2022 3 a.m. EST,28107,16882,33045,18314,81337,83522,11712,41497,14559,22242,11070,18611,48268
1/3/2022 4 a.m. EST,27089,16801,32997,17814,81026,83420,11838,40519,14610,22600,10940,18908,48383
1/3/2022 5 a.m. EST,26320,17140,33141,17762,82842,84131,11949,40046,14919,22835,10974,19252,49062
1/3/2022 6 a.m. EST,26047,18054,33695,18386,87245,85750,12578,40034,15747,23951,11150,19862,50364
1/3/2022 7 a.m. EST,26180,19793,34833,19858,94032,89673,13799,40625,17183,26211,11583,20873,52627
1/3/2022 8 a.m. EST,26739,21586,36531,21180,100114,94609,14906,42089,18467,28785,12407,22049,55643
1/3/2022 9 a.m. EST,28573,22830,37745,22838,103231,97890,15425,44681,19173,30611,13431,22760,57624
1/3/2022 10 a.m. EST,30947,24094,37418,24404,104776,97742,15743,47359,19678,31784,13767,23119,57020
1/3/2022 11 a.m. EST,32393,25134,36253,25337,105674,95877,16051,48727,20059,32267,13400,23257,54314
1/3/2022 12 p.m. EST,31983,25772,34977,25457,106088,93945,16258,48925,20186,32149,12608,23394,51487
1/3/2022 1 p.m. EST,31056,25827,33743,25448,105695,91906,16347,48527,20232,31806,11691,23256,48690
1/3/2022 2 p.m. EST,30263,25887,32594,25396,104684,89740,16400,48144,20187,31249,10981,22881,46316
1/3/2022 3 p.m. EST,29356,25673,31707,25326,103658,87899,16375,47728,20197,30646,10534,22592,44409
1/3/2022 4 p.m. EST,29407,25661,31142,25369,102963,86311,16588,47211,20398,30081,10234,22179,42984
1/3/2022 5 p.m. EST,29414,26495,30791,25565,105032,86116,17345,46959,21036,30202,10149,22210,42357
1/3/2022 6 p.m. EST,29806,28575,31158,26330,111068,88863,17920,46714,21929,30979,10049,22991,42583
1/3/2022 7 p.m. EST,30463,30338,32956,27652,113097,93755,17646,47598,21765,33177,10556,24132,44939
1/3/2022 8 p.m. EST,32507,30462,34237,27107,112157,95210,17190,50089,21314,33777,11668,24450,48099
1/3/2022 9 p.m. EST,35381,30394,34361,25845,110488,94697,16520,51223,20821,33904,12310,24276,49043
1/3/2022 10 p.m. EST,35647,29920,34145,24300,107375,93312,15646,50489,19968,33500,12344,23945,49360
1/3/2022 11 p.m. EST,35102,29114,33591,22496,103277,90526,14599,49498,18873,32392,12376,23286,48732
1/4/2022 12 a.m. EST,34263,28319,32453,20636,99821,87873,13674,47801,17833,31741,12156,22580,47182
1/4/2022 1 a.m. EST,32897,28102,31503,19178,97613,86224,13113,45495,17149,31450,11652,22013,45512
1/4/2022 2 a.m. EST,30827,28210,30999,18403,96292,84884,12830,42928,16711,31238,11344,21837,44413
1/4/2022 3 a.m. EST,28830,28683,30719,18061,95892,84008,12758,41017,16428,31188,11046,21940,43947
1/4/2022 4 a.m. EST,27495,29193,30736,18160,96411,84087,12818,40011,16354,31252,10922,22136,43944
1/4/2022 5 a.m. EST,26586,30202,30924,18746,98420,84563,13221,39806,16546,31444,10952,22245,44468
1/4/2022 6 a.m. EST,26452,31848,31496,20353,102569,85719,14110,39711,17336,32911,11142,22873,45759
1/4/2022 7 a.m. EST,26278,34258,32665,22988,108951,90067,15575,40234,18667,35014,11588,24041,48311
1/4/2022 8 a.m. EST,26745,35872,34689,24926,113727,95303,16575,41726,19768,36814,12388,25270,51826
1/4/2022 9 a.m. EST,28307,35803,35930,25707,113940,97718,16344,44549,20100,36922,13390,25622,53674
1/4/2022 10 a.m. EST,30836,33740,35699,25539,110134,97017,15409,47570,19944,35523,13715,24909,52660
1/4/2022 11 a.m. EST,31858,31252,35081,25225,106604,95076,14598,49078,19624,33818,13208,23769,50153
1/4/2022 12 p.m. EST,31874,29284,34298,24936,103780,93101,14115,49096,19367,32236,12428,22959,47929
1/4/2022 1 p.m. EST,31336,27830,33493,24998,101716,90572,13919,48788,19099,31031,11477,21968,45797
1/4/2022 2 p.m. EST,30050,26683,32642,25039,100660,88380,14104,48218,18978,29781,10777,21076,44119
1/4/2022 3 p.m. EST,28726,25908,31958,25047,99295,86797,14808,47971,19059,29087,10314,20393,42784
1/4/2022 4 p.m. EST,28282,25761,31323,25148,99504,85601,15854,47513,19500,28358,10072,19889,41715
1/4/2022 5 p.m. EST,28133,26645,31012,25368,102141,85598,16878,47285,20377,28327,10006,19930,41229
1/4/2022 6 p.m. EST,28525,29116,31198,26200,108734,87985,17858,47303,21461,28854,9862,20774,41362
1/4/2022 7 p.m. EST,29294,31039,32561,27579,110940,91631,17696,48084,21281,31046,10359,22094,42511
1/4/2022 8 p.m. EST,31592,31466,33579,26856,110268,92201,17181,49746,20848,31609,11487,22472,44559
1/4/2022 9 p.m. EST,34529,31273,33574,25638,108524,91089,16487,50677,20165,31563,12145,22338,44416
1/4/2022 10 p.m. EST,34782,30445,33285,23994,105754,89302,15570,49993,19286,30622,12155,21857,43960
1/4/2022 11 p.m. EST,34287,28900,32507,22004,101662,86112,14439,48821,18174,29319,12126,21107,42700
1/5/2022 12 a.m. EST,33447,27502,31511,20011,97498,83248,13440,47104,17088,27819,11885,20091,40772
1/5/2022 1 a.m. EST,32184,26414,30647,18459,94527,81567,12773,44828,16374,26811,11359,19349,38941
1/5/2022 2 a.m. EST,30299,25819,30158,17487,92641,79863,12379,42418,15900,26610,10946,19031,37726
1/5/2022 3 a.m. EST,28373,25435,30003,16995,91708,78781,12205,40574,15576,26158,11173,18833,37244
1/5/2022 4 a.m. EST,27248,25421,30095,16845,91812,78467,12202,39474,15520,25970,10535,18774,37271
1/5/2022 5 a.m. EST,25831,25872,30414,17156,92893,78768,12470,38954,15662,25828,10559,18803,37777
1/5/2022 6 a.m. EST,25914,26919,31067,18392,96032,79877,13240,38818,16286,26978,10662,19082,39028
1/5/2022 7 a.m. EST,25949,28944,32370,20646,101634,82884,14542,39632,17537,28863,11071,20244,41492
1/5/2022 8 a.m. EST,26442,29883,34663,22091,105947,88238,15438,41507,18674,30281,11895,21358,45080
1/5/2022 9 a.m. EST,27870,29685,36191,23146,107136,91289,15696,44206,19118,30309,13053,21465,46898
1/5/2022 10 a.m. EST,30392,28724,36207,23984,106778,91413,15725,47028,19376,29917,13467,20910,46031
1/5/2022 11 a.m. EST,31893,27488,35729,24604,106516,90614,15675,48624,19613,29046,12847,20354,44626
1/5/2022 12 p.m. EST,31801,26165,35230,25130,104903,89615,16001,48940,19660,28156,12073,19858,43394
1/5/2022 1 p.m. EST,31025,25219,34510,25726,104664,88647,15774,48636,19589,27534,11138,19425,42052
1/5/2022 2 p.m. EST,30045,24517,33828,26040,104022,87606,15733,47996,19360,26725,10441,18918,41148
1/5/2022 3 p.m. EST,28774,23976,33462,26329,103314,87102,15757,47633,19262,26589,10026,18344,40672
1/5/2022 4 p.m. EST,28155,23829,33144,26615,102537,86813,15842,47450,19354,26272,9798,17938,40568
1/5/2022 5 p.m. EST,28123,24012,33125,26939,103447,87161,16467,47675,19862,25936,9762,18057,40576
1/5/2022 6 p.m. EST,28520,25661,33755,27367,107204,89763,16994,47885,20553,26564,9960,18618,40827
1/5/2022 7 p.m. EST,29346,27076,35078,28520,108453,93617,16621,48920,20281,28354,10251,19915,42028
1/5/2022 8 p.m. EST,31561,27140,36136,27680,107313,94331,15968,50575,19770,28848,11341,20409,43761
1/5/2022 9 p.m. EST,34085,26872,36176,26272,105444,93283,15227,51414,19074,28640,11947,20502,43562
1/5/2022 10 p.m. EST,34259,26181,35947,24497,102503,91852,14544,50794,18247,28088,11898,20379,43090
1/5/2022 11 p.m. EST,33686,25058,35350,22492,98592,89179,13515,49625,17185,27040,11850,20069,42041
1/6/2022 12 a.m. EST,32834,24084,34317,20304,96129,86491,12568,48015,16194,25893,11599,19534,40286
1/6/2022 1 a.m. EST,31569,23466,33429,18707,93893,84206,12194,45495,15537,25067,11079,19091,38522
1/6/2022 2 a.m. EST,29696,23387,32986,17777,92803,82846,11835,43183,15123,25054,10688,18906,37470
1/6/2022 3 a.m. EST,27833,23626,32815,17252,92537,81928,11688,41528,14911,25037,10382,19076,37094
1/6/2022 4 a.m. EST,26804,24083,32938,17079,92959,81530,11741,40437,14858,25239,10256,19150,37297
1/6/2022 5 a.m. EST,25947,25045,33273,17484,95131,82015,12052,39717,15116,25910,10298,19437,37855
1/6/2022 6 a.m. EST,25459,26870,33998,18863,98016,83729,12934,39597,15932,27095,10404,20001,39131
1/6/2022 7 a.m. EST,25432,29509,35397,21369,103232,87177,14347,39938,17320,29391,10824,21153,42021
1/6/2022 8 a.m. EST,25984,30938,37550,23161,107702,92533,14865,41255,18424,31184,11597,22299,45929
1/6/2022 9 a.m. EST,27441,30725,39216,24018,108823,95583,14832,43867,18966,31228,12649,22851,48282
1/6/2022 10 a.m. EST,29949,28789,39631,24209,107901,96394,14344,46593,19142,30045,13049,23066,48455
1/6/2022 11 a.m. EST,31403,26888,39690,24361,106813,96676,13651,47987,19191,28782,12596,23453,48168
1/6/2022 12 p.m. EST,31073,25322,39343,24523,105091,96575,13815,48237,19109,27987,11798,23867,47731
1/6/2022 1 p.m. EST,30597,24427,38874,24855,103669,96201,13967,47669,18853,27635,10884,24026,47165
1/6/2022 2 p.m. EST,29786,23997,38140,25206,103520,95835,13923,46931,18855,27172,10304,24104,46445
1/6/2022 3 p.m. EST,29377,23701,37485,25614,104367,95505,14045,46599,18913,26884,9906,24072,45777
1/6/2022 4 p.m. EST,29055,23964,36917,25933,105304,94886,14790,46262,19298,27023,9809,24038,45301
1/6/2022 5 p.m. EST,29066,24585,36671,26212,107654,94695,15932,45798,20106,27091,9797,24179,45117
1/6/2022 6 p.m. EST,29391,26029,37288,26728,111938,96450,16851,45622,20966,27765,9958,24682,45855
1/6/2022 7 p.m. EST,29888,27026,38925,27799,112681,99892,16708,46209,20781,28791,10239,25719,47992
1/6/2022 8 p.m. EST,31723,26809,39762,27056,111222,100414,16229,47943,20323,29091,11245,25723,50710
1/6/2022 9 p.m. EST,34084,26219,39698,25780,109104,99383,15598,48857,19739,28945,11748,25652,51101
1/6/2022 10 p.m. EST,34211,25340,39407,24217,106225,98499,14750,48433,18956,28516,11689,25369,51073
1/6/2022 11 p.m. EST,33499,24016,38624,22230,102204,96215,13725,47258,17891,27651,11604,24901,50383
1/7/2022 12 a.m. EST,32578,22972,37403,20227,99073,94067,12796,45643,16937,26817,11379,24279,48794
1/7/2022 1 a.m. EST,31380,22439,36372,18519,97510,92055,12147,43353,16252,26647,10874,23985,47525
1/7/2022 2 a.m. EST,29542,22284,35750,17450,97417,91397,11991,41000,15834,26584,10522,23982,46688
1/7/2022 3 a.m. EST,27759,22413,35517,16855,97502,90532,11854,39134,15595,26880,10184,24158,46508
1/7/2022 4 a.m. EST,26586,22943,35346,16675,98377,90866,11885,37967,15560,27093,10060,24501,46678
1/7/2022 5 a.m. EST,25817,24144,35519,16974,100360,91291,11997,37403,15785,28194,10119,24869,47439
1/7/2022 6 a.m. EST,25396,26244,35960,18203,103892,91938,12712,37223,16458,29980,10300,25358,48746
1/7/2022 7 a.m. EST,25286,29225,37069,20489,107915,96071,13684,37595,17631,32636,10673,26218,51388
1/7/2022 8 a.m. EST,25981,31058,39006,22274,112171,101121,14612,38814,18713,34926,11422,27211,54971
1/7/2022 9 a.m. EST,27413,31294,40314,23410,114252,104194,15361,41325,19386,35698,12355,27807,56841
1/7/2022 10 a.m. EST,29767,30528,40258,24503,113942,104243,15892,44141,19826,35304,12765,27777,56671
1/7/2022 11 a.m. EST,31306,29777,39418,25575,113157,102875,16202,45391,20086,34379,12387,27170,55615
1/7/2022 12 p.m. EST,31722,28976,38510,26441,112478,100952,16355,45421,20090,33212,11686,26336,54145
1/7/2022 1 p.m. EST,31769,27810,37568,27105,111840,98720,16361,45272,20049,31918,11059,25446,52305
1/7/2022 2 p.m. EST,31337,27093,36454,27613,110676,96380,16267,44974,20028,30669,10514,24537,50458
1/7/2022 3 p.m. EST,30568,26516,35571,27995,109659,94762,16101,44384,19996,30213,9934,23609,49174
1/7/2022 4 p.m. EST,30525,26461,34864,28202,109853,93355,16034,43759,20097,29615,9764,23022,48302
1/7/2022 5 p.m. EST,30583,27327,34450,28217,112639,93418,16574,43431,20625,29732,9795,22941,48503
1/7/2022 6 p.m. EST,30641,29581,34709,28092,118448,95675,17402,43431,21468,30148,10329,24083,49118
1/7/2022 7 p.m. EST,30789,31323,35721,28472,119525,99158,17091,44294,21323,32133,10218,25646,50026
1/7/2022 8 p.m. EST,32030,31712,36366,27298,118278,99538,16561,46265,20897,32804,11024,26020,51104
1/7/2022 9 p.m. EST,34227,31799,36134,25958,116700,98224,15939,47172,20353,32914,11386,25947,50515
1/7/2022 10 p.m. EST,34190,31587,35615,24557,114199,96576,15231,46532,19631,32730,11188,25885,49460
1/7/2022 11 p.m. EST,33467,30916,34923,23024,110655,93992,14396,45518,18730,32023,11141,25502,47947
1/8/2022 12 a.m. EST,32582,30235,33842,21363,107231,91145,13573,44144,17848,31364,10956,25064,45910
1/8/2022 1 a.m. EST,31412,29902,32807,19938,104353,89695,13040,42628,17145,30782,10625,24654,43905
1/8/2022 2 a.m. EST,29743,29892,31956,18919,102820,88008,12907,40590,16715,30393,10315,24508,42132
1/8/2022 3 a.m. EST,27926,30195,31502,18365,102281,86588,12769,39082,16448,30665,10036,24553,41050
1/8/2022 4 a.m. EST,26705,30622,31117,18173,102579,85707,12792,38018,16350,30873,9839,24588,40313
1/8/2022 5 a.m. EST,25628,31328,30796,18256,103616,85368,13069,37555,16395,31181,9799,24764,40009
1/8/2022 6 a.m. EST,25050,32298,30745,18769,106002,85221,13648,37337,16736,31503,9828,25042,39948
1/8/2022 7 a.m. EST,24675,33528,31129,19865,108941,85044,14144,37562,17417,32324,9943,25444,40511
1/8/2022 8 a.m. EST,24921,34600,31745,21310,112100,86849,14586,38299,18110,33508,10271,25726,41460
1/8/2022 9 a.m. EST,25515,34908,32400,23267,112958,88500,15266,39672,18708,34038,10737,25867,42491
1/8/2022 10 a.m. EST,26649,33956,32802,24606,110877,89271,15630,41406,18983,33531,10975,25265,43639
1/8/2022 11 a.m. EST,27438,32243,33083,25299,108256,89288,15685,43019,18986,32169,11168,24215,44380
1/8/2022 12 p.m. EST,27865,30271,33083,25743,106836,88549,15559,43970,18812,30474,11222,23183,44722
1/8/2022 1 p.m. EST,27337,28444,32661,26146,105460,87944,15313,44017,18542,29003,10743,21734,44450
1/8/2022 2 p.m. EST,26800,27033,32044,26466,103219,87249,15066,43498,18335,27700,10175,20539,43914
1/8/2022 3 p.m. EST,26240,26149,31438,26767,101467,86106,14948,42815,18331,27205,9822,19475,43158
1/8/2022 4 p.m. EST,25613,25898,30906,26900,101283,85214,15209,42162,18621,26685,9641,18812,42379
1/8/2022 5 p.m. EST,25375,26771,30586,26839,101811,83583,16049,41625,19384,26267,9581,18666,41801
1/8/2022 6 p.m. EST,25837,28954,30730,26889,106755,84906,17098,41681,20489,26585,9804,19210,41613
1/8/2022 7 p.m. EST,26618,30463,31579,27512,108645,86753,17031,42545,20523,28177,9986,20348,42002
1/8/2022 8 p.m. EST,28750,30556,31798,26588,107724,86235,16613,44724,20157,28319,10847,20346,42649
1/8/2022 9 p.m. EST,31668,30301,31365,25358,106279,84356,16121,46072,19725,28140,11257,20189,42067
1/8/2022 10 p.m. EST,32188,29609,30768,24024,104602,82303,15478,45660,19131,27561,11096,19780,41193
1/8/2022 11 p.m. EST,31846,28377,30168,22523,101903,79601,14681,45148,18307,26635,11040,19270,40293
1/9/2022 12 a.m. EST,31228,27228,29369,20854,98184,76805,13841,44091,17474,25353,10859,18575,38986
1/9/2022 1 a.m. EST,30374,26133,28558,19228,94636,74705,13206,42568,16673,24251,10581,17895,37429
1/9/2022 2 a.m. EST,28960,25432,27986,18073,92532,73798,12758,40772,16120,23574,10326,17349,36015
1/9/2022 3 a.m. EST,27534,25093,27773,17416,91269,72474,12760,39663,15726,23075,10021,17029,35063
1/9/2022 4 a.m. EST,26488,24826,27735,17041,90604,71757,12669,39124,15506,22739,9881,16706,34590
1/9/2022 5 a.m. EST,25687,24921,27765,16987,90585,70866,12927,38873,15465,22764,9917,16606,34492
1/9/2022 6 a.m. EST,25208,25297,28201,17284,90997,70784,13110,38852,15627,22964,9885,16587,34557
1/9/2022 7 a.m. EST,24943,25914,28853,18198,91871,71741,13227,39279,15974,23520,10026,16749,35117
1/9/2022 8 a.m. EST,25027,26604,29715,19423,92938,73130,13396,40132,16429,24298,10349,16948,36045
1/9/2022 9 a.m. EST,25640,27153,30723,21440,94013,75275,14014,41566,17016,25062,10831,17377,37206
1/9/2022 10 a.m. EST,26600,26800,31461,23376,95440,77492,14687,43401,17694,25705,11133,17811,38565
1/9/2022 11 a.m. EST,27046,25788,31683,24842,97490,79064,15102,44677,18220,25825,11122,17974,40155
1/9/2022 12 p.m. EST,26771,24745,31482,26121,98608,80105,15346,45472,18556,25710,10813,18138,41348
1/9/2022 1 p.m. EST,26206,24075,31224,27135,99244,80541,15370,45184,18771,25745,10267,18264,42212
1/9/2022 2 p.m. EST,25225,23655,30862,27901,99068,80739,15282,44172,18778,25388,9811,18211,42438
1/9/2022 3 p.m. EST,24102,23168,30432,28310,98792,80687,15306,43040,18757,25055,9445,18292,42602
1/9/2022 4 p.m. EST,23758,23064,30073,28370,98385,80714,15453,41982,18839,24845,9352,18279,42402
1/9/2022 5 p.m. EST,23807,23294,30085,28276,98770,81629,16066,41204,19336,24703,9413,18542,42051
1/9/2022 6 p.m. EST,24418,24416,30819,28555,101867,84704,16615,40974,19885,25521,9693,19133,42131
1/9/2022 7 p.m. EST,25392,25013,32539,29310,102614,89041,16287,42079,19713,26328,10053,19851,43360
1/9/2022 8 p.m. EST,28332,24514,33608,28334,101648,89891,15633,45112,19299,26150,11028,20178,45191
1/9/2022 9 p.m. EST,31567,23876,33712,27052,100095,89587,14941,47195,18798,25559,11525,20407,45412
1/9/2022 10 p.m. EST,32086,22774,33560,25299,97829,88152,14052,47089,18052,24713,11448,20173,44922
1/9/2022 11 p.m. EST,31664,21627,33041,23160,94861,85835,13517,46696,17170,23477,11318,19801,43980
1/10/2022 12 a.m. EST,30915,20532,32124,20914,92271,82855,12904,45519,16305,22322,10962,19394,42256
1/10/2022 1 a.m. EST,29921,20019,31338,19183,91276,81445,12351,43797,15754,21511,10440,19121,40599
1/10/2022 2 a.m. EST,28187,19790,30975,17770,90206,81055,12394,41726,15370,21282,10073,19088,39499
1/10/2022 3 a.m. EST,26500,19953,30956,17071,90341,80510,12362,40103,15183,21219,9702,19372,39198
1/10/2022 4 a.m. EST,25826,20403,31092,16758,90754,80742,12359,39247,15224,21530,9546,19866,39392
1/10/2022 5 a.m. EST,25184,21351,31376,17014,92575,81704,12366,39067,15616,22378,9523,20437,39933
1/10/2022 6 a.m. EST,24822,23294,32085,18280,97349,83791,12932,39370,16548,23963,9655,21504,41282
1/10/2022 7 a.m. EST,24816,26074,33585,20454,105050,88035,14483,40244,18050,26625,10042,23234,44195
1/10/2022 8 a.m. EST,25577,28000,35861,22006,111335,93895,15610,41905,19332,29055,10756,25056,48472
1/10/2022 9 a.m. EST,27267,28591,37359,23153,112679,97673,15636,45033,19757,29957,11766,25528,51016
1/10/2022 10 a.m. EST,30021,28284,36976,24558,111361,97418,15297,47980,19760,30097,12161,24470,51100
1/10/2022 11 a.m. EST,31953,27597,35694,26010,109272,95874,15050,49126,19715,29717,11725,23213,49914
1/10/2022 12 p.m. EST,31974,26829,34611,27343,107829,94245,14921,48899,19719,29017,11200,22231,48422
1/10/2022 1 p.m. EST,31489,25989,33560,28485,106947,92365,14935,48246,19764,28613,10580,21337,46700
1/10/2022 2 p.m. EST,30398,25362,32510,29066,106193,90794,15118,47219,19795,27933,10114,20595,45106
1/10/2022 3 p.m. EST,29230,24903,31683,29434,105900,89200,15399,46183,19905,27286,9902,19968,43844
1/10/2022 4 p.m. EST,28502,24994,30943,29329,106798,88156,16063,45306,20351,27031,9795,19552,42628
1/10/2022 5 p.m. EST,28309,25699,30474,29244,109233,88225,17093,44469,21194,27187,9849,19770,41987
1/10/2022 6 p.m. EST,28507,27959,30731,29319,114948,90517,18164,44279,22220,28237,10036,20809,42595
1/10/2022 7 p.m. EST,29547,30047,32085,29966,117256,94896,18062,44999,22128,30672,10450,22601,44780
1/10/2022 8 p.m. EST,31579,30671,33355,28940,116904,96528,17601,47161,21691,31480,11396,23220,47516
1/10/2022 9 p.m. EST,34078,30699,33515,27187,115543,95907,16927,48452,21123,31128,11906,23234,47867
1/10/2022 10 p.m. EST,34307,30209,33544,25285,112562,94751,16040,47986,20258,30796,11796,22965,47797
1/10/2022 11 p.m. EST,33691,29439,33124,23193,108693,92284,14998,47040,19171,30081,11602,22572,46936
1/11/2022 12 a.m. EST,32746,28721,32030,20882,105067,89223,14154,45369,18261,29206,11189,21888,45136
1/11/2022 1 a.m. EST,31406,28372,31193,19196,103604,87227,13883,43277,17625,29171,10609,21423,43626
1/11/2022 2 a.m. EST,29423,28542,30744,17958,102597,86362,13598,40910,17247,28900,10116,21226,42582
1/11/2022 3 a.m. EST,27616,28842,30592,17351,102724,86438,13552,39410,17076,29319,9824,21161,42458
1/11/2022 4 a.m. EST,26878,29426,30569,17222,103561,86311,13904,38388,17056,29627,9638,21394,42623
1/11/2022 5 a.m. EST,25979,30532,30854,17760,105119,86528,14239,37799,17352,30182,9602,21792,43287
1/11/2022 6 a.m. EST,25564,32512,31496,19219,109486,87966,15029,37743,18151,31620,9709,22646,44411
1/11/2022 7 a.m. EST,25370,35208,32737,21831,116938,92721,16276,38240,19550,34369,10097,24059,47288
1/11/2022 8 a.m. EST,26047,36370,34905,23759,122249,98538,17388,39674,20713,36614,10815,25668,51248
1/11/2022 9 a.m. EST,27816,35850,36167,24834,122554,101211,17578,42391,21232,36774,11795,25934,53119
1/11/2022 10 a.m. EST,30693,34108,35630,25190,119454,99752,17201,45279,21335,35314,12159,24749,52285
1/11/2022 11 a.m. EST,32318,31870,34213,25159,116222,96770,16700,46440,21114,33495,11901,23296,50442
1/11/2022 12 p.m. EST,31575,29967,32916,25024,113477,93858,16354,46210,20968,31827,11490,22164,48647
1/11/2022 1 p.m. EST,30212,28607,31926,24983,112124,90947,16134,45738,20890,30640,10811,21210,47395
1/11/2022 2 p.m. EST,28593,27674,31000,24938,111010,88380,16229,44984,20867,29886,10251,20377,46193
1/11/2022 3 p.m. EST,27516,27014,30341,24812,110026,86784,16635,44290,20934,29220,9912,19596,45223
1/11/2022 4 p.m. EST,27259,26931,29592,24852,110224,85134,17479,43733,21317,28296,9818,19213,44489
1/11/2022 5 p.m. EST,27635,27948,29109,25154,112448,84726,18621,43192,22210,28563,9866,19230,44430
1/11/2022 6 p.m. EST,28287,30482,29386,26096,118435,86713,19604,43288,23237,29414,10087,20344,45230
1/11/2022 7 p.m. EST,29252,32828,30648,27572,120973,91042,19526,43985,23155,31414,10366,22105,46881
1/11/2022 8 p.m. EST,31286,33514,31630,27110,120381,91956,19127,45863,22698,32538,11264,22827,48354
1/11/2022 9 p.m. EST,33928,33661,31623,25981,118948,90929,18444,46832,22036,32670,11772,23130,48182
1/11/2022 10 p.m. EST,34181,33218,31331,24461,115822,88944,17522,46181,21149,32347,11659,23025,47689
1/11/2022 11 p.m. EST,33352,32253,30623,22490,111099,85981,16385,45276,20048,31433,11580,22477,46239
1/12/2022 12 a.m. EST,32456,31529,29581,20447,106751,82870,15464,43870,18998,30463,11249,21851,43870
1/12/2022 1 a.m. EST,31166,31326,28637,19022,104022,81147,14882,41865,18204,29906,10693,21537,41777
1/12/2022 2 a.m. EST,29227,31567,28150,18166,102311,79655,14536,39710,17646,30294,10281,21374,40481
1/12/2022 3 a.m. EST,27468,32045,28047,17784,101361,78607,14339,37991,17325,30521,9995,21218,39895
1/12/2022 4 a.m. EST,26542,32729,28104,17782,101126,78217,14317,37044,17211,30953,9892,21428,39591
1/12/2022 5 a.m. EST,25804,33871,28324,18299,102928,77458,14601,36366,17366,31810,9930,21797,39942
1/12/2022 6 a.m. EST,25429,35819,28863,19845,106511,78482,15374,36128,18056,33177,9999,22467,41043
1/12/2022 7 a.m. EST,25438,38078,30175,22438,112708,82188,16725,36602,19342,35743,10362,23808,43542
1/12/2022 8 a.m. EST,26010,39090,32338,24170,116871,87533,17638,38055,20373,37735,11046,25014,47084
1/12/2022 9 a.m. EST,27681,38189,33839,24791,115855,90330,17530,40751,20662,37555,12134,24928,49037
1/12/2022 10 a.m. EST,30673,35055,33579,24884,111656,89701,16982,43503,20635,35620,12604,23562,48658
1/12/2022 11 a.m. EST,32392,31645,32530,24803,108126,87820,16395,44580,20422,33138,12378,22042,47404
1/12/2022 12 p.m. EST,31891,29205,31539,24602,105111,85811,16303,44269,20311,31066,11766,20818,46077
1/12/2022 1 p.m. EST,30650,27460,30658,24796,103866,83910,16015,43732,20087,29371,10941,19780,44532
1/12/2022 2 p.m. EST,29262,26348,29880,24765,103319,82245,16068,42707,19960,28601,10428,18984,43006
1/12/2022 3 p.m. EST,28391,25464,29442,24804,102503,80963,16210,42152,19943,27833,10078,18340,41586
1/12/2022 4 p.m. EST,28284,25333,28945,24950,102055,79884,16452,41545,20163,27759,9898,18021,40599
1/12/2022 5 p.m. EST,28347,25978,28720,25249,101583,79783,17131,40976,20604,27826,9849,17927,40218
1/12/2022 6 p.m. EST,28691,27873,28916,26098,106013,81590,17934,40849,21338,28223,9923,18665,40552
1/12/2022 7 p.m. EST,30122,29854,29977,27397,107782,85269,17707,41658,21165,29972,10185,20207,42020
1/12/2022 8 p.m. EST,32466,30305,30937,26671,106554,86453,17107,43582,20689,30686,11077,20780,44103
1/12/2022 9 p.m. EST,34233,30351,30838,25485,104858,85820,16376,45063,20005,30895,11642,20960,44224
1/12/2022 10 p.m. EST,34009,29849,30625,23817,101544,84291,15428,44887,19194,30456,11586,20815,43992
1/12/2022 11 p.m. EST,33343,28969,29988,21903,98004,81642,14274,44271,18031,29595,11538,20083,43099
1/13/2022 12 a.m. EST,32381,28152,28979,19876,94573,78894,13326,42992,17019,28560,11301,19304,41409
1/13/2022 1 a.m. EST,31151,27842,28181,18231,91927,76977,13032,41149,16294,28047,10733,18667,39877
1/13/2022 2 a.m. EST,29127,28056,27759,17288,91854,75763,12958,38958,15786,28141,10343,18336,39048
1/13/2022 3 a.m. EST,27448,28493,27630,16778,92077,75091,13014,37364,15530,28334,10077,18203,38729
1/13/2022 4 a.m. EST,26442,29151,27636,16684,92412,74943,13335,36439,15442,28596,9959,18230,39027
1/13/2022 5 a.m. EST,25724,30443,27834,17097,93805,75176,13633,36088,15653,29249,9967,18300,39680
1/13/2022 6 a.m. EST,25257,32402,28474,18539,96327,76513,14078,36039,16394,30508,10103,18742,41072
1/13/2022 7 a.m. EST,25262,35098,29753,21055,102939,80958,14933,36552,17799,32880,10504,19971,43792
1/13/2022 8 a.m. EST,25638,36389,31866,22897,107969,86683,15837,37976,18820,34828,11270,21410,47704
1/13/2022 9 a.m. EST,27250,35615,33314,23689,108024,89672,16048,40645,19157,34705,12290,21726,49595
1/13/2022 10 a.m. EST,29973,33133,32987,23989,105441,89053,15724,43816,19132,33214,12727,21263,48319
1/13/2022 11 a.m. EST,31519,30561,31903,24188,102440,87045,15154,44948,19024,31004,12278,20267,45822
1/13/2022 12 p.m. EST,31660,28482,31109,24674,99658,85126,14937,44498,18761,29115,11641,19584,43628
1/13/2022 1 p.m. EST,31211,27323,30328,25023,98286,83180,14767,44577,18470,28377,10836,18970,41887
1/13/2022 2 p.m. EST,30610,26505,29607,25176,97876,81538,14804,43697,18448,27581,10254,18666,40698
1/13/2022 3 p.m. EST,30316,25974,29147,25223,97414,80769,15092,42836,18502,26926,9868,18495,40131
1/13/2022 4 p.m. EST,30354,25737,28766,25283,97460,79645,15204,42320,18797,26626,9700,18190,39812
1/13/2022 5 p.m. EST,29928,26051,28546,25475,98110,79431,15909,41878,19493,26585,9722,18271,39787
1/13/2022 6 p.m. EST,30028,27520,28562,25835,101974,81165,16877,41777,20312,26716,9929,18660,40045
1/13/2022 7 p.m. EST,31062,28739,29391,27024,103417,84181,16725,42365,20191,28416,10118,19764,40644
1/13/2022 8 p.m. EST,32179,28743,30095,26620,102290,85207,16247,43985,19735,28657,10950,20131,42040
1/13/2022 9 p.m. EST,34085,28341,29827,25577,100392,84703,15603,45321,19140,28899,11407,20234,41812
1/13/2022 10 p.m. EST,34135,27448,29531,22912,97509,83498,14713,45025,18328,28069,11322,19958,41230
1/13/2022 11 p.m. EST,33381,26198,28945,23190,93649,81119,13646,44193,17224,27037,11243,19492,40266
1/14/2022 12 a.m. EST,32409,25148,28129,24785,90650,78661,13172,42867,16252,25945,10920,18783,38605
1/14/2022 1 a.m. EST,30960,24502,27474,18820,88486,76698,12843,41285,15580,25933,10478,18304,36919
1/14/2022 2 a.m. EST,29061,24373,27140,17928,88443,75268,12475,39050,15094,25824,10126,18238,36052
1/14/2022 3 a.m. EST,27290,24567,27156,17596,88153,74574,12581,37217,14831,25845,9853,18325,35910
1/14/2022 4 a.m. EST,26254,25027,27182,17587,88584,74748,12601,36247,14758,25917,9664,18558,36161
1/14/2022 5 a.m. EST,25633,26003,27417,18082,90205,75626,12819,36041,14987,26435,9610,19014,36837
1/14/2022 6 a.m. EST,25061,27615,28027,19567,92826,76956,13313,36121,15767,28004,9676,19838,38153
1/14/2022 7 a.m. EST,25053,30177,29147,22266,98284,81110,13984,36820,17137,30598,9993,21308,40935
1/14/2022 8 a.m. EST,25623,31762,30971,24293,103142,86435,15008,38308,18315,32726,10609,22906,44855
1/14/2022 9 a.m. EST,27164,31530,32425,25088,104232,89742,15393,41092,18864,33039,11523,23246,47135
1/14/2022 10 a.m. EST,29987,29566,32656,24827,103186,90119,15439,43870,19139,31664,11931,22615,46745
1/14/2022 11 a.m. EST,31599,27760,32553,24596,101733,89338,15276,45432,19178,30022,11704,21468,44939
1/14/2022 12 p.m. EST,31337,26401,32172,24061,100359,88361,15078,45818,19193,28467,11511,20456,43262
1/14/2022 1 p.m. EST,30173,25451,31702,23738,99629,87137,14971,45668,19110,27091,10890,19527,42047
1/14/2022 2 p.m. EST,28922,24604,31201,23542,99044,86029,14896,45033,19044,26559,10454,18804,41398
1/14/2022 3 p.m. EST,28051,24255,30714,23487,98675,85151,14895,44230,19102,26066,10186,18303,41098
1/14/2022 4 p.m. EST,27619,24021,30323,23649,98247,84428,15283,43629,19434,25648,9946,17878,40899
1/14/2022 5 p.m. EST,27746,24301,30145,23936,100671,83932,16149,42881,20159,25549,9929,17927,40657
1/14/2022 6 p.m. EST,28190,25810,30337,24506,105444,84892,17085,42553,21172,26092,10020,18484,40744
1/14/2022 7 p.m. EST,28960,27370,31171,25775,106600,87135,17051,43167,21185,27755,10109,19818,41011
1/14/2022 8 p.m. EST,30588,27768,31711,25353,105701,87241,16729,44803,20879,28270,10864,20139,42017
1/14/2022 9 p.m. EST,33068,27950,31419,24557,104356,85896,16346,45929,20465,28377,11339,20219,41495
1/14/2022 10 p.m. EST,33079,27766,31115,23670,102533,84313,15810,45279,19950,28070,11261,20161,40822
1/14/2022 11 p.m. EST,32362,27197,30706,22523,99559,81989,15104,44612,19214,27435,11154,19897,39766
1/15/2022 12 a.m. EST,31481,26595,30108,21270,96437,79316,14454,43398,18390,26708,10923,19294,38417
1/15/2022 1 a.m. EST,30440,26290,29465,20304,94979,76780,14001,41780,17805,26021,10585,18776,37187
1/15/2022 2 a.m. EST,28995,26385,29124,19615,94960,75051,13760,40000,17463,25547,10286,18428,36102
1/15/2022 3 a.m. EST,27394,26579,29020,19386,94843,74018,13708,38684,17287,25356,10038,18188,35690
1/15/2022 4 a.m. EST,26097,26923,29147,19442,95577,73608,13792,37692,17252,25400,9825,17994,35805
1/15/2022 5 a.m. EST,25215,27621,29435,19829,96951,73733,14026,37205,17391,25604,9778,18023,36388
1/15/2022 6 a.m. EST,24663,28640,29876,20761,99216,74868,14508,37091,17741,26199,9762,18241,37385
1/15/2022 7 a.m. EST,24323,29924,30690,22361,101890,76781,15294,37399,18452,27160,9908,18688,39140
1/15/2022 8 a.m. EST,24422,31048,31756,24442,105377,79448,16047,38291,19170,28348,10250,19240,41553
1/15/2022 9 a.m. EST,25162,31589,33044,26078,107553,81890,16264,39694,19686,29099,10678,19645,44269
1/15/2022 10 a.m. EST,26418,30905,34116,26006,107987,83992,15770,41274,19861,29306,10991,20420,46568
1/15/2022 11 a.m. EST,27332,29937,34917,25112,107655,85224,15229,42711,19881,29058,11090,20585,48372
1/15/2022 12 p.m. EST,28105,29044,35441,24147,106732,85121,15044,43607,19936,28322,10957,20427,49151
1/15/2022 1 p.m. EST,28554,28342,35497,23565,105198,84623,15091,43796,19905,27588,10440,20267,49318
1/15/2022 2 p.m. EST,28657,27981,35304,23155,103689,83703,15298,43407,20007,27007,9960,19969,49080
1/15/2022 3 p.m. EST,28094,27698,34973,23047,103079,82979,15891,42539,20252,26939,9821,19624,48770
1/15/2022 4 p.m. EST,27819,27662,34619,23315,103707,82559,16931,41712,20561,26829,9810,19593,48520
1/15/2022 5 p.m. EST,27555,28111,34495,23629,106201,83268,18230,41026,21349,27185,9888,19658,48594
1/15/2022 6 p.m. EST,27343,29576,34814,24020,110919,85930,19112,40744,22285,27696,10119,20168,49281
1/15/2022 7 p.m. EST,28113,30459,35794,24995,113141,90141,19001,41682,22311,28734,10189,20817,51006
1/15/2022 8 p.m. EST,29008,30292,36350,24356,112499,90885,18569,43827,21955,28570,10882,20778,52999
1/15/2022 9 p.m. EST,31397,30031,36034,23431,111891,90312,18063,45352,21578,28267,11301,20449,53138
1/15/2022 10 p.m. EST,31783,29499,35474,22304,110143,89352,17368,44954,21031,27616,11182,20017,52849
1/15/2022 11 p.m. EST,31003,28699,34863,20975,107478,87378,16593,44369,20304,26737,11110,19507,52114
1/16/2022 12 a.m. EST,30333,27851,33978,19627,105089,85153,15785,43357,19490,26078,10965,18882,50818
1/16/2022 1 a.m. EST,29379,27221,33051,18167,103025,82959,15185,41736,18819,25358,10559,18408,49564
1/16/2022 2 a.m. EST,28042,26928,32453,17254,101725,81791,15115,40028,18309,25434,10289,18120,48532
1/16/2022 3 a.m. EST,26541,27154,32053,16705,101334,80936,14943,38532,18000,25757,10056,18035,48041
1/16/2022 4 a.m. EST,25442,27773,31898,16461,101482,80888,14887,37543,17861,25989,9951,18155,47892
1/16/2022 5 a.m. EST,24489,28598,31986,16420,102475,81159,14974,37023,17925,26239,9921,18335,48209
1/16/2022 6 a.m. EST,23929,29830,32262,16813,104058,81920,15222,36948,18131,26783,9919,18605,48828
1/16/2022 7 a.m. EST,23561,31278,32659,17593,106409,83431,15455,37134,18552,27399,10053,19322,49897
1/16/2022 8 a.m. EST,23648,33007,33358,18742,109072,85540,15989,37816,19107,28755,10355,20122,51321
1/16/2022 9 a.m. EST,24090,34727,34052,20952,110561,87622,15983,39017,19469,30161,10786,20949,52836
1/16/2022 10 a.m. EST,24953,36013,34470,22950,111021,89033,15334,40426,19372,31601,11132,21778,53004
1/16/2022 11 a.m. EST,25455,36459,34289,24285,110357,89281,14660,41564,19158,32386,11113,22307,51568
1/16/2022 12 p.m. EST,25617,36277,33619,24820,109749,88305,14252,42555,19043,32572,10785,22633,49100
1/16/2022 1 p.m. EST,25278,35650,32814,25016,109552,86934,14349,42832,19121,32542,10138,22828,46524
1/16/2022 2 p.m. EST,24831,34358,31972,24306,109170,85461,14733,42353,19258,32410,9562,22801,44055
1/16/2022 3 p.m. EST,24310,33302,31015,23777,108934,83814,15081,41888,19536,32853,9291,22577,42001
1/16/2022 4 p.m. EST,24160,32315,30312,23506,109336,82516,16047,41293,19999,32661,9179,22482,40526
1/16/2022 5 p.m. EST,24381,31861,30017,23708,111319,82463,17173,40912,20693,32554,9186,22653,39700
1/16/2022 6 p.m. EST,24889,32205,30196,24297,114346,84775,18033,40865,21409,32923,9422,23069,39520
1/16/2022 7 p.m. EST,26174,32482,31490,25547,114097,88673,17778,41642,21160,34119,9713,23966,41004
1/16/2022 8 p.m. EST,27906,31646,32462,24994,111530,89497,17145,43617,20736,33799,10464,23728,43507
1/16/2022 9 p.m. EST,30476,31109,32460,24290,109192,88817,16489,45324,20266,33382,11135,23495,44787
1/16/2022 10 p.m. EST,31045,30266,32123,23130,106018,87377,15654,44993,19550,32525,11011,23055,45101
1/16/2022 11 p.m. EST,30466,29353,31691,21666,102153,85423,14687,44198,18582,31466,10914,22478,45050
1/17/2022 12 a.m. EST,29698,28639,30893,20023,98522,82760,13829,42954,17645,30260,10648,21916,44281
1/17/2022 1 a.m. EST,28624,28228,30210,18912,95652,80591,13439,41272,16914,29763,10256,21456,43498
1/17/2022 2 a.m. EST,27250,28104,29763,18175,94081,79545,13294,39574,16412,29413,9973,21203,43176
1/17/2022 3 a.m. EST,25832,28153,29668,17885,93016,79030,13079,38267,16089,29339,9700,21080,43189
1/17/2022 4 a.m. EST,24911,28327,29790,17905,92559,78836,13036,37479,15936,29574,9701,21192,43636
1/17/2022 5 a.m. EST,24281,28754,30163,18411,93679,79331,13267,37262,16029,29968,9712,21382,44580
1/17/2022 6 a.m. EST,23742,29662,30808,19646,96786,81415,13554,37334,16388,30861,9749,21649,46006
1/17/2022 7 a.m. EST,23798,30934,31885,21533,99730,85206,14003,37894,17093,32428,10075,22357,48545
1/17/2022 8 a.m. EST,24324,32050,33488,23418,103219,89545,14685,39375,17747,34035,10642,23301,51503
1/17/2022 9 a.m. EST,25844,32515,34742,25005,105458,92912,15247,41687,18450,34934,11355,23851,53590
1/17/2022 10 a.m. EST,27806,32198,34701,25793,106424,93615,15732,43993,18927,35187,11757,24307,52873
1/17/2022 11 a.m. EST,29124,31263,33838,25945,107612,93155,15811,45225,19110,35037,11837,24617,50206
1/17/2022 12 p.m. EST,29751,30362,32908,25636,108662,92208,15422,45455,19714,34696,11822,24797,47364
1/17/2022 1 p.m. EST,29561,29753,32074,25214,109098,90727,15743,45462,20049,33960,11148,24767,44998
1/17/2022 2 p.m. EST,29118,29240,31152,24730,109388,89144,15707,45377,20180,33692,10626,24550,43114
1/17/2022 3 p.m. EST,29013,29004,30612,24330,109245,87822,15555,44881,20114,33428,10138,24299,41638
1/17/2022 4 p.m. EST,28841,28932,29884,24219,109327,86399,15878,44292,20195,33035,9873,24101,40727
1/17/2022 5 p.m. EST,29012,29616,29450,24545,110800,85922,16546,43789,20635,32822,9920,24017,40338
1/17/2022 6 p.m. EST,29024,31639,29546,25807,114476,87206,17231,43709,21320,33282,10120,24332,40478
1/17/2022 7 p.m. EST,29710,33243,30564,27818,114925,90424,16912,44456,21070,34834,10329,24977,41425
1/17/2022 8 p.m. EST,31042,33150,31834,27764,113119,91669,16287,46185,20506,35449,11140,24911,43738
1/17/2022 9 p.m. EST,33329,32708,31882,27020,110833,90811,15575,47259,19882,35221,11649,24596,44225
1/17/2022 10 p.m. EST,33542,31845,31455,25659,107258,89238,14644,46858,19006,34328,11556,24230,43958
1/17/2022 11 p.m. EST,32862,30788,30850,23978,102937,86499,13738,45991,17961,33232,11439,23457,43094
1/18/2022 12 a.m. EST,31943,29916,29852,22335,100424,83218,13094,44255,17037,32055,11133,22699,41493
1/18/2022 1 a.m. EST,30593,29519,29098,21281,98490,80623,12901,41982,16408,31864,10579,22124,39814
1/18/2022 2 a.m. EST,28639,29611,28675,20776,97440,79098,13030,39812,16035,31797,10121,21920,38862
1/18/2022 3 a.m. EST,26804,30039,28409,20813,97037,78386,12961,38239,15812,32491,9722,21973,38450
1/18/2022 4 a.m. EST,25684,30837,28473,21240,97074,78438,13102,37263,15816,32981,9536,22013,38516
1/18/2022 5 a.m. EST,24885,32009,28696,22380,97915,79322,13367,36845,16096,33640,9468,22389,39013
1/18/2022 6 a.m. EST,24530,33824,29186,24802,100354,81520,13883,36707,16926,35204,9542,23052,40140
1/18/2022 7 a.m. EST,24640,36368,30514,28486,105829,86227,14915,37295,18303,38102,9811,24358,42688
1/18/2022 8 a.m. EST,24982,38079,32604,31083,110963,92146,15942,38862,19468,40200,10537,25746,46454
1/18/2022 9 a.m. EST,26647,37655,33930,31515,111229,94920,15978,41833,19845,40076,11694,26151,47966
1/18/2022 10 a.m. EST,29126,35109,33592,30171,110005,93672,15481,44855,19917,37891,12030,25169,46885
1/18/2022 11 a.m. EST,30796,32402,32689,28388,108891,90915,14707,46465,19937,35198,11830,23516,45126
1/18/2022 12 p.m. EST,31036,30294,31828,26812,108363,88317,14313,46573,20009,32980,11598,22367,43478
1/18/2022 1 p.m. EST,30351,28708,31040,25601,107105,86154,14234,45982,19777,31353,11114,21417,42264
1/18/2022 2 p.m. EST,29367,27539,30384,24488,106254,84314,14553,45115,19542,30137,10730,20617,41286
1/18/2022 3 p.m. EST,28629,26697,29868,23653,104955,82713,14864,44411,19473,28919,10428,19831,40805
1/18/2022 4 p.m. EST,27976,26508,29303,23475,104039,81226,15744,43996,19839,28222,10223,19308,40603
1/18/2022 5 p.m. EST,27975,26907,29095,23987,104507,81222,17018,43557,20617,28224,10175,19349,40626
1/18/2022 6 p.m. EST,27986,29010,29330,25493,109730,83123,18208,43502,21662,29070,10329,19955,40852
1/18/2022 7 p.m. EST,28506,31423,30169,27999,112389,86768,18148,44119,21710,31030,10538,21405,41326
1/18/2022 8 p.m. EST,30401,32129,31096,28335,112084,87920,17677,45830,21261,31961,11391,22005,42733
1/18/2022 9 p.m. EST,33149,32289,30978,27877,110340,86878,17068,46873,20639,32227,12026,21913,42451
1/18/2022 10 p.m. EST,33571,31942,30768,26806,107668,85230,16162,46211,19834,31766,11941,21591,41628
1/18/2022 11 p.m. EST,32791,31107,30115,25163,103453,82108,15119,45591,18769,30694,11712,20949,40170
1/19/2022 12 a.m. EST,31832,30518,29132,24135,101029,78863,14218,44135,17733,29792,11256,20122,38099
1/19/2022 1 a.m. EST,30742,30254,28222,22728,98663,77111,13669,41976,17044,29074,10595,19474,35943
1/19/2022 2 a.m. EST,28813,30485,27742,22433,97104,75774,13652,39648,16573,29339,10068,18947,34443
1/19/2022 3 a.m. EST,26940,30870,27744,22483,96469,74874,13577,37993,16323,29343,9681,18744,33486
1/19/2022 4 a.m. EST,25734,31421,27851,22923,96321,74345,13606,37092,16246,29576,9502,18569,33145
1/19/2022 5 a.m. EST,25038,32405,28109,23895,97061,74620,13616,36644,16413,30374,9399,18656,33303
1/19/2022 6 a.m. EST,24649,34050,28781,25936,100119,76373,14423,36690,17095,31437,9511,18856,33886
1/19/2022 7 a.m. EST,24590,36103,30180,29243,105852,79629,15858,37215,18397,33825,9858,19846,35745
1/19/2022 8 a.m. EST,25175,37175,32535,31156,110385,84895,16791,38720,19436,35685,10457,20927,38941
1/19/2022 9 a.m. EST,26857,36320,34257,30790,110358,87695,16797,41599,19847,35300,11382,21134,40553
1/19/2022 10 a.m. EST,29590,33437,34665,28616,107711,88013,16457,44629,19988,33152,11734,20901,40855
1/19/2022 11 a.m. EST,31374,30329,35090,26449,104764,87313,16022,45961,19950,30851,11462,20653,41408
1/19/2022 12 p.m. EST,31316,28388,35266,24993,102800,86806,15453,45932,19816,28912,11211,20426,41831
1/19/2022 1 p.m. EST,30626,26741,35227,24252,101122,86475,15366,45872,19457,27670,10437,20022,41941
1/19/2022 2 p.m. EST,29650,25850,35122,23643,100076,86328,15155,45291,19027,26886,9841,19636,42190
1/19/2022 3 p.m. EST,28364,24962,35105,23458,99510,86571,15351,44847,18810,26699,9648,19397,42606
1/19/2022 4 p.m. EST,27355,24903,34969,23515,99400,86515,15578,44488,19026,26367,9519,19148,42874
1/19/2022 5 p.m. EST,27048,25306,35098,24017,100836,87372,16195,44094,19635,26178,9600,19233,43097
1/19/2022 6 p.m. EST,27483,26599,35597,25034,104893,89567,17126,44061,20583,26148,9814,19638,43560
1/19/2022 7 p.m. EST,28325,28482,36729,26709,105884,92969,16974,44664,20532,27960,10171,20551,44905
1/19/2022 8 p.m. EST,30266,28699,37691,26407,104788,94193,16599,46064,20053,28410,11064,20814,46588
1/19/2022 9 p.m. EST,33063,28489,37615,25313,103119,93430,15956,47036,19391,28136,11598,20650,46834
1/19/2022 10 p.m. EST,33702,27580,37357,23845,100871,92024,14980,46368,18501,27394,11528,20481,46623
1/19/2022 11 p.m. EST,33085,26308,36754,21985,96898,89571,14108,45352,17416,26099,11339,19926,45887
1/20/2022 12 a.m. EST,32145,25030,35663,19899,93365,86875,13437,43948,16447,24864,10946,19331,44152
1/20/2022 1 a.m. EST,30874,24183,34878,18934,90461,84830,13107,42015,15689,24020,10394,18974,42679
1/20/2022 2 a.m. EST,28915,23839,34601,18285,89725,84218,12740,39646,15230,23502,9998,18795,42139
1/20/2022 3 a.m. EST,27190,23612,34488,18131,88932,83689,12585,38006,14978,23300,9674,18964,42145
1/20/2022 4 a.m. EST,26003,23781,34498,18330,88949,82969,12554,37051,14966,23368,9582,19283,42688
1/20/2022 5 a.m. EST,25182,24332,34757,19129,90617,83811,12820,36577,15300,23913,9593,19733,43935
1/20/2022 6 a.m. EST,25012,25820,35468,21022,93625,86260,13152,36490,16135,25114,9712,20537,45703
1/20/2022 7 a.m. EST,25061,27976,36865,24073,100251,91150,14136,37103,17585,27007,10086,22115,48871
1/20/2022 8 a.m. EST,25610,29099,39060,26150,105888,97022,15176,38494,18838,28585,10764,23761,53480
1/20/2022 9 a.m. EST,27271,29104,40618,26281,108505,100623,15723,41163,19525,29011,11920,24608,56605
1/20/2022 10 a.m. EST,30136,28655,40635,25544,109259,100982,16038,43882,19923,29058,12367,25162,57987
1/20/2022 11 a.m. EST,31660,28280,40180,24712,109573,99986,16098,45196,19942,29274,11958,25460,59112
1/20/2022 12 p.m. EST,31200,27910,39297,24540,109432,99045,15764,45156,19888,29246,11433,25749,59551
1/20/2022 1 p.m. EST,30163,27616,38684,24635,109012,97931,15171,44602,19642,29473,10592,25759,59369
1/20/2022 2 p.m. EST,28734,27512,37746,24757,108687,97132,14845,43985,19541,29722,10093,25576,58524
1/20/2022 3 p.m. EST,27603,27268,37022,25011,108440,96472,14902,43220,19587,29852,9742,25402,57709
1/20/2022 4 p.m. EST,27219,27375,36313,25364,108856,96297,15341,42987,19994,30133,9573,25406,56854
1/20/2022 5 p.m. EST,27186,27921,35995,25700,110951,96093,16476,42462,20681,30863,9544,25596,56911
1/20/2022 6 p.m. EST,27736,29283,36485,26371,115351,98305,17617,42369,21720,32033,9736,26228,58110
1/20/2022 7 p.m. EST,28447,30041,37780,27636,117494,102381,17599,43025,21820,33479,10014,27217,60085
1/20/2022 8 p.m. EST,30547,29964,38934,27038,116844,103727,17208,44714,21490,33864,10872,27503,62025
1/20/2022 9 p.m. EST,32916,29833,38995,25776,115488,102998,16677,46441,20992,33646,11624,27376,61885
1/20/2022 10 p.m. EST,33452,29243,38797,24061,112765,101832,15910,46477,20252,33105,11588,26972,61183
1/20/2022 11 p.m. EST,32763,28348,38185,22056,109093,99667,15192,45526,19222,31938,11466,26257,59639
1/21/2022 12 a.m. EST,31940,27607,37269,19978,106389,96922,14703,44242,18257,30882,11170,25541,57265
1/21/2022 1 a.m. EST,30741,27434,36522,18348,105852,94537,13985,42190,17601,30220,10724,24834,55331
1/21/2022 2 a.m. EST,28924,27573,36140,17345,105059,93719,13795,40147,17311,30271,10359,24655,54175
1/21/2022 3 a.m. EST,26925,27844,35988,16835,104775,93485,13992,38464,17152,30292,10117,24640,53632
1/21/2022 4 a.m. EST,26120,28475,36042,16785,105641,93384,14106,37452,17124,30352,10029,24699,53545
1/21/2022 5 a.m. EST,25315,29343,36221,17228,107220,93242,14537,37023,17400,30918,10092,25022,54179
1/21/2022 6 a.m. EST,24981,30939,36787,18676,110955,94937,15229,36934,18220,32274,10229,25527,55353
1/21/2022 7 a.m. EST,24946,32932,37893,21204,117740,98489,16490,37494,19715,34153,10630,26634,57885
1/21/2022 8 a.m. EST,25566,34770,39847,23050,123197,103842,17495,38870,20956,36229,11376,27856,61515
1/21/2022 9 a.m. EST,27102,35997,41244,24129,125073,107066,17508,41506,21461,36859,12602,28254,63504
1/21/2022 10 a.m. EST,29981,36744,40878,24791,123922,106773,16994,44354,21498,37311,13182,27940,62885
1/21/2022 11 a.m. EST,31650,36964,39767,25369,121515,104950,16234,46153,21265,37441,12690,27498,61309
1/21/2022 12 p.m. EST,30927,36840,38596,25852,118782,102883,15663,46806,20823,37343,11897,26934,59271
1/21/2022 1 p.m. EST,29694,36638,37372,26371,116537,100623,15512,46204,20479,36971,11108,26135,56500
1/21/2022 2 p.m. EST,28611,36461,36161,26810,114976,98122,15410,45653,20279,36625,10536,25575,53512
1/21/2022 3 p.m. EST,28029,36254,35168,27115,114478,95827,15923,44958,20319,36566,10171,24898,51059
1/21/2022 4 p.m. EST,27528,36408,34316,27503,114792,93974,16351,44099,20854,36323,9899,24681,48804
1/21/2022 5 p.m. EST,27306,36879,33726,27694,116654,93587,17545,43357,21703,36557,9888,24733,47597
1/21/2022 6 p.m. EST,27642,38111,33863,27921,120899,95434,18559,43004,22595,37250,10020,25194,47536
1/21/2022 7 p.m. EST,28149,38657,34834,28595,122515,99323,18455,43291,22611,37669,10246,26338,49133
1/21/2022 8 p.m. EST,30050,38172,35903,28554,121420,100606,18032,44672,22241,37394,11073,26473,52247
1/21/2022 9 p.m. EST,32566,38044,35874,26734,119678,99969,17501,45908,21729,37015,11646,26407,53311
1/21/2022 10 p.m. EST,33027,37436,35735,23358,117501,98773,16812,45553,21068,36255,11563,26259,53843
1/21/2022 11 p.m. EST,32208,36394,35224,23713,114038,96746,15896,44786,20215,35143,11449,25811,53754
1/22/2022 12 a.m. EST,31419,35591,34385,22406,111485,94004,15030,43669,19312,33908,11187,25351,52850
1/22/2022 1 a.m. EST,30355,34949,33612,19759,108906,92463,14439,42257,18577,33065,10832,24959,51639
1/22/2022 2 a.m. EST,28703,34671,33138,18725,108035,91265,14128,40505,18198,32689,10485,24913,50845
1/22/2022 3 a.m. EST,27124,34538,32827,18180,108125,91049,13978,39159,17917,32743,10202,25191,50676
1/22/2022 4 a.m. EST,26018,34495,32783,17979,108784,90597,13987,38155,17803,32821,10023,25398,50860
1/22/2022 5 a.m. EST,25153,34936,32906,18126,110064,90992,14155,37720,17907,32976,9943,25736,51548
1/22/2022 6 a.m. EST,24589,35813,33249,18773,112069,91391,14572,37630,18249,33138,9965,26254,52543
1/22/2022 7 a.m. EST,24306,36703,33917,19975,115445,93503,15255,37839,18913,34141,10100,26997,54174
1/22/2022 8 a.m. EST,24520,37645,34794,21616,118685,96111,15991,38784,19640,35357,10470,27812,56282
1/22/2022 9 a.m. EST,25204,38464,35618,24082,119583,98115,16292,40299,19950,36390,10996,28358,57995
1/22/2022 10 a.m. EST,26289,38185,35730,26296,117423,98541,15914,42110,19827,36883,11307,27668,57809
1/22/2022 11 a.m. EST,26765,37154,34882,27645,114186,97041,15365,43541,19628,36243,11536,26347,55813
1/22/2022 12 p.m. EST,26915,35600,33876,28466,111057,94432,14875,44306,19360,34878,11616,24941,53397
1/22/2022 1 p.m. EST,25973,33894,32656,28827,107798,91602,14498,44223,19091,33398,11163,23558,51011
1/22/2022 2 p.m. EST,25051,32248,31515,28596,105951,88588,14405,43528,18895,32077,10614,22255,48394
1/22/2022 3 p.m. EST,23873,30842,30504,28183,104527,86262,14830,42578,19004,30950,10064,21321,45994
1/22/2022 4 p.m. EST,23354,30187,29643,27865,104366,84687,15378,41507,19434,30103,9927,20585,44229
1/22/2022 5 p.m. EST,23372,30441,29266,27954,105557,84512,16511,40597,20114,29991,9968,20501,43397
1/22/2022 6 p.m. EST,24159,32381,29485,28548,109801,86114,17540,40335,21054,30929,10269,21230,43484
1/22/2022 7 p.m. EST,25007,34859,30766,29433,112682,90116,17488,40936,21184,32674,10438,22971,45005
1/22/2022 8 p.m. EST,27332,35615,32112,28898,112526,91995,17044,43101,20858,34003,11256,23738,47752
1/22/2022 9 p.m. EST,30212,36093,32337,28167,111818,91727,16561,44853,20458,34664,11527,24178,48591
1/22/2022 10 p.m. EST,30940,36129,32310,27146,110432,91018,15912,45000,19818,34851,11372,24233,48807
1/22/2022 11 p.m. EST,30375,35902,32129,25833,107449,89436,15127,44514,19007,34739,11201,24192,48519
1/23/2022 12 a.m. EST,29776,35761,31603,23988,104459,87237,14369,44083,18170,34229,10945,23853,47699
1/23/2022 1 a.m. EST,28952,35814,30908,23074,102299,85679,13770,42754,17492,34039,10539,23597,46671
1/23/2022 2 a.m. EST,27610,36222,30529,22312,101058,84675,13522,40969,16983,34496,10224,23623,45880
1/23/2022 3 a.m. EST,26174,36805,30333,21959,100468,83948,13527,39485,16662,34838,9904,23788,45330
1/23/2022 4 a.m. EST,25303,37263,30363,21889,100287,83860,13595,38553,16477,34962,9745,23982,45121
1/23/2022 5 a.m. EST,24453,38088,30548,22414,100657,83150,13625,38101,16438,35740,9684,24303,45203
1/23/2022 6 a.m. EST,23896,38885,30801,23198,101705,83835,13503,37883,16659,36800,9699,24691,45487
1/23/2022 7 a.m. EST,23756,39696,31263,24485,104007,85471,13938,38000,17087,38022,9783,25252,46284
1/23/2022 8 a.m. EST,23870,40566,31951,26436,105659,87441,14400,38728,17583,39226,10032,25918,47446
1/23/2022 9 a.m. EST,24413,40215,32661,28980,106425,89689,15026,40031,18023,39967,10471,26141,48607
1/23/2022 10 a.m. EST,25325,37913,32741,30711,105124,90580,15008,41741,18388,38509,10746,25245,49034
1/23/2022 11 a.m. EST,25662,34169,32022,31245,102674,89751,14784,43052,18452,36030,10690,23523,48030
1/23/2022 12 p.m. EST,25535,31244,31115,30853,102368,88221,14538,43790,18304,34078,10503,22071,46238
1/23/2022 1 p.m. EST,24661,29214,30382,29929,102025,86521,14285,43852,18285,32286,9993,20879,44045
1/23/2022 2 p.m. EST,23741,27634,29785,28872,101472,84487,14390,43469,18322,30840,9580,19833,42482
1/23/2022 3 p.m. EST,23107,26426,29028,27774,101798,82853,14783,42933,18531,29543,9311,19168,41048
1/23/2022 4 p.m. EST,22656,26170,28394,26945,102243,81815,15436,42234,18902,28901,9202,18597,39900
1/23/2022 5 p.m. EST,22665,26603,28251,27033,103796,81949,16126,41599,19572,28220,9293,18620,39500
1/23/2022 6 p.m. EST,23792,28289,28648,28500,106950,84031,17101,41449,20543,29285,9525,19319,39823
1/23/2022 7 p.m. EST,24754,30539,29722,30783,108933,88566,16960,42168,20590,31362,9848,20789,41279
1/23/2022 8 p.m. EST,27236,31182,30918,31636,108533,90929,16528,44382,20252,32856,10767,21293,43709
1/23/2022 9 p.m. EST,30266,31348,31080,32238,107140,90803,15867,46312,19836,33295,11532,21599,44100
1/23/2022 10 p.m. EST,31205,30737,30754,29466,103984,89550,14988,46279,19129,33065,11504,21403,43552
1/23/2022 11 p.m. EST,30673,29937,30410,30462,101299,87921,14114,45798,18241,32416,11455,21083,42877
1/24/2022 12 a.m. EST,29966,29136,29459,28861,99239,85136,13387,44390,17297,31428,11035,20657,41036
1/24/2022 1 a.m. EST,29034,28806,28600,27726,97211,83175,12872,42513,16662,31077,10406,20466,39303
1/24/2022 2 a.m. EST,27345,29000,28232,27637,95636,82479,12578,40279,16289,31410,9928,20498,38235
1/24/2022 3 a.m. EST,25679,29379,28085,27973,95742,81920,12235,38729,16041,31655,9695,20792,37725
1/24/2022 4 a.m. EST,24983,29970,28116,28780,96630,81815,12328,38036,16013,31920,9624,21270,37643
1/24/2022 5 a.m. EST,24474,31173,28320,30077,98701,82661,12747,37942,16316,32805,9643,21841,38101
1/24/2022 6 a.m. EST,24157,33253,28973,32761,102515,84598,13730,38161,17153,34775,9858,22576,39126
1/24/2022 7 a.m. EST,24381,36049,30386,36651,110079,88872,15295,38957,18711,37654,10338,23928,41339
1/24/2022 8 a.m. EST,25204,37809,32627,39499,115653,94429,16350,40752,19951,39945,11136,25387,44800
1/24/2022 9 a.m. EST,27191,37060,34173,39037,115888,97292,16434,43841,20515,39789,12228,25430,46714
1/24/2022 10 a.m. EST,30149,33919,34009,36114,112810,96910,15933,46931,20549,37223,12795,24362,46778
1/24/2022 11 a.m. EST,31808,30680,33310,33140,109669,95375,15265,48205,20226,34267,12243,22789,46837
1/24/2022 12 p.m. EST,31247,28534,32566,30454,107429,93509,14726,48212,19821,32013,11413,21811,46955
1/24/2022 1 p.m. EST,30083,27181,31773,28177,107270,91639,14656,47673,19658,30673,10674,20600,46807
1/24/2022 2 p.m. EST,28005,26262,31172,26408,106983,90003,14553,46898,19743,29553,10053,19867,46344
1/24/2022 3 p.m. EST,27034,25593,30694,25107,106748,88931,15055,46197,19973,28288,9682,19063,45880
1/24/2022 4 p.m. EST,26762,25507,30329,24628,107334,88086,15576,45516,20217,27706,9505,18477,45364
1/24/2022 5 p.m. EST,26887,25921,30079,25407,107906,87614,16679,44882,20937,27819,9488,18365,44916
1/24/2022 6 p.m. EST,27373,27431,30321,27329,111502,89361,17763,44680,21850,28306,9616,18797,45329
1/24/2022 7 p.m. EST,28181,29747,31234,30118,113293,92900,17706,45133,21722,30295,9955,20263,46603
1/24/2022 8 p.m. EST,30233,30288,32487,30196,112022,94181,17082,46703,21274,31107,10887,20722,48193
1/24/2022 9 p.m. EST,32752,30257,32631,29697,109755,93035,16349,48495,20569,30824,11708,20627,47828
1/24/2022 10 p.m. EST,33561,29863,32475,28415,105905,91511,15402,48342,19658,30134,11674,20319,47006
1/24/2022 11 p.m. EST,32824,28964,31828,26575,102034,89226,14444,47286,18411,28815,11519,19488,45570
1/25/2022 12 a.m. EST,31921,27974,30940,24850,99081,85917,13644,45854,17319,27330,11207,18641,43359
1/25/2022 1 a.m. EST,30627,27479,30179,23542,96477,83308,12980,43580,16536,26294,10626,17960,41389
1/25/2022 2 a.m. EST,28774,27171,29756,22965,94837,82359,13001,41221,16080,25887,10165,17742,40060
1/25/2022 3 a.m. EST,27090,27204,29817,22742,94333,81774,12959,39555,15781,25569,9879,17749,39395
1/25/2022 4 a.m. EST,26019,27358,29953,22834,94610,81968,12966,38828,15697,25486,9811,17739,39098
1/25/2022 5 a.m. EST,25294,27987,30369,23562,96166,83122,13251,38567,15902,25716,9842,17993,39427
1/25/2022 6 a.m. EST,24928,29375,31119,25438,98165,85861,13526,38595,16610,27009,9974,18675,40492
1/25/2022 7 a.m. EST,25081,31566,32638,28253,104643,90003,14662,39246,17983,29233,10419,20095,43061
1/25/2022 8 a.m. EST,25880,32635,35013,30753,110025,96048,15626,40890,19125,31018,11232,21682,47093
1/25/2022 9 a.m. EST,27700,32008,36453,30873,111009,99027,16154,43856,19642,31171,12410,22073,49004
1/25/2022 10 a.m. EST,30664,30878,36520,30575,110338,98582,16164,47168,19865,30846,12817,21842,48455
1/25/2022 11 a.m. EST,32343,29137,35966,29943,108860,97004,15679,48823,19887,30253,12150,21275,47518
1/25/2022 12 p.m. EST,31664,27469,35353,29108,107176,95454,15447,48958,19835,29347,11369,20699,46304
1/25/2022 1 p.m. EST,29999,26262,34617,28624,105433,94202,14958,48212,19647,28426,10498,20012,45041
1/25/2022 2 p.m. EST,28248,25264,33899,28276,104663,92934,14833,47583,19460,28170,9897,19539,43651
1/25/2022 3 p.m. EST,27218,24539,33380,28134,104135,91908,15033,46552,19326,27941,9511,19167,42617
1/25/2022 4 p.m. EST,26639,24321,32868,28481,103526,90718,15170,45848,19487,27551,9293,18862,42034
1/25/2022 5 p.m. EST,26355,24707,32761,29351,104083,90586,16072,44968,20122,27417,9277,19272,41720
1/25/2022 6 p.m. EST,26975,25953,33332,30783,109272,92830,17237,44564,21144,28089,9522,20212,42131
1/25/2022 7 p.m. EST,27967,27665,34740,32067,113300,97164,17274,45166,21313,29632,9956,22026,43648
1/25/2022 8 p.m. EST,30074,28028,36131,31356,113335,99133,16829,47011,20939,30255,11012,23028,45892
1/25/2022 9 p.m. EST,32947,27714,36352,29958,112312,98891,16250,48944,20443,30083,11834,23342,46353
1/25/2022 10 p.m. EST,33889,27258,36101,27970,109926,97642,15432,49109,19591,29373,11883,23371,46165
1/25/2022 11 p.m. EST,33297,26294,35509,25615,106676,95295,14388,48255,18557,28269,11808,23024,45385
1/26/2022 12 a.m. EST,32412,25450,34437,23449,104021,92779,13516,46527,17568,27138,11432,22467,43693
1/26/2022 1 a.m. EST,31251,25178,33589,20986,102625,90902,13413,44359,16950,26503,10866,22129,42148
1/26/2022 2 a.m. EST,29408,25181,33202,20343,102505,89889,13358,42017,16628,26308,10431,22196,41235
1/26/2022 3 a.m. EST,27583,25504,33122,19755,102345,89658,13291,40491,16467,26498,10117,22305,41148
1/26/2022 4 a.m. EST,26647,26110,33210,19819,102914,89376,13288,39721,16432,27055,9954,22685,41585
1/26/2022 5 a.m. EST,25976,26965,33655,20327,104831,90210,13485,39491,16758,28126,9956,23233,42490
1/26/2022 6 a.m. EST,25562,28963,34316,22202,109674,92768,14352,39746,17608,29943,10066,24037,44205
1/26/2022 7 a.m. EST,25558,31897,35649,24769,117397,97762,15843,40318,19092,32913,10503,25620,47301
1/26/2022 8 a.m. EST,26273,33411,37853,26134,122902,103884,16832,42016,20280,35340,11344,27157,51696
1/26/2022 9 a.m. EST,28066,33112,39196,26672,122501,106860,16340,45081,20620,35588,12452,27433,53813
1/26/2022 10 a.m. EST,30836,31732,38972,27022,118883,105419,15258,48287,20445,34443,12913,26689,53293
1/26/2022 11 a.m. EST,32263,30212,38192,27327,115382,103006,14454,49716,20109,32837,12381,25474,51989
1/26/2022 12 p.m. EST,31444,28657,37230,27426,112642,100332,14036,49575,19927,31282,11568,24322,50493
1/26/2022 1 p.m. EST,29664,27317,36214,27269,110375,97570,13857,48755,19723,29796,10694,23183,48733
1/26/2022 2 p.m. EST,28308,26796,35238,26829,109740,95116,13987,47506,19758,29071,10276,22221,46863
1/26/2022 3 p.m. EST,27292,26034,34473,26360,108757,93234,14537,46488,19901,28301,9631,21567,45335
1/26/2022 4 p.m. EST,26945,25917,33766,26421,109031,91587,15745,45615,20357,27849,9520,21033,44162
1/26/2022 5 p.m. EST,27100,26745,33500,26908,110774,90936,17246,44688,21236,27986,9449,21066,43545
1/26/2022 6 p.m. EST,27696,28941,33817,28229,116992,92621,18563,44392,22312,28864,9647,21988,44092
1/26/2022 7 p.m. EST,28540,31459,34860,29068,121771,97280,18666,44863,22492,30740,10009,23881,45959
1/26/2022 8 p.m. EST,30490,32245,35900,28150,122224,99755,18305,46838,22171,32118,10989,24938,48633
1/26/2022 9 p.m. EST,32976,32564,35830,26748,121608,99214,17773,48791,21648,32405,11879,25200,49043
1/26/2022 10 p.m. EST,33906,32234,35447,24989,119229,97944,16938,48915,20859,32032,11925,25211,48694
1/26/2022 11 p.m. EST,33251,31388,34593,22834,115401,95400,15901,48190,19805,31177,11823,24870,47390
1/27/2022 12 a.m. EST,32526,30638,33275,20904,112314,91902,15033,46875,18836,30184,11524,24287,45112
1/27/2022 1 a.m. EST,31359,30608,32140,19741,110472,90251,14497,44713,18067,29626,10991,23790,43055
1/27/2022 2 a.m. EST,29458,30935,31478,18952,110305,89335,14272,42271,17707,30006,10515,23901,41809
1/27/2022 3 a.m. EST,27679,31593,31149,18262,110587,88553,14193,40527,17548,30396,10191,23979,41186
1/27/2022 4 a.m. EST,26781,32527,31042,18201,111203,88214,14306,39661,17557,30515,10170,24138,41033
1/27/2022 5 a.m. EST,26258,33827,31106,18746,113487,87817,14703,39359,17850,31314,10186,24518,41363
1/27/2022 6 a.m. EST,25723,36011,31590,20439,118207,89308,15693,39531,18640,32957,10768,25084,42486
1/27/2022 7 a.m. EST,25838,38773,32833,23060,125542,92784,17250,40073,20124,35621,10759,26272,45120
1/27/2022 8 a.m. EST,26529,40094,34873,24651,129894,98112,18214,41940,21242,37794,11673,27322,48973
1/27/2022 9 a.m. EST,28325,39399,36148,25322,128148,100286,17699,45150,21409,37712,12858,27324,50838
1/27/2022 10 a.m. EST,31082,36870,36187,25465,122300,99399,16534,48616,21122,35946,13318,25909,50062
1/27/2022 11 a.m. EST,32478,34099,35694,25502,117224,97534,15615,50182,20640,33948,12668,24091,48567
1/27/2022 12 p.m. EST,31598,31539,34920,25604,114457,95264,15242,50174,20352,32072,11745,22803,47223
1/27/2022 1 p.m. EST,29780,29509,33994,25616,112107,93192,15057,49355,20133,30669,10817,21510,45762
1/27/2022 2 p.m. EST,28268,28209,33123,25483,110124,91107,14992,48064,19960,29337,10145,20451,44271
1/27/2022 3 p.m. EST,27075,27223,32551,25334,108451,89343,15356,47132,19960,28699,9696,19796,43210
1/27/2022 4 p.m. EST,26845,26930,32062,25240,108363,87979,16242,45990,20389,27676,9479,19264,42289
1/27/2022 5 p.m. EST,27206,27567,31840,25689,110317,87672,17335,44696,21109,27586,9378,19260,41701
1/27/2022 6 p.m. EST,27804,29393,32132,27095,113810,88688,18525,44346,22062,27969,9674,19894,41980
1/27/2022 7 p.m. EST,28674,32070,33059,27755,116181,91636,18556,44787,22094,30019,10053,21297,43346
1/27/2022 8 p.m. EST,30372,33107,34295,27244,115512,93363,18109,46606,21641,31226,11061,21848,45584
1/27/2022 9 p.m. EST,32961,33442,34465,26190,113310,92730,17466,48597,21005,31419,11961,21824,46069
1/27/2022 10 p.m. EST,33876,33056,34329,24581,109798,91150,16575,48781,20114,30970,12040,21559,45983
1/27/2022 11 p.m. EST,33209,31990,33716,22602,105569,88518,15408,48299,18959,29869,11947,20921,45030
1/28/2022 12 a.m. EST,32443,30985,32633,20630,102410,85157,14566,46995,17867,28704,11659,20183,43273
1/28/2022 1 a.m. EST,31280,30453,31696,19343,99588,82887,13740,45130,17085,28370,11096,19584,41586
1/28/2022 2 a.m. EST,29445,30279,31335,18601,98285,81604,13235,43184,16598,28272,10701,19397,40662
1/28/2022 3 a.m. EST,27785,30547,31164,18107,97406,81617,13332,41762,16223,28656,10450,19453,40290
1/28/2022 4 a.m. EST,26936,30932,31191,18171,97540,81571,13277,40855,16101,28744,10350,19492,40639
1/28/2022 5 a.m. EST,26232,31919,31485,18802,99606,82565,13250,40384,16340,29638,10339,19857,41590
1/28/2022 6 a.m. EST,25855,33648,32187,20616,102341,84046,14028,40558,17154,30465,10490,20417,43165
1/28/2022 7 a.m. EST,25880,36178,33632,23240,108152,88672,15449,41305,18499,32992,10880,21655,46221
1/28/2022 8 a.m. EST,26474,37346,35817,24883,112805,94530,16434,42915,19672,34808,11679,22972,50485
1/28/2022 9 a.m. EST,28282,36652,37219,25814,113884,97760,16602,45973,20202,35001,12810,23247,52905
1/28/2022 10 a.m. EST,31067,34928,36985,26111,113171,97939,16429,49368,20406,34587,13109,23065,52512
1/28/2022 11 a.m. EST,32229,32884,35941,25877,111793,96980,16035,50762,20572,33826,12489,22596,50978
1/28/2022 12 p.m. EST,31695,31087,34879,25556,110608,95712,15694,50246,20563,32740,11788,22169,49174
1/28/2022 1 p.m. EST,30717,29719,33817,25238,109641,93810,15630,48880,20440,31599,11040,21650,47246
1/28/2022 2 p.m. EST,29425,28994,32804,24761,109541,92145,15597,47173,20314,31319,10429,21325,45503
1/28/2022 3 p.m. EST,28471,28553,32119,24730,109187,90800,15553,45854,20308,30966,9989,21402,44171
1/28/2022 4 p.m. EST,27821,28617,31384,24960,108648,89502,16027,44752,20481,30540,9690,21450,42980
1/28/2022 5 p.m. EST,27686,29069,30817,24993,109490,89226,16482,43602,20863,30807,9658,22104,42240
1/28/2022 6 p.m. EST,28036,29990,30908,25922,112520,90642,17355,43035,21493,31796,9933,22574,42175
1/28/2022 7 p.m. EST,28285,31155,31826,26625,114180,94277,17248,43527,21498,33014,10435,23959,43332
1/28/2022 8 p.m. EST,30084,31068,33268,26030,113054,96206,16799,45014,21092,33897,11228,24385,45974
1/28/2022 9 p.m. EST,32504,30925,33600,25146,111295,95774,16233,46902,20511,34020,11819,24667,46926
1/28/2022 10 p.m. EST,33141,30369,33659,23960,108890,95120,15482,46991,19871,33688,11776,24570,47384
1/28/2022 11 p.m. EST,32448,29607,33348,22792,106240,93579,14574,46419,19042,33280,11695,24384,47292
1/29/2022 12 a.m. EST,31817,28792,32735,21622,104469,91410,13731,45414,18080,32577,11429,23898,46447
1/29/2022 1 a.m. EST,30924,28314,32011,20759,102825,89931,13528,43936,17473,32421,11020,23663,45616
1/29/2022 2 a.m. EST,29393,28230,31537,20468,102289,88544,13670,42030,17077,32580,10682,23621,44958
1/29/2022 3 a.m. EST,27911,28395,31477,20963,102360,87876,13631,40657,16852,32598,10423,23711,45101
1/29/2022 4 a.m. EST,26773,29002,31575,21570,102501,87914,13614,40102,16787,32909,10243,23950,45493
1/29/2022 5 a.m. EST,25968,29838,31746,22519,103896,88494,13766,39994,16916,33693,10181,24592,46195
1/29/2022 6 a.m. EST,25315,31046,32109,24192,106247,89182,14165,39962,17232,34652,10297,25267,47303
1/29/2022 7 a.m. EST,25224,32378,32811,26540,109834,91579,14750,40340,17847,36201,10492,26042,48851
1/29/2022 8 a.m. EST,25383,33948,33801,29133,112667,94430,14933,40937,18585,37831,10896,27059,50982
1/29/2022 9 a.m. EST,26235,35195,34697,31744,115572,96843,15589,42500,19368,39011,11498,27809,52830
1/29/2022 10 a.m. EST,27564,35342,34478,32504,116739,96695,16166,44397,20135,38869,11761,27389,52443
1/29/2022 11 a.m. EST,28356,34308,33471,31663,116146,94513,16837,45638,20647,37874,11626,26380,49913
1/29/2022 12 p.m. EST,28807,33048,32239,30958,114437,91528,17304,46318,20887,36618,11108,25283,46894
1/29/2022 1 p.m. EST,28638,32010,30941,29429,112134,88306,17538,45957,20986,34819,10378,24148,44103
1/29/2022 2 p.m. EST,27935,30802,29661,28077,109980,85783,17483,44788,20888,33272,9905,22870,41777
1/29/2022 3 p.m. EST,26958,30048,28684,27066,108868,83657,17314,43455,20781,32407,9539,21946,39865
1/29/2022 4 p.m. EST,26067,29981,27989,26782,108018,82092,17262,42047,20770,31518,9411,21186,38583
1/29/2022 5 p.m. EST,25663,30896,27515,27304,109839,81333,17626,41051,21150,31377,9542,21174,37955
1/29/2022 6 p.m. EST,25759,33138,27533,29227,115494,82950,18351,40697,21976,32223,9654,21870,37919
1/29/2022 7 p.m. EST,26783,35506,28421,32171,119479,86796,18298,41361,22245,34464,9951,23506,38676
1/29/2022 8 p.m. EST,28134,36125,29704,33491,119600,89062,17724,43227,21886,35734,10727,24420,40903
1/29/2022 9 p.m. EST,30443,36281,30029,33445,118698,88920,17087,44996,21471,36295,11341,24633,41680
1/29/2022 10 p.m. EST,31569,36199,30011,33579,116601,88132,16381,44980,20885,36367,11274,24636,42028
1/29/2022 11 p.m. EST,31225,35744,29834,32822,113991,86664,15607,44392,20110,36135,11087,24370,42133
1/30/2022 12 a.m. EST,30644,35291,29348,32276,111640,84633,14872,43326,19249,35536,10771,23977,41713
1/30/2022 1 a.m. EST,29924,35259,28881,30729,109709,82874,14348,41905,18594,35256,10363,23563,41007
1/30/2022 2 a.m. EST,28613,35370,28424,30870,108035,81576,14299,40295,18156,35164,10045,23249,40519
1/30/2022 3 a.m. EST,27175,35770,28329,32718,107132,80738,14143,38889,17851,35256,9733,23200,40250
1/30/2022 4 a.m. EST,26333,36204,28384,33468,107317,79949,14085,38042,17718,35593,9533,23152,40551
1/30/2022 5 a.m. EST,25611,36931,28608,34906,107950,80039,14190,37832,17677,36070,9415,23139,41079
1/30/2022 6 a.m. EST,25153,38010,29021,36582,109539,80772,14517,38055,17942,36785,9379,23299,41825
1/30/2022 7 a.m. EST,24898,39104,29676,39102,112061,82423,14756,38329,18415,37757,9450,23494,42915
1/30/2022 8 a.m. EST,25112,40061,30582,41530,114459,84522,15324,38890,18944,38903,9671,24084,44667
1/30/2022 9 a.m. EST,25658,39697,31414,42266,114430,86494,15643,40135,19420,39080,10145,24296,46402
1/30/2022 10 a.m. EST,26465,37257,31559,40330,112767,86566,15637,41473,19623,37007,10455,23471,46332
1/30/2022 11 a.m. EST,26752,34491,30959,37455,110730,84783,15489,42568,19599,34297,10467,22202,44446
1/30/2022 12 p.m. EST,25761,31879,30055,34148,109246,82377,15339,43210,19449,31806,10339,20897,42235
1/30/2022 1 p.m. EST,24720,30120,29236,31466,106725,80583,15226,43497,19305,30245,9960,19671,40421
1/30/2022 2 p.m. EST,23399,28385,28629,28790,104746,79565,15092,43102,19114,29018,9593,18888,39110
1/30/2022 3 p.m. EST,22835,27338,27942,27035,103771,78244,15219,42456,19150,27938,9451,18281,38166
1/30/2022 4 p.m. EST,22642,26720,27323,26030,103361,77175,15805,41864,19487,27095,9344,17639,37633
1/30/2022 5 p.m. EST,22891,27070,27073,26283,104471,76887,16900,41386,20296,26867,9380,17544,37446
1/30/2022 6 p.m. EST,23483,28478,27279,27953,108443,78613,18157,41165,21413,26882,9563,15880,44934
1/30/2022 7 p.m. EST,24721,23391,28808,17380,112095,82755,18294,41943,21749,28580,9906,19486,38767
1/30/2022 8 p.m. EST,26998,31381,29967,31840,112650,85666,17934,43905,21519,29919,10757,20334,40858
1/30/2022 9 p.m. EST,29986,31538,30287,31985,111311,85534,17303,45456,21043,30190,11497,20727,41424
1/30/2022 10 p.m. EST,31039,31096,30202,31372,108601,84480,16507,45157,20296,29925,11476,20835,40909
1/30/2022 11 p.m. EST,31042,30325,29918,31307,105887,82891,15532,44760,19296,29083,11301,20558,40243
1/31/2022 12 a.m. EST,30473,29646,28991,30127,103013,80630,14806,43374,18312,28048,11001,20038,38456
1/31/2022 1 a.m. EST,29505,29438,28228,28309,101271,79176,14369,41600,17656,27432,10414,19669,36677
1/31/2022 2 a.m. EST,27914,29629,27861,29143,101026,78102,13894,39895,17286,27453,10004,19733,35446
1/31/2022 3 a.m. EST,26380,30223,27750,29738,101501,77591,13836,38515,17095,27830,9738,19825,34911
1/31/2022 4 a.m. EST,25734,30897,27950,30605,102497,78143,13992,37845,17094,28464,9641,20209,34720
1/31/2022 5 a.m. EST,25232,31979,28318,32314,104995,79463,14430,37554,17370,29560,9640,20840,35032
1/31/2022 6 a.m. EST,24963,33905,29059,35396,109707,81587,15384,37751,18240,31268,9760,21495,36040
1/31/2022 7 a.m. EST,25057,36567,30525,39239,117299,86895,16932,38572,19693,34035,10188,23173,38383
1/31/2022 8 a.m. EST,25835,37873,32743,41726,122348,93460,17982,40016,20796,36098,11052,24908,41806
1/31/2022 9 a.m. EST,27688,36987,34137,39555,122181,96235,17900,43066,21013,36026,12377,25150,43539
1/31/2022 10 a.m. EST,30735,34418,33723,34856,118713,94582,17263,46374,20848,34218,12806,24010,43206
1/31/2022 11 a.m. EST,32323,31425,32574,31132,114251,91566,16630,47933,20604,32083,12254,22348,42938
1/31/2022 12 p.m. EST,32232,28891,31444,28468,110706,88576,16105,47760,20254,30124,11517,21335,42546
1/31/2022 1 p.m. EST,31350,26972,30374,26271,107568,85971,15737,46525,19916,28966,10784,20373,42142
1/31/2022 2 p.m. EST,30562,25806,29763,24723,105793,84009,15728,45429,19666,28187,10245,19451,41902
1/31/2022 3 p.m. EST,30039,24841,29319,23809,104917,82626,15666,44747,19587,27450,9916,18849,41728
1/31/2022 4 p.m. EST,29492,24567,28980,23500,104778,81633,16059,44001,19880,26893,9917,18252,41300
1/31/2022 5 p.m. EST,29719,25006,28696,23985,104601,81394,16983,43441,20704,26622,10158,18071,41135
1/31/2022 6 p.m. EST,29754,26621,28779,25412,109563,82847,18288,43093,21834,26609,10368,18554,41466
1/31/2022 7 p.m. EST,30606,29111,29331,27584,113879,86110,18453,43601,22175,28584,10606,19930,42275
1/31/2022 8 p.m. EST,31413,29987,30449,27712,113926,87992,18034,45208,21776,29778,11308,20963,43679
1/31/2022 9 p.m. EST,33860,30190,30421,26860,112854,87293,17431,47320,21249,29922,12035,21201,43651
1/31/2022 10 p.m. EST,34632,29821,30034,25592,110138,85695,16589,47411,20407,29691,12018,21208,42980
1/31/2022 11 p.m. EST,34017,28905,29318,24567,107119,83169,15510,46546,19311,28811,11849,20737,41477
2/1/2022 12 a.m. EST,33245,28132,28276,23215,104155,79891,14659,45284,18298,28112,11465,20085,39205
2/1/2022 1 a.m. EST,31860,27833,27163,22405,102029,77816,14152,43514,17625,27599,10853,19711,37113
2/1/2022 2 a.m. EST,29950,27920,26516,21914,101391,75980,14449,41616,17256,28381,10350,19284,35673
2/1/2022 3 a.m. EST,28056,28471,26193,22518,101363,75012,14411,40114,17061,28839,10074,19585,34719
2/1/2022 4 a.m. EST,26896,29176,26014,23432,102291,74658,14497,39192,17031,29204,9920,19963,34444
2/1/2022 5 a.m. EST,25910,30439,26170,24889,103445,75071,14534,38988,17234,29733,9834,20292,34474
2/1/2022 6 a.m. EST,25567,32528,26668,27569,107316,76640,15225,39197,17991,31286,9987,21028,35163
2/1/2022 7 a.m. EST,25443,35141,27946,31381,114202,79815,16779,39827,19485,33821,10338,22362,37240
2/1/2022 8 a.m. EST,26202,36244,29997,32637,118567,85011,17680,41457,20441,35682,11067,23764,40402
2/1/2022 9 a.m. EST,27714,35222,31325,31531,116824,87148,17434,44458,20501,35035,12107,23622,41922
2/1/2022 10 a.m. EST,30242,32816,31553,29238,111755,86167,16801,47638,20049,32905,12365,22118,41857
2/1/2022 11 a.m. EST,31814,30183,31498,27129,107566,84735,16672,49138,19597,30602,12068,20523,41860
2/1/2022 12 p.m. EST,31557,28062,31313,25334,105196,83482,16544,48888,19239,28838,11958,19519,41538
2/1/2022 1 p.m. EST,30205,26572,31090,24146,102552,82083,16375,47629,18924,27791,11616,18673,40975
2/1/2022 2 p.m. EST,29420,25359,30877,23379,100483,81368,16229,46273,18784,27184,10945,18022,40517
2/1/2022 3 p.m. EST,28224,24591,30773,22938,99167,80720,16263,45662,18802,26695,10431,17350,40117
2/1/2022 4 p.m. EST,27690,24383,30687,23067,98965,79695,16362,44953,19204,26371,10338,16941,39840
2/1/2022 5 p.m. EST,27433,24946,30678,23484,100239,79386,16986,44343,20062,26314,10328,17127,39628
2/1/2022 6 p.m. EST,27669,26360,31093,24798,103441,80980,17855,44369,21154,26300,10568,17475,39823
2/1/2022 7 p.m. EST,28079,28739,31773,26371,107222,83974,17815,45107,21386,28043,11021,18617,40501
2/1/2022 8 p.m. EST,30056,29578,32599,25834,107487,85394,17376,46717,20996,28985,11468,19271,42025
2/1/2022 9 p.m. EST,32927,29844,32666,24775,106551,84755,16629,48527,20377,28865,12063,19306,42240
2/1/2022 10 p.m. EST,34146,29531,32436,23402,104095,83247,15670,48676,19466,28089,11992,18977,41580
2/1/2022 11 p.m. EST,33587,28723,31841,21658,100681,81292,14491,47818,18345,26902,11768,18286,40329
2/2/2022 12 a.m. EST,32830,28045,30998,19979,97958,78091,13805,46477,17312,25565,11353,17534,38364
2/2/2022 1 a.m. EST,31627,27834,30196,19933,95855,75486,13233,44367,16577,24689,10701,16877,36405
2/2/2022 2 a.m. EST,29857,28090,29638,18926,94830,73990,13158,42079,16104,24156,10198,16405,34987
2/2/2022 3 a.m. EST,28144,28639,29623,18084,95140,73284,13221,40365,15836,23707,9881,16341,34179
2/2/2022 4 a.m. EST,26840,29439,29849,18434,95764,73256,13209,39686,15789,23841,9698,16451,33900
2/2/2022 5 a.m. EST,26110,30565,30210,19357,97703,73654,13351,39556,15979,24380,9652,16591,33941
2/2/2022 6 a.m. EST,25689,32612,30924,21477,100051,75226,13871,39641,16747,25656,9764,16985,34848
2/2/2022 7 a.m. EST,25644,35367,32184,24459,107203,79051,14954,40420,18175,27772,10077,18207,37137
2/2/2022 8 a.m. EST,26185,36292,34032,25796,111775,84189,15867,42089,19219,29247,10827,19493,40628
2/2/2022 9 a.m. EST,28011,35233,35473,25389,111338,87624,15992,45013,19486,29299,11898,19793,42698
2/2/2022 10 a.m. EST,30887,32417,36199,25171,108962,88572,15738,48338,19236,28931,12304,19716,43345
2/2/2022 11 a.m. EST,32089,29825,36732,24807,106474,89143,15409,49927,18837,28435,12010,19722,44023
2/2/2022 12 p.m. EST,30976,27741,37035,24321,104662,89330,15001,49962,18546,27864,11617,19848,44752
2/2/2022 1 p.m. EST,29554,26424,37131,24289,102385,89227,14908,49727,18348,27251,11099,19682,45281
2/2/2022 2 p.m. EST,28158,25335,36910,24107,101094,88812,14753,49072,18320,26879,10623,19466,45809
2/2/2022 3 p.m. EST,26751,24715,36855,24109,100784,88536,14446,48728,18413,26680,10425,19190,46248
2/2/2022 4 p.m. EST,26431,24553,36967,24702,100640,87962,15110,48279,18805,26392,10241,18944,46447
2/2/2022 5 p.m. EST,26484,25026,36974,25171,101542,88268,15637,47758,19411,26470,10165,18947,46871
2/2/2022 6 p.m. EST,27080,26256,37360,26158,103786,89680,16651,47582,20231,27023,10345,19357,48192
2/2/2022 7 p.m. EST,27812,27706,38409,26916,105569,92370,16672,47807,20271,28034,10905,20065,50240
2/2/2022 8 p.m. EST,29584,27586,39258,26129,104351,93309,16185,48891,19855,28394,11717,20185,52123
2/2/2022 9 p.m. EST,32605,27039,39104,24666,102410,92187,15509,50302,19229,28081,12716,19960,52517
2/2/2022 10 p.m. EST,34013,25981,38608,23021,99666,90406,14631,49982,18377,27044,12946,19506,52209
2/2/2022 11 p.m. EST,33591,24506,37738,21059,96063,87897,13743,48966,17356,25664,12913,18808,51457
2/3/2022 12 a.m. EST,32878,23238,36816,18996,92576,84937,13117,47484,16345,24517,12644,18005,49932
2/3/2022 1 a.m. EST,31693,22298,35984,18378,89927,83022,13034,45292,15625,23419,12063,17340,48389
2/3/2022 2 a.m. EST,29884,21853,35515,17386,88319,81796,12690,42902,15154,22744,11625,16917,47374
2/3/2022 3 a.m. EST,28052,21670,35414,16349,87068,81122,12497,41050,14896,22398,11291,16657,47259
2/3/2022 4 a.m. EST,27271,21730,35466,16228,87159,80993,12487,40155,14829,22366,11158,16666,47915
2/3/2022 5 a.m. EST,26818,22350,35749,16731,88072,81652,12780,39663,15042,22429,11223,16764,49059
2/3/2022 6 a.m. EST,26426,23612,36286,18574,90668,83118,13623,39615,15839,23401,11451,17137,50666
2/3/2022 7 a.m. EST,26494,25884,37266,21021,96542,86075,14380,40322,17227,25079,11975,18282,53151
2/3/2022 8 a.m. EST,26863,26871,38716,22500,101247,90436,14999,42005,18315,26465,12777,19545,56389
2/3/2022 9 a.m. EST,28707,26674,40044,22735,102526,93343,15224,45061,18878,26544,13948,20151,58895
2/3/2022 10 a.m. EST,31666,26189,40522,24132,102910,94640,15216,48229,19146,26620,14413,20441,60450
2/3/2022 11 a.m. EST,32814,25739,40604,24890,103266,95318,15016,49436,19310,26545,13762,20379,62092
2/3/2022 12 p.m. EST,31440,25182,40402,25261,103335,95563,14896,48919,19374,26345,12871,20620,63285
2/3/2022 1 p.m. EST,29569,24780,39943,25746,102828,95667,14909,47865,19456,26141,12006,20489,63915
2/3/2022 2 p.m. EST,28362,24286,39348,26300,102253,95122,14984,46753,19605,25861,11351,20396,64054
2/3/2022 3 p.m. EST,27128,23971,38795,27007,101327,94595,14977,45663,19560,25673,10937,20133,63913
2/3/2022 4 p.m. EST,26922,23898,38270,27535,100593,93896,15112,44747,19619,25609,10521,20246,63699
2/3/2022 5 p.m. EST,26899,24208,37979,27933,101397,94011,15607,44202,19984,25744,10356,20334,63889
2/3/2022 6 p.m. EST,27297,24849,38113,28451,104078,95634,16352,43824,20615,26181,10482,20622,64660
2/3/2022 7 p.m. EST,27904,25935,38979,28815,105144,98653,16275,44310,20564,26905,11026,21395,66087
2/3/2022 8 p.m. EST,29658,25639,39954,27529,103254,99651,15730,45957,20065,26912,11939,21470,67857
2/3/2022 9 p.m. EST,32550,25003,39708,26145,100625,98388,15058,47956,19439,26377,13088,21173,67846
2/3/2022 10 p.m. EST,33831,23821,39242,24291,97076,96902,14389,48148,18619,25282,13265,20773,67305
2/3/2022 11 p.m. EST,33419,22324,38351,22024,93124,94228,13892,47459,17556,24083,13281,19957,66229
2/4/2022 12 a.m. EST,32753,20842,37196,19781,89795,91704,13383,46231,16616,22784,13014,19312,64467
2/4/2022 1 a.m. EST,31589,19763,36402,18554,86969,89846,12795,44262,15973,21989,12464,18808,63124
2/4/2022 2 a.m. EST,29808,19035,35928,17260,85005,88594,12408,42249,15543,21722,11976,18607,62247
2/4/2022 3 a.m. EST,27850,18636,35747,16623,84049,88067,12239,40685,15276,21450,11682,18607,61905
2/4/2022 4 a.m. EST,27152,18444,35706,16369,83836,88012,12236,39931,15193,21283,11596,18853,61894
2/4/2022 5 a.m. EST,26437,18688,35818,16719,84340,88515,12515,39637,15391,21659,11643,19206,62073
2/4/2022 6 a.m. EST,26108,19730,36341,18234,86631,90013,12864,39637,16038,22755,11786,19844,62750
2/4/2022 7 a.m. EST,26231,21685,37383,20627,91858,92887,13714,40284,17170,24404,12202,21113,64288
2/4/2022 8 a.m. EST,26661,22822,39056,21913,96837,97818,14507,41961,18315,26244,13033,22425,66183
2/4/2022 9 a.m. EST,28358,23016,40138,22928,99368,101129,15368,44896,19167,27084,14242,23152,67771
2/4/2022 10 a.m. EST,31084,23236,40116,24596,101152,101988,15901,48024,19716,27895,14522,23650,68610
2/4/2022 11 a.m. EST,32148,23391,39426,25794,102078,101682,16253,48954,20112,28449,13749,23860,68862
2/4/2022 12 p.m. EST,31068,23328,38465,26815,101906,100804,16525,48466,20371,28837,12848,24105,67878
2/4/2022 1 p.m. EST,29119,23135,37437,27973,102110,99467,16673,47674,20453,28991,11969,24149,65983
2/4/2022 2 p.m. EST,27743,23038,36480,28623,102098,97917,16702,46858,20540,29195,11228,23968,63665
2/4/2022 3 p.m. EST,26892,22712,35549,29189,101883,96463,16591,45673,20526,29361,10595,23880,61237
2/4/2022 4 p.m. EST,26252,22727,34676,29754,102139,95383,16580,44520,20565,29458,10280,23903,59066
2/4/2022 5 p.m. EST,26129,22897,34105,29767,103388,94606,16908,43681,20798,29833,10099,24091,57543
2/4/2022 6 p.m. EST,26609,23591,34050,29598,106291,95799,17546,43284,21329,30587,10188,24561,57044
2/4/2022 7 p.m. EST,27291,24250,34850,29234,108212,99220,17335,43828,21276,31809,10698,25172,58151
2/4/2022 8 p.m. EST,29114,23946,36199,27508,107232,100943,16738,45448,20778,32135,11391,25453,60996
2/4/2022 9 p.m. EST,31798,23493,36369,25888,105738,100181,16056,46829,20212,32045,12299,25251,61681
2/4/2022 10 p.m. EST,32877,22780,36270,24265,103737,98782,15312,46566,19509,31708,12451,24942,61452
2/4/2022 11 p.m. EST,32496,22067,35924,22489,100798,96707,14437,45714,18561,31045,12456,24402,60943
2/5/2022 12 a.m. EST,31765,21218,35214,20546,98358,93977,13619,44523,17685,30282,12285,23965,59881
2/5/2022 1 a.m. EST,30910,20647,34589,18948,97112,91775,13159,42886,17110,29591,11850,23512,58536
2/5/2022 2 a.m. EST,29403,20618,34272,17903,95946,90555,13142,41009,16706,30394,11539,23433,57788
2/5/2022 3 a.m. EST,27641,20821,34270,17020,95868,90334,13103,39314,16460,30606,11274,23459,57623
2/5/2022 4 a.m. EST,26880,21274,34297,16586,95617,90218,13057,38440,16342,30576,11149,23643,57836
2/5/2022 5 a.m. EST,26052,22137,34536,16576,95889,90785,13217,38061,16431,31205,11118,24152,58358
2/5/2022 6 a.m. EST,25587,23365,34903,17124,98107,92083,13392,37805,16775,31743,11193,24691,59526
2/5/2022 7 a.m. EST,25374,25189,35575,18148,101365,93764,14122,37923,17465,33039,11417,25377,60946
2/5/2022 8 a.m. EST,25594,27085,36452,19691,104828,96484,14584,38632,18146,34716,11887,26200,62800
2/5/2022 9 a.m. EST,26260,28337,37183,22039,106481,98530,15276,40030,18731,35907,12558,26465,64178
2/5/2022 10 a.m. EST,27454,28175,36898,23924,105788,98416,15550,41710,19034,35711,12945,25911,63055
2/5/2022 11 a.m. EST,27753,27611,35797,25119,104592,97135,15428,43166,19149,34397,12602,24877,60018
2/5/2022 12 p.m. EST,27306,26622,34542,25617,102974,94552,15085,43746,19104,32702,11957,23826,56361
2/5/2022 1 p.m. EST,26731,25724,33217,25694,101225,92007,14758,43524,19017,31347,11144,22654,53079
2/5/2022 2 p.m. EST,25539,24865,32020,25555,100208,89400,14534,42432,18965,30050,10487,21545,50084
2/5/2022 3 p.m. EST,24372,24204,31072,25505,99305,86712,14584,41222,18949,28669,9912,20685,47451
2/5/2022 4 p.m. EST,24064,24005,30255,25537,99225,84799,15060,40301,19123,27733,9592,20159,45185
2/5/2022 5 p.m. EST,23770,24545,29787,25426,101014,84123,15987,39502,19717,27586,9471,20014,43697
2/5/2022 6 p.m. EST,24014,26268,29889,25869,106542,85413,17164,39107,20706,27896,9708,20639,43444
2/5/2022 7 p.m. EST,24938,28559,30796,26686,111297,89219,17365,39699,21187,29939,10191,22326,45019
2/5/2022 8 p.m. EST,26406,29493,32375,25980,111923,92433,16997,41499,20970,31494,10829,23210,48706
2/5/2022 9 p.m. EST,29315,29934,32755,25015,111220,92361,16556,43541,20616,32068,11706,23572,50843
2/5/2022 10 p.m. EST,30751,29981,32780,23979,109625,91612,15995,44076,20117,32249,11824,23790,52136
2/5/2022 11 p.m. EST,30439,29662,32502,22445,107289,90185,15266,43748,19408,32040,11798,23722,52723
2/6/2022 12 a.m. EST,29871,29268,31940,20926,105156,88106,14569,42912,18630,31551,11591,23492,52424
2/6/2022 1 a.m. EST,29211,28958,31417,19764,103285,86338,14050,41683,18048,31208,11249,23250,51910
2/6/2022 2 a.m. EST,27993,29152,31143,18931,102306,85184,13962,39958,17632,31285,11051,23259,51612
2/6/2022 3 a.m. EST,26754,29453,31013,18262,101974,84925,13854,38562,17331,31350,10853,23430,51747
2/6/2022 4 a.m. EST,25688,29921,31109,18058,102389,84902,13835,37887,17197,31421,10737,23659,52132
2/6/2022 5 a.m. EST,24923,30582,31313,18138,103410,85286,13956,37390,17199,31480,10744,23971,52688
2/6/2022 6 a.m. EST,24367,31415,31568,18578,105223,85747,14274,37219,17446,32104,10832,24390,53469
2/6/2022 7 a.m. EST,24241,32639,32089,19579,107593,87326,14561,37501,17907,33102,11084,24976,54557
2/6/2022 8 a.m. EST,24386,33801,33016,21179,109833,89617,15149,38292,18367,34309,11462,25630,55980
2/6/2022 9 a.m. EST,24739,34082,33691,23295,108751,91264,15337,39707,18694,35148,12033,25808,57164
2/6/2022 10 a.m. EST,25836,32672,33428,25158,105493,90605,15203,41344,18860,34361,12372,24576,55886
2/6/2022 11 a.m. EST,25772,30646,32688,26144,101928,88465,14867,42589,18906,32524,10638,22755,53017
2/6/2022 12 p.m. EST,25196,28854,31713,26297,99621,85538,14439,43407,18764,30664,11407,20992,49854
2/6/2022 1 p.m. EST,24274,27734,30949,26877,97973,83127,14331,43143,18531,29551,9392,19832,46747
2/6/2022 2 p.m. EST,23191,26499,30197,26913,96541,81788,14202,42173,18343,28606,9961,19050,44204
2/6/2022 3 p.m. EST,22183,25661,29501,26892,94960,79853,14329,41062,18265,27674,9674,18181,42086
2/6/2022 4 p.m. EST,21859,25325,28976,26749,95164,78338,14865,39997,18496,27194,9396,17765,40692
2/6/2022 5 p.m. EST,22066,25883,28607,26896,96422,77525,15901,39050,19206,27280,9326,17697,39903
2/6/2022 6 p.m. EST,22737,27719,28985,27408,100651,79412,17165,38687,20334,27865,9567,18195,40029
2/6/2022 7 p.m. EST,23613,29799,30064,28102,106043,83991,17398,39191,20861,29263,10123,19758,41485
2/6/2022 8 p.m. EST,25963,30498,31634,27409,106858,87640,16988,41376,20581,30485,10879,21042,44269
2/6/2022 9 p.m. EST,29122,30501,32191,26289,106091,88164,16413,43648,20111,30503,11703,21573,45754
2/6/2022 10 p.m. EST,30807,29746,32174,24727,103554,87684,15582,44433,19326,30112,11768,21763,46281
2/6/2022 11 p.m. EST,30421,28570,31745,22475,100373,86372,14812,44083,18355,29092,11549,21565,46028
2/7/2022 12 a.m. EST,29766,27418,30986,20511,98216,84245,13948,42953,17425,28009,11108,21313,44736
2/7/2022 1 a.m. EST,28722,26707,30217,19191,96529,81957,13472,41305,16730,27190,10564,21163,43409
2/7/2022 2 a.m. EST,27092,26516,29992,18445,96524,81219,13199,39299,16317,26761,10223,21189,42611
2/7/2022 3 a.m. EST,25714,26666,29935,18060,96442,81273,13069,37894,16061,27035,9917,21401,42351
2/7/2022 4 a.m. EST,24831,26890,30122,17961,97115,81506,13135,37522,15985,27470,9754,21954,42679
2/7/2022 5 a.m. EST,24177,27764,30470,18720,98810,82407,13445,37526,16231,27920,9763,22397,43519
2/7/2022 6 a.m. EST,23972,29555,31278,20579,101245,84579,14063,37626,17029,29537,9881,23261,45134
2/7/2022 7 a.m. EST,24112,32350,32764,23528,108203,89349,15547,38265,18515,32187,10285,24813,48035
2/7/2022 8 a.m. EST,24970,33811,35199,25497,113083,95438,16541,40021,19615,34057,11062,26334,52165
2/7/2022 9 a.m. EST,26839,34113,36412,26397,113300,98101,16897,43093,20112,34162,12130,26331,54154
2/7/2022 10 a.m. EST,29677,33853,35807,27127,111091,96938,16884,46271,20280,33666,12453,24970,52590
2/7/2022 11 a.m. EST,31017,33356,34437,27463,108370,94612,16607,47416,20166,32903,11761,23209,50026
2/7/2022 12 p.m. EST,30427,32647,33078,27461,106447,92417,16196,46850,19979,32062,11101,21964,47734
2/7/2022 1 p.m. EST,29083,31966,32056,27508,105580,90291,15983,45665,19798,31357,10476,20812,45645
2/7/2022 2 p.m. EST,28039,31454,31194,27011,105115,88354,15973,44293,19630,31063,9937,19954,43830
2/7/2022 3 p.m. EST,27083,30795,30449,26467,104173,86612,15903,43177,19587,30931,9635,19411,42402
2/7/2022 4 p.m. EST,26768,30610,29727,26597,103828,85067,16058,42301,19757,30726,9365,18952,41320
2/7/2022 5 p.m. EST,26897,30949,29302,26980,103988,84520,16567,41585,20173,30475,9373,18890,40738
2/7/2022 6 p.m. EST,27211,31846,29241,27763,106815,85835,17365,41038,20890,30583,9548,19288,40985
2/7/2022 7 p.m. EST,27989,32833,29812,29225,109686,89574,17212,41464,20947,32151,10037,20796,42136
2/7/2022 8 p.m. EST,30021,32533,31330,28783,109046,92683,16611,43149,20469,32979,10752,21882,45149
2/7/2022 9 p.m. EST,32448,31801,31760,27425,107367,92600,15848,45037,19835,32804,11587,22228,46531
2/7/2022 10 p.m. EST,33471,30564,31775,25901,104274,91711,14894,45316,18976,32121,11675,22291,47012
2/7/2022 11 p.m. EST,32579,29060,31391,23553,100087,89727,13740,44806,17815,30670,11663,21992,46689
2/8/2022 12 a.m. EST,31614,27713,30461,21343,97600,86969,12819,43750,16733,29627,11385,21505,45351
2/8/2022 1 a.m. EST,30340,26771,29713,20840,96169,84943,12949,41767,16072,28910,10858,21129,44041
2/8/2022 2 a.m. EST,28577,26581,29358,19865,94852,83894,12700,39630,15633,28391,10495,21135,43525
2/8/2022 3 a.m. EST,26872,26456,29301,19464,95028,82792,12517,38043,15400,28457,10202,21405,43760
2/8/2022 4 a.m. EST,25787,26703,29455,19383,95306,83254,12502,37299,15332,28910,10096,21793,44477
2/8/2022 5 a.m. EST,25022,27416,29728,19913,97059,83943,12806,36994,15551,29728,10113,22417,45514
2/8/2022 6 a.m. EST,24502,29224,30433,21555,101169,85594,13444,37130,16372,31088,10228,23200,47391
2/8/2022 7 a.m. EST,24619,31792,31879,24428,108485,90315,14399,37883,17829,33938,10648,24752,50637
2/8/2022 8 a.m. EST,25263,32939,34054,26142,113345,95845,15197,39604,18878,35978,11402,26281,55025
2/8/2022 9 a.m. EST,26996,32971,35104,27282,112194,97748,15344,42735,19119,35911,12551,25979,56625
2/8/2022 10 a.m. EST,29831,31918,34364,28233,108561,95068,14965,45410,19104,34658,12834,24216,54106
2/8/2022 11 a.m. EST,31008,30187,32978,28886,105145,91266,14912,46352,18864,32949,12034,22215,50259
2/8/2022 12 p.m. EST,30172,28650,31861,29360,102055,87971,14785,45531,18589,31125,11211,20993,46994
2/8/2022 1 p.m. EST,29015,27511,30909,29681,100626,85427,14715,44393,18387,29699,10372,19947,44411
2/8/2022 2 p.m. EST,27842,26719,30148,29883,100044,82972,14923,43218,18453,29053,9870,19092,42406
2/8/2022 3 p.m. EST,27201,25949,29597,29840,99813,81150,15103,42129,18598,28357,9551,18529,41136
2/8/2022 4 p.m. EST,27116,25686,29119,29860,99563,79581,15283,41405,18925,27800,9385,18074,40136
2/8/2022 5 p.m. EST,27281,26112,28759,30104,100456,78966,15637,40669,19689,27326,9398,17884,39680
2/8/2022 6 p.m. EST,27800,27260,28811,30800,103409,80237,16624,40636,20605,27467,9675,18316,39927
2/8/2022 7 p.m. EST,28377,29407,29214,31875,107436,83907,16735,41226,20829,29294,10139,19589,40663
2/8/2022 8 p.m. EST,30151,30368,30406,31425,107608,86864,16302,42774,20425,31053,10739,20629,43005
2/8/2022 9 p.m. EST,32211,30660,30747,30204,106608,86763,15662,44793,19860,31553,11551,20885,44128
2/8/2022 10 p.m. EST,33312,30302,30591,28461,104171,85713,14828,45201,19053,31434,11536,21084,44309
2/8/2022 11 p.m. EST,32554,29552,30175,26294,100808,83874,13927,44598,18000,30717,11431,20664,43839
2/9/2022 12 a.m. EST,31488,28998,29237,24056,98455,81013,13137,43187,17003,29841,11042,20113,42545
2/9/2022 1 a.m. EST,30344,28966,28477,22615,96116,78630,12909,41415,16332,29599,10457,19671,41003
2/9/2022 2 a.m. EST,28509,29292,28121,21815,95041,77353,12647,39234,15973,30030,10090,19477,40277
2/9/2022 3 a.m. EST,26805,30009,27945,21555,94647,76866,12542,37658,15782,30492,9842,19653,40233
2/9/2022 4 a.m. EST,25836,30696,28063,21662,95042,76693,12618,36824,15762,30952,9726,19981,40714
2/9/2022 5 a.m. EST,24934,32061,28403,22392,96720,76587,12994,36431,16067,32133,9738,20290,41671
2/9/2022 6 a.m. EST,24502,34374,29166,24339,100820,78350,13488,36489,16900,34172,9862,20963,43574
2/9/2022 7 a.m. EST,24608,37323,30627,27449,108111,83307,14899,37093,18367,37181,10248,22182,46642
2/9/2022 8 a.m. EST,25253,38464,32856,29656,112272,89450,15610,38566,19202,39028,11000,23452,51108
2/9/2022 9 a.m. EST,26942,36629,34055,29895,109086,91338,14774,41461,19095,38173,12084,23248,52762
2/9/2022 10 a.m. EST,29585,32656,33547,28774,103460,89677,13598,44276,18643,35167,12276,21673,50716
2/9/2022 11 a.m. EST,30631,28925,32248,27382,99239,86965,12767,45303,18195,31832,11546,20147,47477
2/9/2022 12 p.m. EST,29946,26606,31194,26195,96157,84391,12534,44554,17822,29590,10820,19184,44701
2/9/2022 1 p.m. EST,28923,25121,30383,25236,94392,82547,12299,43097,17521,28387,10043,18305,42364
2/9/2022 2 p.m. EST,28610,24362,29716,24356,93062,80936,12549,41770,17408,27331,9646,17682,40757
2/9/2022 3 p.m. EST,28273,23556,29247,23802,92412,79911,12887,40817,17520,26451,9393,17138,39977
2/9/2022 4 p.m. EST,28157,23431,28759,23534,92019,79136,13348,40094,17969,25924,9333,16796,39422
2/9/2022 5 p.m. EST,28331,23792,28457,24056,94029,79254,14761,39439,18773,25897,9409,16953,39139
2/9/2022 6 p.m. EST,29033,24818,28504,25011,96662,80317,16159,39255,19737,25937,9637,17330,39376
2/9/2022 7 p.m. EST,29959,27006,28872,27111,100262,82912,16420,39887,20055,27539,10095,18487,40018
2/9/2022 8 p.m. EST,31412,27950,30038,27888,100352,85281,16050,41296,19695,29033,10703,19273,41733
2/9/2022 9 p.m. EST,33090,28190,30317,27517,99100,85478,15469,42960,19138,29324,11381,19426,42364
2/9/2022 10 p.m. EST,33803,27779,30296,26413,96479,84890,14690,43355,18334,29136,11462,19438,42342
2/9/2022 11 p.m. EST,32901,26899,29884,24990,93138,82815,13677,42884,17315,28275,11286,18967,41623
2/10/2022 12 a.m. EST,31855,26195,29039,23583,90791,79405,13052,41714,16327,27248,10930,18339,40278
2/10/2022 1 a.m. EST,30651,25857,28351,21524,88055,77204,12318,39966,15586,26703,10333,17908,38865
2/10/2022 2 a.m. EST,28825,25970,28050,21410,86784,76167,12233,37992,15162,26750,9910,17826,38117
2/10/2022 3 a.m. EST,27057,26448,27929,21727,86369,75847,12134,36702,14921,27312,9589,17959,38023
2/10/2022 4 a.m. EST,25708,27081,27997,22424,86631,75938,12190,35883,14842,27632,9413,18262,38434
2/10/2022 5 a.m. EST,24973,28260,28237,23826,87615,76742,12510,35427,15061,28710,9419,18675,39265
2/10/2022 6 a.m. EST,24198,30336,28760,26556,91680,78943,13078,35427,15876,30821,9558,19380,40814
2/10/2022 7 a.m. EST,24043,33488,30140,30269,99209,83955,14539,36077,17279,33818,9972,21090,43953
2/10/2022 8 a.m. EST,24712,34686,32489,32606,103789,90146,15286,37728,18304,35950,10714,22575,48395
2/10/2022 9 a.m. EST,26439,32794,33647,31741,102031,92780,15035,40723,18537,35327,11735,22587,50167
2/10/2022 10 a.m. EST,29001,29378,33120,29443,98277,91050,14337,43445,18285,32575,11868,20999,48302
2/10/2022 11 a.m. EST,30064,26767,32037,27355,95703,88642,13267,44379,17970,29873,11152,19517,45512
2/10/2022 12 p.m. EST,29738,24884,31216,25810,93909,86348,13113,43992,17820,27870,10536,18527,43142
2/10/2022 1 p.m. EST,28966,23855,30346,24938,93246,84235,13532,43156,17792,27033,9973,17759,41233
2/10/2022 2 p.m. EST,28283,23190,29596,24336,93020,82964,13614,42304,17882,26324,9603,17300,40119
2/10/2022 3 p.m. EST,27954,22617,29152,24035,93187,82109,13466,41441,17820,25602,9383,16894,39598
2/10/2022 4 p.m. EST,28335,22440,28748,24060,92033,81116,13701,40777,18100,25334,9357,16594,39336
2/10/2022 5 p.m. EST,28720,22708,28522,24480,92265,80732,14644,40272,18655,25490,9460,16725,39156
2/10/2022 6 p.m. EST,29631,23384,28672,25389,95323,81624,15775,40103,19512,25091,9751,16947,39327
2/10/2022 7 p.m. EST,30425,25247,28983,26960,99479,84052,16007,40321,19795,26139,10318,18037,39833
2/10/2022 8 p.m. EST,32157,25898,30182,26827,99955,86202,15586,42058,19443,27487,10869,18738,41374
2/10/2022 9 p.m. EST,33709,25919,30457,26061,99072,85814,15033,43382,18907,27680,11600,19151,41976
2/10/2022 10 p.m. EST,34304,25660,30416,24695,96995,84536,14364,43893,18157,27448,11650,19279,41695
2/10/2022 11 p.m. EST,33205,24639,29956,23033,93728,82093,13547,43421,17123,26665,11489,18886,40896
2/11/2022 12 a.m. EST,31926,23670,28951,21358,90431,79320,12925,42171,16168,25765,11128,18393,39283
2/11/2022 1 a.m. EST,30544,23244,28112,20452,88630,77792,12189,40174,15425,25123,10470,17989,37733
2/11/2022 2 a.m. EST,28687,23301,27565,20080,88186,76507,12272,38063,14980,24870,10067,17923,36895
2/11/2022 3 a.m. EST,26896,23783,27381,19896,88294,75745,12274,36407,14749,25086,9641,17982,36762
2/11/2022 4 a.m. EST,25625,24421,27331,20230,88899,75349,12152,35529,14712,25601,9450,18080,36992
2/11/2022 5 a.m. EST,24694,25632,27486,21170,90418,74440,12428,35136,14975,26646,9379,18364,37526
2/11/2022 6 a.m. EST,24152,27838,27973,23396,94163,76127,12868,35111,15828,28467,9454,18977,38799
2/11/2022 7 a.m. EST,23841,30949,29231,26571,101493,80695,14251,35788,17314,31291,9822,20237,41522
2/11/2022 8 a.m. EST,24285,32389,31316,28267,105663,86166,14945,37480,18186,33388,10490,21463,45327
2/11/2022 9 a.m. EST,25963,31037,32489,27677,102970,88399,14103,40368,18076,33070,11431,21291,46995
2/11/2022 10 a.m. EST,28311,28065,32372,26880,98538,87846,12877,43192,17640,31017,11658,20113,45790
2/11/2022 11 a.m. EST,29160,25784,31889,25949,94979,86317,12030,44408,17358,28838,11119,18844,43808
2/11/2022 12 p.m. EST,28609,24023,31434,25371,92537,84589,12046,44298,17033,26899,10653,18039,42191
2/11/2022 1 p.m. EST,27932,23185,30882,25219,91401,83105,12414,43477,16830,26126,10065,17292,40882
2/11/2022 2 p.m. EST,27633,22490,30402,25122,90208,81955,12122,42533,16804,25750,9637,16888,40093
2/11/2022 3 p.m. EST,27497,22115,30054,25011,89650,81074,11916,41706,16864,25166,9365,16410,39864
2/11/2022 4 p.m. EST,27878,21853,29698,25009,89437,80177,12528,41040,17246,24738,9335,16156,39716
2/11/2022 5 p.m. EST,28486,21829,29371,24999,89695,79964,13850,40352,17966,24577,9476,16165,39873
2/11/2022 6 p.m. EST,29389,22416,29454,25523,91258,80599,15015,39946,18750,24145,9812,16466,40099
2/11/2022 7 p.m. EST,30084,23754,29947,26088,93826,82344,15166,40139,18982,25020,10330,17072,40308
2/11/2022 8 p.m. EST,31572,23982,30991,25415,93179,83852,14729,41327,18567,25852,10695,17512,40959
2/11/2022 9 p.m. EST,33082,23823,31235,24283,91612,83386,14198,42657,18044,25802,11217,17297,41046
2/11/2022 10 p.m. EST,33447,23452,31205,23013,89265,82314,13548,43242,17413,25627,11195,17115,40476
2/11/2022 11 p.m. EST,32350,22691,31001,21682,86069,80514,12699,42816,16549,25070,11024,16735,39603
2/12/2022 12 a.m. EST,31222,21836,30481,20017,83637,78394,12100,41542,15646,24358,10772,15957,38301
2/12/2022 1 a.m. EST,30012,21327,29848,18845,81156,76485,11294,40251,14899,23686,10319,15342,36764
2/12/2022 2 a.m. EST,28471,21225,29495,18009,79525,75040,11116,38921,14429,23589,9918,15134,35378
2/12/2022 3 a.m. EST,26791,21308,29394,17264,79042,74388,10889,37725,14102,23382,9596,14980,34723
2/12/2022 4 a.m. EST,25546,21620,29489,17202,79052,74611,10787,37017,13991,23414,9423,14946,34555
2/12/2022 5 a.m. EST,24598,22247,29760,17525,79523,75325,10841,36740,14031,23799,9332,14972,34755
2/12/2022 6 a.m. EST,23933,23340,30300,18493,81457,76958,11208,36709,14341,24601,9342,15313,35205
2/12/2022 7 a.m. EST,23450,24695,31167,20078,83662,79215,11662,37254,14969,25743,9557,15930,36472
2/12/2022 8 a.m. EST,23493,25823,32358,21911,85650,82367,11965,38239,15556,27089,9879,16874,38298
2/12/2022 9 a.m. EST,24094,25994,33452,23602,87453,85121,12243,39884,16089,27933,10319,17824,40545
2/12/2022 10 a.m. EST,25041,24741,34078,24263,87907,86835,11988,41779,16296,27494,10464,18474,42756
2/12/2022 11 a.m. EST,25168,23454,34246,24641,87469,86929,11402,43181,16151,26279,10254,18670,44624
2/12/2022 12 p.m. EST,24981,22449,33972,24868,86873,86164,11013,43403,15943,25028,10035,18722,45776
2/12/2022 1 p.m. EST,24770,21602,33266,25383,85938,84947,10737,42606,15896,23991,9553,18511,46016
2/12/2022 2 p.m. EST,24409,20998,32427,26015,84909,83871,10732,41256,15889,23358,9275,18235,45983
2/12/2022 3 p.m. EST,24175,20741,31578,26225,84581,82921,10966,39879,15911,23002,9072,18070,45402
2/12/2022 4 p.m. EST,24277,20599,30889,26653,85038,82300,11644,38633,16225,22772,9028,18136,44158
2/12/2022 5 p.m. EST,24773,20909,30396,26478,86742,82524,12708,37651,16931,22789,9134,18353,43245
2/12/2022 6 p.m. EST,25825,21381,30508,26467,90220,84060,13911,37248,17865,22746,9483,18983,43097
2/12/2022 7 p.m. EST,27017,22523,31351,26627,93560,87134,14206,37714,18311,23839,9980,20015,44215
2/12/2022 8 p.m. EST,29090,22601,32891,25451,93490,89551,13884,39111,18083,24621,10412,20671,47094
2/12/2022 9 p.m. EST,30964,22373,33264,24298,92507,89482,13473,41050,17746,24440,11041,20785,48528
2/12/2022 10 p.m. EST,31656,21870,33370,22850,90582,88488,12978,41929,17271,24089,11028,20876,49065
2/12/2022 11 p.m. EST,30710,21164,33210,21526,88609,86814,12334,41847,16628,23694,10850,20589,49244
2/13/2022 12 a.m. EST,29656,20490,32687,19859,86047,84948,11646,41378,15935,23004,10648,20256,48810
2/13/2022 1 a.m. EST,28633,19889,31948,18533,84153,83002,11161,40423,15383,22771,10258,19950,48212
2/13/2022 2 a.m. EST,27132,19621,31582,17599,84266,82072,10869,38747,14969,22503,10021,19768,47860
2/13/2022 3 a.m. EST,25421,19619,31495,16761,84212,82024,10704,37664,14739,22510,9748,20078,47860
2/13/2022 4 a.m. EST,24595,19774,31502,16459,84567,81909,10699,37012,14691,22681,9515,20332,48125
2/13/2022 5 a.m. EST,23668,20119,31650,16401,85463,82253,10836,36693,14867,22836,9389,20688,48681
2/13/2022 6 a.m. EST,23037,20766,31939,16739,86268,83412,11221,36807,15208,23677,9370,21346,49496
2/13/2022 7 a.m. EST,22830,21766,32402,17733,88499,85155,11863,37200,15717,24824,9496,22205,50742
2/13/2022 8 a.m. EST,22630,22888,33157,19189,91716,87884,12619,38073,16248,26460,9727,23019,52494
2/13/2022 9 a.m. EST,22972,24278,33740,21301,95226,90042,13462,39598,16959,28202,10245,23662,53793
2/13/2022 10 a.m. EST,23616,24944,33696,23312,97854,90534,14108,41396,17556,29136,10440,23501,52840
2/13/2022 11 a.m. EST,23415,24919,32842,23847,98935,88964,14404,42553,17940,28715,10147,22725,50395
2/13/2022 12 p.m. EST,23507,24874,31919,24172,99594,87072,14564,42819,18165,27853,9927,21561,47469
2/13/2022 1 p.m. EST,23132,24836,31069,24341,99283,84879,14696,42024,18252,27050,9497,20590,44632
2/13/2022 2 p.m. EST,22829,24775,30324,24254,98917,83478,14752,40763,18295,26873,9201,19704,42208
2/13/2022 3 p.m. EST,22746,24678,29548,24128,98187,82349,14838,39607,18336,26327,9000,19103,40325
2/13/2022 4 p.m. EST,23216,24827,28996,24096,98699,81812,15129,38641,18568,25852,9035,18422,38981
2/13/2022 5 p.m. EST,24007,25298,28808,24184,100635,82131,15745,37897,19126,25665,9261,18402,38382
2/13/2022 6 p.m. EST,25154,26005,29086,25111,103977,84111,16628,37751,19959,26367,9641,19076,38519
2/13/2022 7 p.m. EST,26301,27250,29549,25661,106133,86399,16491,37767,20147,28048,10056,20079,38930
2/13/2022 8 p.m. EST,28033,27400,30574,24564,105104,88585,15755,38393,19659,29389,10306,21067,40460
2/13/2022 9 p.m. EST,29495,27449,31075,23312,104029,88755,15159,40159,19253,29816,10779,21451,41536
2/13/2022 10 p.m. EST,30183,27588,31347,22189,103071,88891,14605,40833,18864,30138,10860,21668,42267
2/13/2022 11 p.m. EST,29634,27360,31487,21309,101593,89161,13901,41168,18244,30017,10969,21679,43186
2/14/2022 12 a.m. EST,29099,26903,30839,19561,99244,88060,13089,40419,17458,29497,10776,21210,42778
2/14/2022 1 a.m. EST,28231,26604,29921,18649,98822,85844,12763,38899,16831,28975,10215,20897,41726
2/14/2022 2 a.m. EST,26582,26955,29527,18106,97755,84783,12816,37065,16502,29283,9795,20966,41066
2/14/2022 3 a.m. EST,24944,27644,29382,18069,97922,84409,12979,35575,16357,29785,9382,21214,41092
2/14/2022 4 a.m. EST,23791,28594,29493,18586,98716,84840,12867,34849,16376,30456,9180,21715,41411
2/14/2022 5 a.m. EST,23024,30191,29796,19936,100533,85879,13234,34538,16713,31457,9189,22305,42296
2/14/2022 6 a.m. EST,22712,32880,30526,22515,105353,87442,13660,34638,17572,33061,9330,23184,43921
2/14/2022 7 a.m. EST,22707,35645,32072,26509,113165,91697,15127,35388,19105,36056,9736,24772,46962
2/14/2022 8 a.m. EST,23400,36886,34312,29567,118347,97795,16222,37130,20209,38436,10460,26238,51411
2/14/2022 9 a.m. EST,25089,35441,35363,29866,118293,100121,16572,40279,20423,37797,11589,26178,53141
2/14/2022 10 a.m. EST,27401,32496,34460,29278,116454,98141,16455,43354,20605,35318,11811,24540,51054
2/14/2022 11 a.m. EST,28487,30127,33141,27784,114779,94851,16213,44269,20549,32775,11148,22855,47855
2/14/2022 12 p.m. EST,28528,28364,32149,26362,113618,91655,15937,43856,20438,30877,10620,21865,45112
2/14/2022 1 p.m. EST,28401,26953,31149,25351,112110,88701,15666,43281,20269,29815,9974,20659,42850
2/14/2022 2 p.m. EST,28014,25895,30299,24398,109853,86345,15706,42561,20114,28486,9586,19844,41168
2/14/2022 3 p.m. EST,27522,25106,29707,23830,107749,84234,15658,41814,19971,27343,9333,18955,40263
2/14/2022 4 p.m. EST,27398,24686,29047,23491,107429,82475,15818,41321,20217,26755,9297,18237,39502
2/14/2022 5 p.m. EST,27153,24838,28601,23942,108162,81839,16807,41040,20979,26539,9482,18027,39182
2/14/2022 6 p.m. EST,27590,26144,28595,24918,111681,83015,18018,40902,21961,26890,9799,18469,39369
2/14/2022 7 p.m. EST,28588,28642,29081,26961,116611,86147,18371,41337,22477,28170,10351,19659,39791
2/14/2022 8 p.m. EST,29910,29740,30407,27597,117023,89606,18045,42856,22095,29842,10799,20986,41558
2/14/2022 9 p.m. EST,31956,29998,30878,26934,115767,89721,17454,44522,21538,30232,11426,21279,42595
2/14/2022 10 p.m. EST,33081,29716,30808,26020,113122,89182,16627,44842,20775,30014,11431,21349,42601
2/14/2022 11 p.m. EST,32300,28961,30336,24558,109427,87278,15583,44160,19718,29345,11212,21082,41847
2/15/2022 12 a.m. EST,31335,28334,29427,23072,106384,84602,15060,42733,18714,28919,10845,20555,40255
2/15/2022 1 a.m. EST,30007,28235,28642,21929,104748,82584,14762,40768,18038,28472,10301,20308,38598
2/15/2022 2 a.m. EST,27960,28620,28217,21549,104474,81198,14477,38467,17659,28685,9908,20271,37702
2/15/2022 3 a.m. EST,26297,29269,28161,22066,105159,80651,14366,36709,17459,29111,9642,20496,37406
2/15/2022 4 a.m. EST,25297,30146,28337,22665,105770,80929,14177,35867,17418,29799,9457,20669,37534
2/15/2022 5 a.m. EST,24612,31493,28680,23715,107973,81360,14568,35512,17695,30261,9418,21119,38226
2/15/2022 6 a.m. EST,24198,33877,29317,26415,112751,83521,15220,35470,18507,32191,9489,22028,39603
2/15/2022 7 a.m. EST,23865,36631,30642,29861,120433,88480,16778,36037,19992,35179,9755,23528,42384
2/15/2022 8 a.m. EST,24479,37674,32940,31230,124411,94423,17589,37709,20951,37158,10480,24830,46528
2/15/2022 9 a.m. EST,26016,36069,33905,30732,120976,96169,17249,40779,20994,36327,11550,24460,47876
2/15/2022 10 a.m. EST,28686,32564,33229,28738,115032,93425,16631,43901,20626,33413,11688,22609,46182
2/15/2022 11 a.m. EST,30012,29694,32162,27029,110012,90078,16095,45122,20307,30823,10980,20864,44102
2/15/2022 12 p.m. EST,29847,27485,31309,25608,106262,87140,15948,44655,20059,28761,10344,19695,42454
2/15/2022 1 p.m. EST,29502,26213,30523,24892,104505,84550,15589,43813,19867,27666,10323,18684,41318
2/15/2022 2 p.m. EST,29038,25106,29790,24230,103038,82423,15638,42577,19618,27056,9656,18047,40350
2/15/2022 3 p.m. EST,28238,24323,29360,23771,101308,80698,15780,42229,19458,26310,9527,17474,39950
2/15/2022 4 p.m. EST,27456,24117,28941,23640,100745,79420,15821,41519,19633,25835,9234,17040,39720
2/15/2022 5 p.m. EST,27180,24567,28718,24017,101316,79227,16518,41120,20388,25759,9599,16938,39733
2/15/2022 6 p.m. EST,27272,25679,28851,24889,104655,80047,17752,40781,21469,26022,9928,17193,39943
2/15/2022 7 p.m. EST,27664,28009,29204,26364,109934,82796,18119,40967,22013,26922,10306,18078,40483
2/15/2022 8 p.m. EST,29353,29069,30275,26120,110600,85534,17785,42427,21697,28460,10753,18969,41922
2/15/2022 9 p.m. EST,31974,29156,30377,25109,109501,85069,17182,44216,21128,28497,11572,19040,42517
2/15/2022 10 p.m. EST,33600,28754,29929,23447,106703,83215,16343,44617,20278,27995,11626,18710,41911
2/15/2022 11 p.m. EST,33095,27624,29065,21642,102340,80311,15267,44083,19155,26824,11402,18177,40611
2/16/2022 12 a.m. EST,32299,26814,27883,19735,99145,76772,14387,42858,18127,25628,10962,17380,38353
2/16/2022 1 a.m. EST,31097,26413,26905,18309,97178,74811,13866,40782,17369,24894,10304,16719,36058
2/16/2022 2 a.m. EST,29061,26426,26226,17753,95599,73756,13822,38491,16962,24759,9841,16439,34477
2/16/2022 3 a.m. EST,27244,26865,25774,17380,95246,73222,13686,36765,16711,24703,9467,16384,33615
2/16/2022 4 a.m. EST,26104,27410,25579,17473,95602,71748,13585,35903,16647,25005,9256,16194,33070
2/16/2022 5 a.m. EST,25355,28472,25648,18256,96752,71597,13958,35488,16885,25196,9160,16724,33052
2/16/2022 6 a.m. EST,24760,30359,25974,20351,100304,72234,14896,35519,17707,26617,9205,17275,33693
2/16/2022 7 a.m. EST,24886,33164,27110,23169,107258,75772,16444,36167,19073,28950,9499,18561,35561
2/16/2022 8 a.m. EST,25533,33844,29223,24683,110986,81190,17117,37700,19909,30510,10153,19817,38746
2/16/2022 9 a.m. EST,27443,31937,30385,24429,108340,83145,16671,40597,19880,29874,11160,19658,40069
2/16/2022 10 a.m. EST,30213,29426,30365,24250,103629,82224,15896,43219,19435,28590,11393,18939,40317
2/16/2022 11 a.m. EST,31129,27310,30338,24472,99431,81053,15094,44513,18949,27192,11197,18102,40595
2/16/2022 12 p.m. EST,29836,25668,30172,24791,96518,80488,14525,44380,18473,26122,11089,17742,41031
2/16/2022 1 p.m. EST,28486,24583,29990,24927,95284,79796,14636,43714,18401,25609,10536,17319,41343
2/16/2022 2 p.m. EST,27283,23965,29662,25123,94083,79392,14659,43212,18565,25279,10119,17036,41278
2/16/2022 3 p.m. EST,26224,23436,29414,25325,93500,78902,15101,42849,18672,24830,9726,16708,41283
2/16/2022 4 p.m. EST,25808,23432,29248,25608,93709,78392,15487,42370,18857,24937,9650,16549,41365
2/16/2022 5 p.m. EST,25658,23645,29284,26126,93311,78542,15947,41753,19222,24597,9643,16445,41416
2/16/2022 6 p.m. EST,26077,24317,29423,26522,95524,79684,16857,41674,19896,24475,9764,16727,41790
2/16/2022 7 p.m. EST,26774,25773,29979,27454,98493,81595,16948,41976,20312,25548,10152,17619,42337
2/16/2022 8 p.m. EST,28787,25851,30958,26650,97930,83120,16378,43013,19970,26436,10706,18092,43278
2/16/2022 9 p.m. EST,31540,25418,31045,25695,95998,81846,15644,44596,19405,26019,11609,17926,43469
2/16/2022 10 p.m. EST,33202,24387,30666,23902,92545,80144,15191,45058,18716,25319,11832,17513,42655
2/16/2022 11 p.m. EST,32822,22886,29957,21812,88503,77292,14057,44397,17329,23906,11754,16652,41160
2/17/2022 12 a.m. EST,31995,21681,28897,19578,85620,74429,13349,43205,16170,22560,11367,15772,38799
2/17/2022 1 a.m. EST,30832,20702,27925,18065,82724,72226,12706,41352,15368,21793,10757,14940,36496
2/17/2022 2 a.m. EST,28808,20384,27350,17059,80920,70255,12276,39274,14896,21461,10296,14390,34746
2/17/2022 3 a.m. EST,27047,20236,27248,16470,80190,68783,12039,37627,14611,21080,9947,14121,33641
2/17/2022 4 a.m. EST,25957,20253,27245,16564,79939,68530,12001,37134,14510,21025,9785,13874,33095
2/17/2022 5 a.m. EST,25100,20780,27462,17007,80319,68602,12231,36937,14694,21320,9719,13963,32868
2/17/2022 6 a.m. EST,24752,22273,28254,18821,82683,70598,13024,36936,15480,21773,9834,14284,33396
2/17/2022 7 a.m. EST,24655,24601,29848,21277,88912,74969,13891,37502,16747,23532,10192,15322,35234
2/17/2022 8 a.m. EST,25337,25436,32170,22634,93003,80337,14229,39278,17699,24945,10949,16528,38393
2/17/2022 9 a.m. EST,27179,24953,33886,23762,93157,83518,13905,42160,17974,25018,12035,16872,40171
2/17/2022 10 a.m. EST,29878,24366,34540,25109,92573,84771,13708,45292,17880,25055,12261,16694,40843
2/17/2022 11 a.m. EST,30623,23849,35187,26340,92311,85657,13406,46451,17905,24978,11761,16831,42041
2/17/2022 12 p.m. EST,29424,23308,35477,27339,91298,86533,13243,45998,17893,24911,11204,17074,43197
2/17/2022 1 p.m. EST,28262,22934,35574,28101,91002,86748,13295,45055,17757,24851,10639,16970,44315
2/17/2022 2 p.m. EST,27125,22729,35305,28914,90879,86974,13697,44014,17734,24776,10179,17008,45111
2/17/2022 3 p.m. EST,26287,22519,35075,29523,91284,87053,14057,43247,17657,24714,9902,16834,45618
2/17/2022 4 p.m. EST,26005,22405,34554,29893,91964,86924,13965,42284,17898,24646,9707,16859,46009
2/17/2022 5 p.m. EST,26079,22718,34025,30373,92470,86956,14479,41937,18360,24672,9627,16928,46347
2/17/2022 6 p.m. EST,26232,23202,33936,30784,94724,87966,15176,41555,19061,24942,9829,17366,47050
2/17/2022 7 p.m. EST,27017,24445,34479,30542,96489,90239,15251,41682,19164,25729,10312,17902,47532
2/17/2022 8 p.m. EST,28905,24468,35873,29331,95614,92250,14757,43019,18747,26113,10955,18095,49046
2/17/2022 9 p.m. EST,31492,23882,36255,28037,93532,91876,14106,44734,18149,25612,11850,17919,49936
2/17/2022 10 p.m. EST,33037,22785,36006,26267,90418,90221,13244,45108,17245,24699,12042,17525,50044
2/17/2022 11 p.m. EST,32542,21352,35333,23967,87009,87697,12351,44533,16297,23482,11936,17193,49460
2/18/2022 12 a.m. EST,31774,20002,34330,21457,84012,85146,11558,43459,15340,22444,11649,16733,47826
2/18/2022 1 a.m. EST,30716,18972,33613,19337,82089,83006,11212,41534,14712,21283,11135,16357,46452
2/18/2022 2 a.m. EST,28898,18279,33265,18224,80759,81556,10905,39214,14304,20830,10831,16254,45810
2/18/2022 3 a.m. EST,27154,17896,33064,17521,80422,81107,10685,37858,14116,20361,10551,16474,45669
2/18/2022 4 a.m. EST,26035,17818,33098,17189,80076,81176,10653,37068,14110,20264,10475,16766,46145
2/18/2022 5 a.m. EST,25297,18014,33228,17380,79873,81963,10858,36706,14305,20596,10485,17372,47104
2/18/2022 6 a.m. EST,24889,18954,33792,19009,83010,83732,11412,36687,15037,21230,10578,18459,48562
2/18/2022 7 a.m. EST,24812,20991,34997,21205,89566,88354,12349,37233,16413,23133,11053,20131,51349
2/18/2022 8 a.m. EST,25564,22044,36855,22650,94898,93862,13305,38440,17470,25033,11845,21982,55647
2/18/2022 9 a.m. EST,27262,22602,37836,24424,97266,96565,13596,41203,18032,26200,12928,22827,57760
2/18/2022 10 a.m. EST,29746,22780,37163,26272,97763,96345,13308,43983,18051,27166,13069,23003,56850
2/18/2022 11 a.m. EST,30565,22867,35969,27684,97618,94998,12638,45103,17843,27906,12219,22909,54548
2/18/2022 12 p.m. EST,29238,22562,34921,29163,97331,93213,11818,44443,17660,27879,11432,22274,51968
2/18/2022 1 p.m. EST,29029,22593,33760,30330,96610,91055,11397,43135,17546,27477,10572,21759,49147
2/18/2022 2 p.m. EST,26884,22296,32749,30980,96117,89005,11497,41786,17537,27044,9969,21137,46368
2/18/2022 3 p.m. EST,26235,22257,31889,31854,95657,86982,11743,40431,17612,26907,9587,20620,44281
2/18/2022 4 p.m. EST,26307,22063,31026,32547,94695,85366,12559,39716,17886,26470,9435,19941,42565
2/18/2022 5 p.m. EST,25899,22352,30524,32212,95156,84655,14023,39094,18748,26413,9400,19709,41427
2/18/2022 6 p.m. EST,26577,22641,30353,31453,98763,85009,15411,38619,19703,26595,9601,19964,41127
2/18/2022 7 p.m. EST,26991,23743,30773,30938,103337,87541,15828,38990,20226,27895,10084,21118,41748
2/18/2022 8 p.m. EST,28806,24081,32045,29397,103991,90857,15534,40070,19979,29031,10534,22167,44082
2/18/2022 9 p.m. EST,31042,23971,32593,27823,103188,90784,15109,41606,19517,29304,11246,22342,45410
2/18/2022 10 p.m. EST,32392,23629,32686,26268,101487,89880,14555,42183,18923,29114,11403,22489,45805
2/18/2022 11 p.m. EST,31775,23127,32489,24255,98706,88075,13783,41711,18072,28833,11356,22405,45780
2/19/2022 12 a.m. EST,30957,22570,31938,22014,96197,85538,13045,40999,17189,28173,11129,22091,45236
2/19/2022 1 a.m. EST,29921,22253,31312,19802,93943,83285,12565,39914,16593,27709,10741,21790,44395
2/19/2022 2 a.m. EST,28474,22266,30850,18544,93406,81830,12520,38217,16091,27577,10462,21834,43831
2/19/2022 3 a.m. EST,26913,22709,30600,17992,94049,81599,12660,36540,15857,27688,10185,21887,43713
2/19/2022 4 a.m. EST,25723,23386,30565,17527,94441,81657,12702,35641,15759,28124,9995,22115,43935
2/19/2022 5 a.m. EST,24905,24333,30757,17449,94620,81887,12908,35527,15821,28623,9980,22418,44408
2/19/2022 6 a.m. EST,24394,25734,31205,17837,96197,83042,13330,35521,16128,29697,10038,22906,45313
2/19/2022 7 a.m. EST,24111,27643,31998,18887,99487,85360,13514,35977,16691,30960,10253,23553,46935
2/19/2022 8 a.m. EST,24354,29287,32931,20516,101829,88298,13757,36641,17131,32576,10687,24014,49115
2/19/2022 9 a.m. EST,25196,29182,33612,23047,100725,90062,13269,38066,17515,33213,11254,23928,50649
2/19/2022 10 a.m. EST,26265,27717,33308,24818,99265,89712,12931,39482,17750,32219,11399,22710,49688
2/19/2022 11 a.m. EST,26201,26038,32527,25829,98095,88254,12876,40567,17863,30732,10887,21405,47245
2/19/2022 12 p.m. EST,25648,24483,31602,26494,97423,86186,13173,41237,18039,29050,10490,20273,44782
2/19/2022 1 p.m. EST,24664,23353,30659,27207,96375,83683,13896,41170,18209,27691,9895,19186,42299
2/19/2022 2 p.m. EST,23723,22317,29668,27507,94983,81749,14517,40653,18117,26199,9424,18364,40285
2/19/2022 3 p.m. EST,23032,21606,28885,27673,94179,79943,14512,39890,17809,25490,9146,17575,38853
2/19/2022 4 p.m. EST,22585,21270,28161,27884,93946,78544,14633,39110,18086,25035,9040,16998,37915
2/19/2022 5 p.m. EST,22723,21671,27768,27658,94063,78092,14998,38551,18702,24706,9160,16932,37606
2/19/2022 6 p.m. EST,23169,22446,27974,26834,97970,78383,15833,38303,19543,24319,9457,17179,37795
2/19/2022 7 p.m. EST,24531,24225,28515,26780,103680,81588,16201,38718,20224,25391,10034,18248,38225
2/19/2022 8 p.m. EST,26116,25136,29843,26054,105315,85347,15904,39896,20100,26897,10440,19564,39732
2/19/2022 9 p.m. EST,28708,25354,30345,24410,105462,85500,15489,41583,19739,27252,11060,19852,40776
2/19/2022 10 p.m. EST,30342,25315,30251,23223,104317,85126,14942,42060,19168,27346,11128,20129,41089
2/19/2022 11 p.m. EST,29874,25005,30048,21768,102212,83633,14269,41683,18507,27095,10927,20150,41070
2/20/2022 12 a.m. EST,29182,24670,29457,20139,100192,81678,13772,40616,17749,26837,10669,19940,40644
2/20/2022 1 a.m. EST,28336,24465,28802,19130,98369,79835,13660,39264,17175,26440,10301,19879,39876
2/20/2022 2 a.m. EST,27042,24654,28320,18180,97487,78708,13401,37808,16780,26477,10068,19975,39299
2/20/2022 3 a.m. EST,25609,25143,28088,17654,97313,77614,13287,36436,16514,26649,9808,20194,38992
2/20/2022 4 a.m. EST,24590,25853,27856,17585,97735,77241,12800,35506,16348,27235,9642,20533,38905
2/20/2022 5 a.m. EST,23756,26731,27797,17727,98131,77252,12879,35020,16404,27749,9626,20919,39053
2/20/2022 6 a.m. EST,23226,27977,28069,18288,99832,77981,13197,34991,16684,28725,9644,21403,39463
2/20/2022 7 a.m. EST,23016,29604,28526,19492,102492,79213,13696,35243,17111,29958,9800,22086,40445
2/20/2022 8 a.m. EST,23155,30911,29189,21247,103894,80942,13919,35973,17395,31192,10144,22694,41734
2/20/2022 9 a.m. EST,23538,30328,29679,23159,101291,81921,13474,37091,17441,31491,10644,22559,42927
2/20/2022 10 a.m. EST,24211,28449,29647,24080,97993,80922,12799,38517,17453,29913,10761,21209,43284
2/20/2022 11 a.m. EST,24009,26486,29099,24275,94888,78941,12577,39633,17360,28042,10502,19566,42759
2/20/2022 12 p.m. EST,23837,24821,28411,24350,92921,76696,12608,40196,17244,26321,10087,18202,40920
2/20/2022 1 p.m. EST,23294,23784,27761,24570,91281,75445,12502,40013,16884,25259,9505,17423,39321
2/20/2022 2 p.m. EST,22242,22767,27235,24771,89281,74158,12289,39392,16465,24595,9015,16551,38239
2/20/2022 3 p.m. EST,21574,21920,26713,25122,87624,72354,12421,38907,16346,24430,8784,15906,37474
2/20/2022 4 p.m. EST,21422,21589,26359,25585,86822,70923,12988,38432,16673,23938,8744,15581,37404
2/20/2022 5 p.m. EST,21475,21804,26314,25961,87103,70849,14391,38032,17524,23887,8766,15603,37409
2/20/2022 6 p.m. EST,22106,22849,26528,25964,90338,71889,15837,38010,18624,23708,9157,15926,37808
2/20/2022 7 p.m. EST,23481,24879,27189,25990,95687,74914,16285,38771,19288,24733,9830,16740,38576
2/20/2022 8 p.m. EST,25325,26196,28354,26045,97425,78323,15912,40379,19117,25925,10221,17761,39907
2/20/2022 9 p.m. EST,28223,26407,28813,25442,96687,78227,15357,42474,18654,25988,10840,17975,40652
2/20/2022 10 p.m. EST,30088,26146,28665,23666,94588,77014,14625,43321,18045,25564,11006,17841,40231
2/20/2022 11 p.m. EST,29820,25500,28117,21888,91700,75010,13708,42918,17259,24631,10827,17465,39277
2/21/2022 12 a.m. EST,29171,24926,27356,19676,89537,72481,13075,41800,16411,23568,10489,16828,37711
2/21/2022 1 a.m. EST,28329,24476,26568,18312,87997,70485,12451,40266,15766,22663,9983,16364,35918
2/21/2022 2 a.m. EST,26840,24340,26147,17211,87764,69781,11966,38455,15355,22224,9666,16063,34503
2/21/2022 3 a.m. EST,25346,24442,26018,16686,87630,69366,11796,37024,15119,22032,9342,16028,33695
2/21/2022 4 a.m. EST,24457,24866,25999,16550,88313,69226,11783,36394,15003,22222,9159,16085,33277
2/21/2022 5 a.m. EST,23679,25655,26250,16871,89400,69935,12032,36077,15157,22829,9110,16356,33225
2/21/2022 6 a.m. EST,23230,27349,26742,17964,93092,72169,12693,36170,15736,24008,9173,16959,33887
2/21/2022 7 a.m. EST,23142,29571,27932,19836,98501,75642,13621,36902,16611,25874,9466,18099,35463
2/21/2022 8 a.m. EST,23612,30611,29513,21547,101666,80257,13987,38352,17164,27352,10036,19091,37983
2/21/2022 9 a.m. EST,25026,29481,30475,23217,99568,82363,13483,40620,17088,27769,10822,19360,39406
2/21/2022 10 a.m. EST,26865,27510,30715,24501,95678,82537,12637,43044,16782,27490,11042,19031,40224
2/21/2022 11 a.m. EST,27505,25745,30709,25500,92325,82253,12164,44430,16507,27337,10725,18611,40933
2/21/2022 12 p.m. EST,27933,24461,30656,26456,89756,82117,11886,45147,16204,27008,10493,18330,41464
2/21/2022 1 p.m. EST,27606,23650,30422,27431,87680,81487,11788,45386,15868,26777,10072,17962,41890
2/21/2022 2 p.m. EST,27106,23055,30157,28214,87049,80789,11604,45072,15717,26532,9905,17690,42304
2/21/2022 3 p.m. EST,26418,22536,30048,28928,86772,80449,11757,44760,15691,26483,9726,17622,43094
2/21/2022 4 p.m. EST,26043,22439,29954,29508,86424,79964,12437,44642,16007,26539,9538,17680,43737
2/21/2022 5 p.m. EST,25791,22777,30018,29839,86198,79767,13566,44480,16847,26691,9682,17855,44339
2/21/2022 6 p.m. EST,25780,23551,30225,29597,88159,80487,14825,44542,17922,27040,10025,18213,44808
2/21/2022 7 p.m. EST,26389,24959,30629,29424,92176,82055,15328,45103,18617,27680,10405,18902,45006
2/21/2022 8 p.m. EST,28184,24898,31586,29209,92501,83656,14885,46534,18389,28041,10819,19180,45656
2/21/2022 9 p.m. EST,31162,24158,31622,27669,90796,82886,14387,48326,17880,27356,11611,18853,45741
2/21/2022 10 p.m. EST,33239,23008,31137,25653,87681,80919,13858,48944,17271,26233,11764,18332,44816
2/21/2022 11 p.m. EST,32959,21468,30345,23296,84687,77757,12953,48281,16456,24840,11632,17441,43244
2/22/2022 12 a.m. EST,32211,20128,29302,20829,82542,74391,12152,47134,15623,23519,11246,16381,40944
2/22/2022 1 a.m. EST,30968,19159,28328,18874,79323,71941,11656,44997,14902,22736,10590,15376,38411
2/22/2022 2 a.m. EST,29020,18587,27824,17654,77811,70086,11551,42743,14499,22428,10166,14933,36179
2/22/2022 3 a.m. EST,27158,18305,27698,17016,77618,68819,11576,41318,14347,21897,9841,14553,34743
2/22/2022 4 a.m. EST,26074,18466,27785,16819,77946,67697,11927,40634,14332,21483,9622,14441,33860
2/22/2022 5 a.m. EST,25294,18999,28200,17045,78015,67595,11833,40401,14579,21720,9576,14410,33442
2/22/2022 6 a.m. EST,24930,20136,29059,18331,80582,69424,12658,40714,15339,22402,9676,14760,33819
2/22/2022 7 a.m. EST,25015,22285,30747,20687,87632,73350,13672,41373,16508,23843,9928,15858,35386
2/22/2022 8 a.m. EST,25784,23268,33346,22317,91913,78320,14303,43158,17409,25033,10659,17085,38373
2/22/2022 9 a.m. EST,27620,23439,35206,23627,92421,81122,14266,46314,17900,25392,11726,17370,39675
2/22/2022 10 a.m. EST,29956,23385,35953,24890,92325,82518,14108,49489,18018,25369,11730,17356,40315
2/22/2022 11 a.m. EST,31076,23286,36578,26136,92449,83571,13943,50863,18102,25475,11177,17271,41177
2/22/2022 12 p.m. EST,30545,23380,36718,27098,92506,84431,14245,50699,17947,25365,10805,17357,42328
2/22/2022 1 p.m. EST,30097,23066,36473,28383,92494,84987,14542,50000,17964,25287,10419,17441,43341
2/22/2022 2 p.m. EST,28922,22891,36108,29527,92498,85246,14723,49130,18187,25406,10106,17107,43983
2/22/2022 3 p.m. EST,28391,22614,35707,30413,91573,85373,14849,48441,18430,25246,9726,17010,44488
2/22/2022 4 p.m. EST,27989,22560,35273,31154,90791,85080,15001,47880,18528,25262,9528,17129,44920
2/22/2022 5 p.m. EST,27502,22635,34944,31605,90940,84993,15386,47351,18756,25428,9610,17281,45424
2/22/2022 6 p.m. EST,28383,23152,35166,31375,92567,85833,15960,47075,19188,25451,9795,17542,45909
2/22/2022 7 p.m. EST,29246,24368,35825,31258,94367,87540,15840,47541,19141,26078,10256,18122,46387
2/22/2022 8 p.m. EST,30744,24619,37153,30893,93078,89476,15217,48905,18586,26749,10750,18376,47722
2/22/2022 9 p.m. EST,33048,23932,37763,29151,90721,88803,14474,50963,17889,26173,11460,17977,48535
2/22/2022 10 p.m. EST,34840,22576,37659,27156,87509,87539,13528,51909,17024,25126,11571,17457,48254
2/22/2022 11 p.m. EST,34583,21175,37144,24716,82813,84817,12771,51396,15938,23878,11524,16726,47191
2/23/2022 12 a.m. EST,33868,19643,36183,22106,79528,81912,11970,50086,14993,22184,11175,15692,45372
2/23/2022 1 a.m. EST,32706,18624,35495,19938,77272,79506,11306,47997,14322,21332,10585,15082,43553
2/23/2022 2 a.m. EST,30878,18210,35133,18596,76001,78071,10854,45703,13809,20814,10170,14653,42287
2/23/2022 3 a.m. EST,28865,17891,34989,17804,75375,77308,10375,44066,13593,20328,9859,14475,41593
2/23/2022 4 a.m. EST,27652,17817,35123,17337,75137,77186,10306,43398,13515,20118,9604,14440,41324
2/23/2022 5 a.m. EST,26820,18268,35358,17428,76344,77867,10654,43240,13661,19911,9573,14547,41600
2/23/2022 6 a.m. EST,26427,19347,35991,18563,79839,80152,11482,43520,14390,20538,9639,15129,42818
2/23/2022 7 a.m. EST,26481,21381,37320,20884,85910,84595,12307,44395,15604,22247,10030,16426,45418
2/23/2022 8 a.m. EST,27097,22404,39311,22379,90822,90257,13096,46252,16615,23852,10735,17842,49485
2/23/2022 9 a.m. EST,28954,22645,40595,23973,92605,92920,13288,49525,17250,24295,11739,18581,52011
2/23/2022 10 a.m. EST,31691,22899,40818,25726,92962,93420,13023,52746,17510,24653,11861,18782,53292
2/23/2022 11 a.m. EST,32497,23008,40766,27444,92930,93383,12412,54159,17541,24824,11566,18903,54584
2/23/2022 12 p.m. EST,31546,23044,40645,29033,92369,93384,12035,53064,17449,25093,11576,19035,55702
2/23/2022 1 p.m. EST,30218,22936,40243,30533,91461,93106,11882,51491,17188,25604,11654,19026,56512
2/23/2022 2 p.m. EST,29199,22793,39570,31770,91191,92820,11855,49698,17198,26082,11380,19165,57065
2/23/2022 3 p.m. EST,28044,22680,38968,32662,90979,92863,11591,48564,17130,26094,11273,19079,57424
2/23/2022 4 p.m. EST,27629,22670,38270,33340,91053,92363,12175,47290,17367,26288,11199,19064,57326
2/23/2022 5 p.m. EST,27632,22908,37856,33644,91671,92518,13002,46469,17929,26444,10969,19347,57477
2/23/2022 6 p.m. EST,27376,23283,38039,33018,94091,93606,14301,46063,18704,26520,11153,19978,58492
2/23/2022 7 p.m. EST,28440,24299,38590,32206,97458,95538,14900,46356,19179,26762,11514,20774,60028
2/23/2022 8 p.m. EST,30068,24561,39517,31661,97578,97306,14668,47874,18903,27203,11991,21244,61531
2/23/2022 9 p.m. EST,32885,23870,39569,29927,95960,96394,14249,50088,18437,26641,12669,21221,61643
2/23/2022 10 p.m. EST,35265,22738,39080,27658,93132,94340,13646,51269,17862,25454,12818,20816,60956
2/23/2022 11 p.m. EST,35262,21206,38268,25049,89998,91146,13109,50721,17051,23917,12667,19996,59160
2/24/2022 12 a.m. EST,34708,19714,37092,22116,88461,87411,12378,49468,16262,22325,12327,18989,57176
2/24/2022 1 a.m. EST,33645,18689,36089,20108,86685,85179,11907,47433,15705,21096,11725,18228,55103
2/24/2022 2 a.m. EST,31780,18145,35466,18642,85285,84130,11689,45033,15369,20683,11257,17802,54011
2/24/2022 3 a.m. EST,30141,17830,35203,17759,85015,83272,11636,43435,15158,20702,10956,17542,53556
2/24/2022 4 a.m. EST,28798,17795,35173,17306,85137,83091,11720,42602,15132,20001,10833,17493,53615
2/24/2022 5 a.m. EST,28065,18211,35224,17459,86023,82441,11958,42337,15433,19989,10859,17490,53956
2/24/2022 6 a.m. EST,27763,19390,35570,18673,89134,83501,12889,42482,16251,20783,11031,17909,54893
2/24/2022 7 a.m. EST,28089,21619,36544,20949,96625,87207,14261,43079,17561,22274,11495,19051,56847
2/24/2022 8 a.m. EST,28685,22767,38293,22463,101688,92037,15066,44710,18462,23813,12398,20427,59445
2/24/2022 9 a.m. EST,30716,23112,39316,24157,103467,94048,15095,47795,18940,24313,13622,20823,60591
2/24/2022 10 a.m. EST,33441,23544,39566,25746,104210,94410,14819,50838,19057,24731,13770,20830,60955
2/24/2022 11 a.m. EST,34163,23749,39502,27309,104246,94501,14650,52094,18913,25065,12930,20626,61053
2/24/2022 12 p.m. EST,32844,23717,39146,28848,103900,94127,14416,51380,18860,25369,12176,20581,60758
2/24/2022 1 p.m. EST,30600,23825,38580,30585,103438,93557,14495,50132,18842,25836,11278,20366,60491
2/24/2022 2 p.m. EST,28985,23881,37922,32132,103191,92887,14852,48836,18823,26463,10614,20119,59708
2/24/2022 3 p.m. EST,27836,24035,37402,33193,102652,92584,14936,47427,18691,26484,10140,19791,58650
2/24/2022 4 p.m. EST,26505,24117,36888,34090,102702,92219,14923,46503,18715,26539,9756,19410,57687
2/24/2022 5 p.m. EST,26003,24235,36593,34373,103877,92152,15363,45331,19321,26719,9599,19208,57325
2/24/2022 6 p.m. EST,25954,24732,36814,33609,106452,92669,16429,44803,20230,26559,9694,19291,57649
2/24/2022 7 p.m. EST,26877,25790,37199,32699,108396,93744,16815,44962,20637,26653,10145,19682,58622
2/24/2022 8 p.m. EST,28715,25864,38033,31945,107378,94829,16432,46090,20283,27275,10677,19914,60260
2/24/2022 9 p.m. EST,31888,25274,38147,30056,105365,93683,15849,48129,19678,26574,11766,19599,60628
2/24/2022 10 p.m. EST,34325,23982,37954,27887,102295,91762,15085,49305,18959,25573,12168,19034,60273
2/24/2022 11 p.m. EST,34294,22746,37321,25413,97824,88933,14169,49049,18011,24008,12234,18341,59056
2/25/2022 12 a.m. EST,33835,21433,36285,22659,94886,86892,13304,48062,17022,22404,12029,17454,56878
2/25/2022 1 a.m. EST,32922,20460,35573,20471,93132,85143,12770,46243,16303,21284,11497,16739,55070
2/25/2022 2 a.m. EST,31174,20006,35233,18950,91438,83259,12527,44161,15924,20657,11177,16368,54039
2/25/2022 3 a.m. EST,29536,19769,35182,17995,90496,82163,12350,42778,15741,20536,10935,16236,53560
2/25/2022 4 a.m. EST,28664,19803,35277,17551,90781,82150,12391,42238,15728,20204,10829,16385,53840
2/25/2022 5 a.m. EST,27921,20263,35624,17693,91390,82903,12495,42233,15910,20095,10847,16693,54526
2/25/2022 6 a.m. EST,27578,21535,36244,18772,93172,83726,13153,42554,16550,20352,10996,17146,55950
2/25/2022 7 a.m. EST,27669,23603,37474,21049,98837,86880,14129,43367,17598,21779,11432,18519,58517
2/25/2022 8 a.m. EST,28411,24573,39364,22407,103605,92003,14991,45305,18504,23261,12280,20067,62244
2/25/2022 9 a.m. EST,30291,24760,40281,24292,105759,94701,15819,48396,19377,23997,13414,20697,63848
2/25/2022 10 a.m. EST,32828,24769,39995,26243,105778,95540,16348,51464,20039,24570,13568,21041,63535
2/25/2022 11 a.m. EST,33087,24574,39204,27863,104459,95276,16703,52429,20267,24912,12727,21283,62745
2/25/2022 12 p.m. EST,31662,24084,38249,29451,102454,94381,16841,50952,20360,25163,11847,21303,61315
2/25/2022 1 p.m. EST,29636,23566,37116,30986,100027,93076,16799,49192,20312,25222,10904,21251,59689
2/25/2022 2 p.m. EST,28079,23128,35986,32435,97236,91921,16598,47435,19959,25215,10279,21108,57930
2/25/2022 3 p.m. EST,26505,22765,35092,33550,95880,90723,16313,45709,19527,25129,9848,20882,56611
2/25/2022 4 p.m. EST,25650,22441,34419,34237,96438,89538,16152,44340,19303,24926,9542,20650,55718
2/25/2022 5 p.m. EST,25309,22703,33914,34441,96354,89127,16387,43175,19628,24851,9491,20776,55712
2/25/2022 6 p.m. EST,25490,22889,34024,33535,98448,90031,17038,42536,20131,24924,9635,21180,56378
2/25/2022 7 p.m. EST,26420,23446,34564,31751,101327,91655,17180,42576,20485,25341,10080,21895,57140
2/25/2022 8 p.m. EST,28058,23691,35614,30653,101310,93807,16630,43643,20165,25987,10577,22652,58091
2/25/2022 9 p.m. EST,30908,23106,35902,28901,99949,93008,16008,45655,19683,25662,11505,22526,57957
2/25/2022 10 p.m. EST,33113,22295,35700,29885,98003,91565,15279,46802,19139,25201,11769,22332,57130
2/25/2022 11 p.m. EST,32933,21313,35244,27830,95366,89330,14421,46715,18286,24337,11752,21879,55831
2/26/2022 12 a.m. EST,32292,20317,34477,33189,92856,86785,13669,45838,17444,23267,11582,21225,53804
2/26/2022 1 a.m. EST,31675,19500,33729,20641,90573,84794,13343,44753,16834,22420,11236,20530,51962
2/26/2022 2 a.m. EST,30353,19115,33281,19101,89340,83534,13075,43105,16445,22291,10999,20184,50633
2/26/2022 3 a.m. EST,28966,19033,32973,18078,89273,83229,12952,41660,16200,22378,10699,19928,49873
2/26/2022 4 a.m. EST,27920,19173,32979,17487,89488,82314,12970,40824,16093,22454,10543,19983,49420
2/26/2022 5 a.m. EST,27339,19552,33141,17276,89693,81302,13174,40548,16177,22621,10514,20223,49396
2/26/2022 6 a.m. EST,26767,20222,33476,17530,91757,82075,13618,40652,16550,22847,10617,20470,49947
2/26/2022 7 a.m. EST,26449,21374,34118,18363,95054,83979,14131,41081,17102,23570,10853,21006,51021
2/26/2022 8 a.m. EST,26677,22568,35042,19830,97397,86299,14821,42089,17619,24617,11323,21603,52700
2/26/2022 9 a.m. EST,27557,23909,35641,22543,99085,87964,15015,43646,18029,25658,11976,22122,54129
2/26/2022 10 a.m. EST,28628,24620,35626,25021,98633,88343,15049,45186,18006,26046,12048,22510,55633
2/26/2022 11 a.m. EST,28115,24430,34980,26908,97049,87533,14800,46162,17661,25719,11494,22410,56780
2/26/2022 12 p.m. EST,26665,24092,34174,28828,95041,86266,14369,46310,17399,25030,10926,21898,57111
2/26/2022 1 p.m. EST,25520,23418,33297,30114,93968,84363,14068,45583,17158,24341,10278,21418,56444
2/26/2022 2 p.m. EST,24456,22817,32301,31358,92946,82214,13641,44361,16974,24296,9700,20937,55290
2/26/2022 3 p.m. EST,23430,22386,31417,32377,91751,80897,13447,43259,16920,23995,9265,20544,54225
2/26/2022 4 p.m. EST,22974,22511,30697,32990,91090,79824,13732,42252,17161,23895,9007,20356,53316
2/26/2022 5 p.m. EST,22920,22838,30245,33033,92545,79299,14259,41479,17776,24099,8964,20362,53007
2/26/2022 6 p.m. EST,23799,23411,30412,31845,94438,79350,15355,41237,18634,24096,9186,20632,53096
2/26/2022 7 p.m. EST,24909,24443,30903,30422,97580,82102,15914,41654,19275,24643,9716,21054,53470
2/26/2022 8 p.m. EST,26504,24622,32128,29504,98532,85203,15606,42937,19069,25179,10229,21291,54520
2/26/2022 9 p.m. EST,28856,24261,32745,27777,97907,85291,15141,44632,18692,24953,11068,21194,54683
2/26/2022 10 p.m. EST,30751,23609,32814,29502,96310,84285,14599,45296,18214,24290,11273,20796,54102
2/26/2022 11 p.m. EST,30420,22684,32541,25119,94173,82538,13899,44771,17527,23417,11126,20267,53062
2/27/2022 12 a.m. EST,29943,21772,31936,30829,92156,80381,13459,43744,16820,22377,10972,19578,51502
2/27/2022 1 a.m. EST,29286,21166,31385,20266,90207,78855,12963,42259,16230,21459,10627,18926,49880
2/27/2022 2 a.m. EST,27967,20730,31030,18845,88965,77757,12886,40591,15807,21248,10348,18472,48676
2/27/2022 3 a.m. EST,26680,20515,30876,17889,88425,77145,12762,39073,15541,20890,10165,18216,47932
2/27/2022 4 a.m. EST,25676,20461,31006,17380,88095,76480,12739,38108,15392,20655,10050,18002,47808
2/27/2022 5 a.m. EST,24858,20666,31178,17122,88382,76598,12623,37595,15387,20728,10101,17870,48095
2/27/2022 6 a.m. EST,24412,21121,31495,17231,89596,77370,12641,37412,15623,20779,10161,18104,48767
2/27/2022 7 a.m. EST,24103,21960,32010,17775,91611,78769,13085,37613,15980,21111,10362,18486,49984
2/27/2022 8 a.m. EST,24303,22879,32858,19152,92719,80248,13322,38136,16216,21673,10722,19065,51701
2/27/2022 9 a.m. EST,24830,24205,33176,21979,92181,81386,13269,39205,16333,22955,11254,19723,52857
2/27/2022 10 a.m. EST,25590,24937,32717,24632,90186,81187,13105,40254,16393,23997,11339,20215,52474
2/27/2022 11 a.m. EST,25085,25084,31745,26673,87901,80144,12962,41026,16413,24515,10847,19913,51206
2/27/2022 12 p.m. EST,23971,25036,30567,28439,86779,78409,12948,41663,16367,24696,10395,19401,49378
2/27/2022 1 p.m. EST,23127,25149,29620,30108,86199,77128,12784,41542,16226,24736,9800,18996,47242
2/27/2022 2 p.m. EST,21710,25074,28784,31446,85185,76014,12778,41010,16333,24628,9329,18627,45208
2/27/2022 3 p.m. EST,20716,24930,27961,32479,83945,74276,12872,40541,16501,24581,9051,18150,43158
2/27/2022 4 p.m. EST,20435,24849,27298,33075,83402,73198,13367,40041,16813,24538,8939,17832,41374
2/27/2022 5 p.m. EST,20679,25080,26951,33169,84806,72864,14184,39573,17459,24643,9010,17638,40424
2/27/2022 6 p.m. EST,21309,25709,26988,32514,87171,73579,15316,39536,18330,25161,9305,17893,40242
2/27/2022 7 p.m. EST,22402,26687,27673,31527,92165,76837,15913,40178,19037,26027,9866,18655,41138
2/27/2022 8 p.m. EST,24924,27054,29145,30931,94461,81172,15588,41595,18893,26807,10323,19859,43991
2/27/2022 9 p.m. EST,28030,26635,30241,29107,94020,82471,15052,43089,18482,26536,11133,20139,46359
2/27/2022 10 p.m. EST,30388,25864,30559,26929,91990,81836,14354,43587,17897,25745,11388,20024,47143
2/27/2022 11 p.m. EST,30193,24848,30413,24459,89100,80138,13541,43051,17066,24531,11280,19923,47207
2/28/2022 12 a.m. EST,29527,23842,29726,22049,87134,78063,13291,41852,16332,23205,10928,19422,46253
2/28/2022 1 a.m. EST,28643,23346,29077,19651,85453,76569,12858,39977,15808,22389,10375,19204,45245
2/28/2022 2 a.m. EST,27090,23303,28809,18217,84859,75699,12656,37825,15525,22429,9987,19222,44790
2/28/2022 3 a.m. EST,25653,23620,28913,17426,84828,75669,12618,36482,15425,22252,9657,19407,45103
2/28/2022 4 a.m. EST,24836,24287,29105,17056,85876,75916,12493,35692,15500,22401,9523,19777,45848
2/28/2022 5 a.m. EST,24203,25552,29463,17232,88734,77284,12932,35508,15855,22993,9511,20366,47024
2/28/2022 6 a.m. EST,23926,27892,30238,18344,93556,80208,13706,35529,16804,24245,9610,21382,49159
2/28/2022 7 a.m. EST,23981,31033,31777,20452,101469,85338,15231,36045,18343,26448,9980,23218,52731
2/28/2022 8 a.m. EST,24836,31971,34141,21992,104924,90984,15792,37532,19137,28285,10679,24600,57566
2/28/2022 9 a.m. EST,26763,30119,35084,23465,102261,92505,15291,40124,19085,28592,11731,23895,58597
2/28/2022 10 a.m. EST,29461,27703,34075,24847,98279,89546,14594,42862,18847,27946,11859,21975,54783
2/28/2022 11 a.m. EST,30103,26034,32680,26380,95296,86305,14159,43749,18520,27199,11430,20319,50531
2/28/2022 12 p.m. EST,28831,24759,31463,27574,92918,83900,13859,43263,18223,26411,11050,19308,47208
2/28/2022 1 p.m. EST,27472,23799,30559,28684,91051,81560,13564,42715,17942,25680,10479,18464,44602
2/28/2022 2 p.m. EST,26527,23032,29807,29622,89820,79805,13407,42221,17841,25116,9982,17875,42323
2/28/2022 3 p.m. EST,25801,22418,29197,30135,88339,78174,13460,41690,17847,24944,9680,17371,40903
2/28/2022 4 p.m. EST,25600,22196,28606,30313,87608,76745,14113,41265,18287,24726,9540,16996,39853
2/28/2022 5 p.m. EST,25916,22430,28278,30269,89000,76256,15414,40899,19155,24625,9511,16881,39445
2/28/2022 6 p.m. EST,26726,23070,28281,30098,92625,76890,16893,40700,20126,24576,9760,17025,39712
2/28/2022 7 p.m. EST,28088,25026,28499,29948,97896,78956,17490,41003,20850,25640,10238,17878,40387
2/28/2022 8 p.m. EST,29679,25977,29502,29659,99811,82235,17147,42049,20615,27061,10716,19154,42286
2/28/2022 9 p.m. EST,32164,25831,30043,28103,98716,82613,16547,43413,20128,27111,11444,19388,43619
2/28/2022 10 p.m. EST,33677,25566,29957,26023,96278,81515,15710,43724,19324,26575,11656,19391,43678
2/28/2022 11 p.m. EST,33043,24693,29514,23679,92534,79516,14695,42906,18212,25713,11435,19154,43000
3/1/2022 12 a.m. EST,31829,23788,28478,21192,89681,77332,13856,41155,17225,24539,11013,18619,41421
3/1/2022 1 a.m. EST,30570,23476,27626,19219,86754,75499,13341,39084,16471,24325,10373,18287,39930
3/1/2022 2 a.m. EST,28557,23480,27167,17971,85664,74551,13075,36973,16033,24055,9957,18187,39152
3/1/2022 3 a.m. EST,26681,23804,27039,17283,85512,74258,12970,35246,15760,24237,9637,18176,39237
3/1/2022 4 a.m. EST,25678,24485,27185,16915,85978,73640,13045,34183,15718,24611,9469,18424,39638
3/1/2022 5 a.m. EST,24782,25490,27485,17137,88277,73875,13401,33783,15903,25066,9357,19051,40590
3/1/2022 6 a.m. EST,24370,27548,28243,18383,92392,75493,14318,33535,16693,26622,9475,20010,42343
3/1/2022 7 a.m. EST,24301,30020,29659,20815,99346,80265,15718,34060,18019,29382,9813,21627,45738
3/1/2022 8 a.m. EST,24918,30758,31865,22343,102600,85835,16173,35617,18809,31213,10518,22974,50357
3/1/2022 9 a.m. EST,26681,29217,32662,23496,101099,87369,15878,38205,19105,30824,11536,22436,51493
3/1/2022 10 a.m. EST,29055,26732,31663,24138,98134,85226,15674,40747,19154,29029,11450,20617,48794
3/1/2022 11 a.m. EST,29216,24891,30559,24510,95425,82436,15713,41543,19068,27327,10767,19317,45602
3/1/2022 12 p.m. EST,28236,23495,29728,24931,93552,79895,15686,41057,18873,26016,10305,18308,43192
3/1/2022 1 p.m. EST,27356,22736,29120,25458,91896,77844,15547,40357,18728,25163,9803,17526,41371
3/1/2022 2 p.m. EST,26615,22250,28641,26059,91257,76349,15405,39603,18607,25038,9518,17024,40166
3/1/2022 3 p.m. EST,26326,21914,28207,26689,90441,75238,15248,39015,18573,24940,9385,16834,39564
3/1/2022 4 p.m. EST,26589,21755,27988,27374,89884,74351,15511,38735,18711,24865,9395,16563,39283
3/1/2022 5 p.m. EST,27453,21895,27917,27962,89410,73830,15984,38471,19030,24814,9609,16313,39118
3/1/2022 6 p.m. EST,28179,22414,27868,27957,90821,74297,16604,38165,19588,24474,9941,16523,39586
3/1/2022 7 p.m. EST,29456,23776,27886,27933,93902,75806,16764,38531,19984,24955,10488,17137,39998
3/1/2022 8 p.m. EST,31010,24543,28545,28071,94611,78783,16337,39522,19620,26298,10895,18125,41228
3/1/2022 9 p.m. EST,32658,24301,29014,26820,93096,79240,15706,40997,18975,26222,11512,18143,42136
3/1/2022 10 p.m. EST,33669,23500,28663,24701,89831,77982,14739,41527,18040,25501,11585,17945,41541
3/1/2022 11 p.m. EST,32964,22408,28074,22469,86024,76081,13613,41051,16981,24575,11430,17375,40586
3/2/2022 12 a.m. EST,31801,21517,27132,20276,83917,73669,12618,39712,15952,23458,11003,16774,38860
3/2/2022 1 a.m. EST,30368,20982,26267,18368,81120,71963,12280,37692,15254,22684,10316,16219,37004
3/2/2022 2 a.m. EST,28480,20973,25783,17310,79446,70589,12127,35767,14822,22638,9901,15908,35816
3/2/2022 3 a.m. EST,26520,21224,25606,16797,79247,70165,11949,34176,14598,22844,9479,16039,35365
3/2/2022 4 a.m. EST,25358,21707,25630,16650,79371,69845,11947,33228,14550,23282,9234,16233,35440
3/2/2022 5 a.m. EST,24561,22755,25923,17044,80579,70218,11978,32767,14807,23806,9153,16522,36180
3/2/2022 6 a.m. EST,24116,24892,26580,18578,85454,72164,12647,32683,15689,25542,9202,17254,37631
3/2/2022 7 a.m. EST,24061,27671,27903,21302,93304,77042,14067,33056,17129,28307,9500,18774,40583
3/2/2022 8 a.m. EST,24925,28568,30345,23026,96494,82652,14490,34631,17916,30102,10213,20032,44934
3/2/2022 9 a.m. EST,26586,26606,31249,23540,93872,84078,13866,37512,18079,29297,11206,19666,46228
3/2/2022 10 a.m. EST,28703,24540,30514,23745,90374,82312,13332,40063,17821,27621,11103,18489,44383
3/2/2022 11 a.m. EST,28900,23338,29772,24022,88627,80173,13292,40905,17549,26173,10412,17597,42295
3/2/2022 12 p.m. EST,27977,22448,29249,24362,86596,78490,12902,40743,17107,25507,9975,17211,40716
3/2/2022 1 p.m. EST,27564,21992,28828,24792,85590,77123,12432,40271,16642,25068,9609,16843,39887
3/2/2022 2 p.m. EST,26897,21894,28556,25647,85258,76211,12257,39677,16410,25293,9390,16583,39371
3/2/2022 3 p.m. EST,26578,21822,28602,25934,84636,75745,12687,39546,16462,25195,9345,16419,39397
3/2/2022 4 p.m. EST,26471,22012,28691,26702,84623,75358,13264,39336,16958,25350,9499,16396,39554
3/2/2022 5 p.m. EST,26954,22301,28795,27296,84500,75238,14290,39220,17866,25044,9778,16447,39796
3/2/2022 6 p.m. EST,28011,22544,28926,27417,86559,75978,15308,39489,18809,24842,10203,16533,40192
3/2/2022 7 p.m. EST,29467,23567,28968,27684,90333,77293,16015,39762,19450,25173,10798,16811,40461
3/2/2022 8 p.m. EST,30990,24010,29459,27619,91374,79461,15742,40236,19234,26009,11174,17396,41179
3/2/2022 9 p.m. EST,32332,23473,29720,26317,90045,79507,15216,41510,18711,25584,11600,17155,41773
3/2/2022 10 p.m. EST,33629,22505,29352,24525,87488,77857,14419,42256,17930,24707,11611,16693,41120
3/2/2022 11 p.m. EST,32904,21089,28571,22413,83784,75405,13647,41604,16861,23413,11384,16014,39834
3/3/2022 12 a.m. EST,31794,19850,27420,20091,81161,72827,12743,40211,15877,22109,10958,15161,37738
3/3/2022 1 a.m. EST,30381,19158,26335,18326,79067,70767,12663,38062,15127,21540,10295,14568,35616
3/3/2022 2 a.m. EST,28572,18889,25723,17270,78257,69311,12571,36047,14689,21056,9860,14222,34104
3/3/2022 3 a.m. EST,26788,18927,25472,16733,78034,68828,12483,34170,14482,20961,9462,14146,33332
3/3/2022 4 a.m. EST,25705,19250,25441,16582,78243,68566,12491,33479,14441,21183,9176,14242,33145
3/3/2022 5 a.m. EST,24867,20039,25612,16989,79341,68799,12801,33344,14730,21937,9078,14604,33406
3/3/2022 6 a.m. EST,24399,21823,26195,18476,82737,71002,13535,33316,15673,23191,9092,15269,34450
3/3/2022 7 a.m. EST,24241,24539,27622,21043,89623,75882,14381,33932,17160,25622,9288,16733,36920
3/3/2022 8 a.m. EST,24797,25402,29940,22767,93736,81544,14921,35304,18018,27488,9900,18149,40569
3/3/2022 9 a.m. EST,26349,24179,31054,23617,93592,83562,14364,38108,18051,27012,10789,18010,41714
3/3/2022 10 a.m. EST,28601,23058,30731,24250,92102,83028,13640,40924,17903,25909,10753,17267,41268
3/3/2022 11 a.m. EST,29067,22412,30204,25039,90470,81745,13023,42108,17680,24914,10353,16784,40540
3/3/2022 12 p.m. EST,29107,22113,29803,25949,88864,80559,12603,41770,17425,24462,10157,16542,40079
3/3/2022 1 p.m. EST,28778,22055,29362,26902,87703,79403,12136,41116,17140,24887,9877,16533,40034
3/3/2022 2 p.m. EST,28588,22160,29071,27855,86988,78662,11994,40458,17065,25190,9754,16458,40216
3/3/2022 3 p.m. EST,27927,22354,29019,28776,86535,78000,12167,39956,17084,25396,9771,16512,40648
3/3/2022 4 p.m. EST,27757,22653,29008,29691,86465,77367,12939,39549,17433,25193,9883,16470,41180
3/3/2022 5 p.m. EST,27595,22989,29076,30185,88513,77244,14343,39298,18347,24955,10241,16553,41593
3/3/2022 6 p.m. EST,27895,23269,29060,29930,92226,78160,15833,39201,19461,24932,10730,16619,41896
3/3/2022 7 p.m. EST,28503,23944,29078,29438,97018,79849,16534,39420,20302,25068,11222,16876,41938
3/3/2022 8 p.m. EST,29744,24216,29691,29029,98819,82634,16384,40335,20246,25959,11386,17463,42341
3/3/2022 9 p.m. EST,31715,23489,30060,27452,98159,82777,16049,41909,19832,25393,11840,17265,42760
3/3/2022 10 p.m. EST,33126,22283,29771,25546,96014,81327,15349,43107,19147,24453,11626,16921,42117
3/3/2022 11 p.m. EST,32693,20739,29088,23220,92352,78750,14432,42720,18216,23115,11718,16102,40723
3/4/2022 12 a.m. EST,31871,19266,28009,20728,89644,75933,13614,41498,17321,21629,11232,15138,38628
3/4/2022 1 a.m. EST,30626,18324,26971,18780,87467,73691,13122,39811,16699,20624,10625,14419,36312
3/4/2022 2 a.m. EST,28737,17811,26289,17512,86758,72172,13140,37728,16328,20355,10142,14000,34582
3/4/2022 3 a.m. EST,27009,17767,25972,16808,87029,71362,12820,36214,16149,20422,9833,13899,33451
3/4/2022 4 a.m. EST,25826,18084,25915,16510,88041,71000,12889,35281,16145,20613,9769,14060,32931
3/4/2022 5 a.m. EST,24890,18833,26083,16708,90466,71661,13288,34811,16442,20961,9151,14348,32877
3/4/2022 6 a.m. EST,24255,20504,26583,17988,95278,73605,14267,34746,17318,21943,9143,14992,33508
3/4/2022 7 a.m. EST,24062,23151,27857,20375,102745,78263,15634,35105,18673,24489,9308,16543,35369
3/4/2022 8 a.m. EST,24561,24468,29846,22106,105989,83612,15677,36652,19303,26130,9756,17950,38480
3/4/2022 9 a.m. EST,26103,24301,30800,23563,103148,85148,14660,39208,19012,26127,10511,18002,39889
3/4/2022 10 a.m. EST,28215,23908,30748,24803,99344,83946,13761,42154,18533,25433,10436,17394,40452
3/4/2022 11 a.m. EST,29474,23227,30364,25939,96048,81953,13398,43323,18193,24671,10031,16891,41206
3/4/2022 12 p.m. EST,29586,22648,29910,26982,93063,79877,12979,43165,17926,24209,9999,16718,41422
3/4/2022 1 p.m. EST,28897,22079,29533,28165,91146,78382,12919,42831,17652,24079,9767,16458,41721
3/4/2022 2 p.m. EST,28948,21745,29264,29289,89804,77174,12795,41976,17421,24361,9687,16472,41864
3/4/2022 3 p.m. EST,28528,21438,29208,30261,88986,76460,12953,41017,17244,24788,9744,16564,42106
3/4/2022 4 p.m. EST,28629,21357,28976,31000,88618,75645,13279,40307,17550,24894,9954,16560,42229
3/4/2022 5 p.m. EST,27731,21511,28795,31236,88912,75545,14443,39773,18342,24684,9987,16508,42323
3/4/2022 6 p.m. EST,27455,21955,28731,30415,91652,75721,15829,39376,19299,24659,9922,16583,42388
3/4/2022 7 p.m. EST,27924,22946,28572,29287,95850,76765,16319,39539,19932,24508,10353,16634,42279
3/4/2022 8 p.m. EST,28825,23385,28889,28617,96939,78496,16052,40508,19719,24823,10666,16933,42429
3/4/2022 9 p.m. EST,30845,22998,28915,27006,95963,77867,15589,41828,19263,24335,11180,16529,42474
3/4/2022 10 p.m. EST,32599,22461,28394,25280,94005,76227,14971,42519,18612,23417,11247,16147,41582
3/4/2022 11 p.m. EST,32179,21559,27693,23460,90981,73766,14167,41982,17797,22319,11090,15436,40571
3/5/2022 12 a.m. EST,31431,20684,26811,21426,87941,70982,13407,40945,16967,21129,10795,14608,39014
3/5/2022 1 a.m. EST,30616,19873,25712,19590,85394,68111,12868,39390,16266,19965,10384,13778,37117
3/5/2022 2 a.m. EST,29040,19425,25021,18247,83739,65991,12582,37731,15889,19900,10083,13329,35462
3/5/2022 3 a.m. EST,27116,19303,24536,17439,82954,64776,12446,36318,15643,19553,9739,13135,34286
3/5/2022 4 a.m. EST,26223,19340,24267,16925,82717,64086,12457,35641,15541,19355,9435,12888,33565
3/5/2022 5 a.m. EST,25283,19621,24175,16867,83433,63889,12642,35325,15623,19509,9324,12946,33153
3/5/2022 6 a.m. EST,24573,20191,24285,17259,85312,64570,13092,35544,15945,19444,9306,13169,33085
3/5/2022 7 a.m. EST,24308,21209,24772,18204,87613,66257,13618,35919,16402,19917,9411,13609,33661
3/5/2022 8 a.m. EST,24560,22080,25513,19786,89255,68116,13633,36613,16792,20767,9698,14149,34692
3/5/2022 9 a.m. EST,25391,22515,26218,22357,89162,69586,13177,37937,16925,21802,10078,14772,35878
3/5/2022 10 a.m. EST,26291,22240,27075,24687,87182,71210,12495,39586,16878,22452,10123,15228,37720
3/5/2022 11 a.m. EST,26362,21636,27738,26423,84669,71911,12491,41188,16631,22613,10029,15273,39450
3/5/2022 12 p.m. EST,26363,21057,28138,27764,82133,71919,12554,41834,16302,22767,10093,15336,40797
3/5/2022 1 p.m. EST,25572,20611,28376,29052,80300,71527,12254,41743,16126,22852,9770,15242,41796
3/5/2022 2 p.m. EST,25030,20297,28341,30128,79506,71194,12194,41138,15973,23036,9683,15295,42208
3/5/2022 3 p.m. EST,24150,20259,28146,30869,79120,70608,12464,40310,16010,23251,9488,15253,42335
3/5/2022 4 p.m. EST,23469,20338,28054,31425,79073,70439,12942,39280,16298,23653,9402,15300,42429
3/5/2022 5 p.m. EST,22652,20635,28019,31537,79219,70353,13481,38334,16911,23933,9292,15297,42766
3/5/2022 6 p.m. EST,23119,21023,28175,30821,80301,71170,14462,37899,17615,23959,9443,15434,42990
3/5/2022 7 p.m. EST,24686,21653,28364,29674,82867,72205,15060,38223,18192,23806,9859,15641,42725
3/5/2022 8 p.m. EST,26097,21941,28858,28978,83521,73556,14698,39239,17964,24289,10197,16129,42693
3/5/2022 9 p.m. EST,28984,21231,29024,27316,82314,72996,14188,40596,17548,23754,10754,15804,42821
3/5/2022 10 p.m. EST,31298,20509,28538,25912,80311,71297,13558,41300,16980,22847,11020,15403,41779
3/5/2022 11 p.m. EST,31259,19545,27917,24029,77759,68935,12796,41562,16217,21664,10837,14891,40665
3/6/2022 12 a.m. EST,30814,18456,27191,22091,76628,66976,12056,40628,15433,20589,10583,14210,39298
3/6/2022 1 a.m. EST,30038,17531,26421,20283,74180,65400,11482,39472,14765,19655,10164,13472,37836
3/6/2022 2 a.m. EST,28642,16901,25939,18881,72657,63889,11596,38001,14286,19025,9991,12925,36381
3/6/2022 3 a.m. EST,27280,16574,25733,17944,71680,62661,11455,36854,13944,18452,9678,12581,35114
3/6/2022 4 a.m. EST,26134,16409,25648,17365,71049,61918,11333,36012,13744,18629,9507,12393,34244
3/6/2022 5 a.m. EST,25337,16388,25658,17124,71289,61937,11377,35790,13719,18610,9429,12284,33675
3/6/2022 6 a.m. EST,24987,16732,25968,17272,72181,62285,11610,35902,13913,18398,9433,12416,33459
3/6/2022 7 a.m. EST,24912,17320,26442,17829,73534,62845,12019,36088,14246,18885,9574,12653,33635
3/6/2022 8 a.m. EST,25073,18000,27066,19237,75011,63355,12048,36919,14655,19550,9870,12958,34141
3/6/2022 9 a.m. EST,25571,19502,27709,22133,76435,64982,12436,38363,15149,20325,10349,13747,34898
3/6/2022 10 a.m. EST,26008,20346,28693,24967,77288,67925,13010,39893,15465,21452,10350,14454,36980
3/6/2022 11 a.m. EST,24920,20440,29166,26973,77739,69704,13271,41170,15484,22146,10059,14896,38990
3/6/2022 12 p.m. EST,24103,20698,29122,28703,77689,70626,13394,41920,15224,22797,9888,15194,40508
3/6/2022 1 p.m. EST,23050,21095,29029,30170,77275,71221,12355,41954,14940,23377,9457,15532,41668
3/6/2022 2 p.m. EST,21703,21231,29049,31427,76027,71485,11391,41479,14585,23975,9152,15752,42445
3/6/2022 3 p.m. EST,20865,21434,29071,32418,75410,71476,11450,40782,14269,24513,8944,15936,42961
3/6/2022 4 p.m. EST,20476,21717,29214,33129,76003,71499,11859,40001,14699,24826,8864,15984,43173
3/6/2022 5 p.m. EST,20368,22196,29501,33369,77258,72152,12794,39303,15505,25165,8885,16220,43399
3/6/2022 6 p.m. EST,20690,22595,30025,32749,79178,73566,13715,38850,16279,25414,9166,16403,43637
3/6/2022 7 p.m. EST,21641,23297,30830,31820,82332,75650,14320,39187,16992,25425,9721,16539,43713
3/6/2022 8 p.m. EST,24253,23789,31635,31368,83490,77735,13938,40221,16847,26139,10238,17108,44086
3/6/2022 9 p.m. EST,27588,22975,32104,29660,81946,77718,13302,41941,16434,25571,11015,16988,44596
3/6/2022 10 p.m. EST,30529,21751,31863,27747,78974,76145,12467,43245,15808,24455,11428,16415,43926
3/6/2022 11 p.m. EST,30698,20179,31150,25447,75742,73752,11750,43151,15006,22982,11346,15619,42624
3/7/2022 12 a.m. EST,30309,18837,30177,22902,73135,70734,10929,42258,14233,21338,11023,14649,40680
3/7/2022 1 a.m. EST,29477,17742,29305,20746,71559,68294,10604,40689,13672,20286,10546,13836,38567
3/7/2022 2 a.m. EST,28120,17055,28836,19287,70347,67644,10563,38791,13296,19793,10298,13260,36837
3/7/2022 3 a.m. EST,26362,16752,28706,18434,70032,67146,10736,37272,13090,19308,10083,12943,35747
3/7/2022 4 a.m. EST,25488,16584,28796,18036,70053,66893,10797,36565,13072,19000,9965,12842,35260
3/7/2022 5 a.m. EST,24833,17022,29016,18226,70133,66541,10974,36487,13350,19242,9901,12782,35556
3/7/2022 6 a.m. EST,24634,18269,29689,19443,73442,68465,11410,36847,14185,19816,10087,13171,36545
3/7/2022 7 a.m. EST,24764,20390,31186,21540,79670,73005,12494,37706,15575,21396,10497,14139,38817
3/7/2022 8 a.m. EST,25760,21430,33471,23165,84005,78511,12951,39633,16508,22875,11324,15284,42581
3/7/2022 9 a.m. EST,27770,21919,34660,25185,85405,81512,12972,42854,16874,23481,12350,15777,44807
3/7/2022 10 a.m. EST,30326,22382,34746,27328,86150,82748,13151,45858,17172,24506,12244,16061,45948
3/7/2022 11 a.m. EST,30378,22932,34560,29305,86590,83306,13199,46834,17341,25233,11445,16377,46644
3/7/2022 12 p.m. EST,28973,23579,34180,31125,86737,83859,12928,46141,17395,25613,10858,16706,46753
3/7/2022 1 p.m. EST,27412,24165,33453,32587,87606,83766,12823,45092,17431,26174,10306,16686,46367
3/7/2022 2 p.m. EST,26190,24478,32784,33748,88213,83628,13248,43732,17532,26394,9898,16795,45552
3/7/2022 3 p.m. EST,25084,24673,32275,34524,88078,83265,13534,42693,17530,26552,9602,16681,44605
3/7/2022 4 p.m. EST,24632,24665,31598,35357,88393,82624,13690,41775,17677,26588,9585,16530,43528
3/7/2022 5 p.m. EST,24503,24801,31168,35011,89587,82440,14175,41125,18076,26492,9609,16574,42825
3/7/2022 6 p.m. EST,25048,25021,31218,34368,91347,83079,14855,40614,18552,26356,9845,17136,43047
3/7/2022 7 p.m. EST,26078,25846,31631,33956,93588,84775,14974,40885,18757,26602,10301,17677,43947
3/7/2022 8 p.m. EST,27990,25950,32846,33626,93322,87271,14413,41872,18329,27049,10746,18339,46147
3/7/2022 9 p.m. EST,30808,24757,33645,31756,90904,87022,13699,43516,17708,26352,11565,18223,47506
3/7/2022 10 p.m. EST,33110,23469,33541,29401,87202,85195,12781,44762,16867,25159,11907,17879,47194
3/7/2022 11 p.m. EST,32856,21643,32881,27008,83148,81956,11787,44580,15746,23545,11774,17168,45946
3/8/2022 12 a.m. EST,32038,19994,31861,24150,79551,79117,11144,43327,14843,22301,11431,16336,43978
3/8/2022 1 a.m. EST,30878,18803,31018,21972,77472,77523,10962,41247,14263,21217,10891,15832,42177
3/8/2022 2 a.m. EST,29076,17970,30687,20444,76721,75923,10521,39167,13918,20572,10514,15516,41048
3/8/2022 3 a.m. EST,27331,17485,30586,19415,76294,74852,10504,37675,13731,20093,10027,15399,40713
3/8/2022 4 a.m. EST,26295,17370,30519,18996,76743,74272,10816,36905,13756,19915,9968,15512,40578
3/8/2022 5 a.m. EST,25660,17616,30776,19069,78591,74529,11208,36696,14082,19969,10048,15798,41067
3/8/2022 6 a.m. EST,25065,18790,31347,20157,80891,75738,11774,36876,15006,20512,10221,16342,42343
3/8/2022 7 a.m. EST,25023,20850,32789,22318,88237,80172,12998,37365,16407,22568,10600,17716,44995
3/8/2022 8 a.m. EST,25914,21866,34887,23895,92778,85356,13289,38828,17198,24215,11435,19317,48984
3/8/2022 9 a.m. EST,27688,22162,35620,25861,93271,86991,12534,41590,17192,24714,12469,19671,50654
3/8/2022 10 a.m. EST,29822,22295,35008,28046,91837,86451,11770,44196,16910,25282,12290,19538,50676
3/8/2022 11 a.m. EST,29853,22390,34321,30135,90753,85326,11436,45232,16630,25496,11423,19095,50726
3/8/2022 12 p.m. EST,28526,22316,33777,32025,89658,84212,11426,44768,16437,25640,10792,18609,50677
3/8/2022 1 p.m. EST,27017,22217,33172,33877,88455,82952,11228,44006,16304,25915,10117,17874,49958
3/8/2022 2 p.m. EST,25921,22166,32677,35283,88054,81903,11173,43463,16207,26151,9692,17501,48944
3/8/2022 3 p.m. EST,24955,22103,32307,36233,87829,81312,11262,42969,16167,26220,9354,17388,47887
3/8/2022 4 p.m. EST,24595,22141,31797,36745,87616,80712,11967,42551,16515,26484,9163,17358,46390
3/8/2022 5 p.m. EST,24661,22457,31421,36700,87656,80614,13236,42001,17275,26776,9161,17692,45328
3/8/2022 6 p.m. EST,24980,23052,31590,35786,90029,81995,14826,41524,18240,27408,9337,18226,45065
3/8/2022 7 p.m. EST,26209,24168,32002,34556,94626,84434,15615,41727,19057,28045,9861,18985,45726
3/8/2022 8 p.m. EST,28360,24304,33050,34013,96340,87181,15343,42840,18899,28513,10426,19480,47708
3/8/2022 9 p.m. EST,30643,23713,33638,32246,95070,86942,14804,44533,18395,27921,11339,19364,49354
3/8/2022 10 p.m. EST,32592,22592,33277,29992,92334,85273,13997,45314,17594,26648,11753,18985,49354
3/8/2022 11 p.m. EST,32373,21111,32581,27434,88798,82335,13003,44858,16593,24992,11694,18191,48406
3/9/2022 12 a.m. EST,31548,19804,31550,24812,86387,79588,12162,43445,15643,23355,11395,17251,46629
3/9/2022 1 a.m. EST,30447,18865,30775,22438,84475,77196,11854,41466,14984,22755,10874,16530,44939
3/9/2022 2 a.m. EST,28714,18338,30302,20832,82961,75427,11642,39273,14578,22420,10580,16185,44034
3/9/2022 3 a.m. EST,26881,18104,30235,19909,82206,74440,11510,37783,14366,21857,10370,16035,43716
3/9/2022 4 a.m. EST,26005,18120,30336,19399,82171,74253,11470,37186,14293,21686,10255,15943,43913
3/9/2022 5 a.m. EST,25217,18564,30673,19517,83386,74437,11716,37217,14547,21695,10263,16032,44594
3/9/2022 6 a.m. EST,24795,19822,31320,20629,85429,75909,12589,37322,15399,22079,10426,16699,45900
3/9/2022 7 a.m. EST,24709,22033,32732,22809,92079,80558,13863,37722,16820,23724,10900,17665,48923
3/9/2022 8 a.m. EST,25453,23167,34906,24559,96838,85955,14676,39154,17826,25070,11736,18851,52892
3/9/2022 9 a.m. EST,27380,23560,35526,26546,98459,87645,14866,42298,18408,25565,12741,19131,53784
3/9/2022 10 a.m. EST,29301,23680,34745,28386,99094,86276,14718,45310,18788,25793,12538,18996,51616
3/9/2022 11 a.m. EST,29226,23798,33834,30362,99124,84283,14774,46422,19018,26044,11554,18703,49229
3/9/2022 12 p.m. EST,28184,23713,32930,32223,98369,82496,14973,45952,19187,25957,10864,18415,47217
3/9/2022 1 p.m. EST,26652,23411,32107,33936,97743,81151,15064,44964,19244,25898,10155,17951,45251
3/9/2022 2 p.m. EST,25524,23387,31348,35084,96822,79957,15224,43862,19264,25707,9624,17455,43545
3/9/2022 3 p.m. EST,24700,23165,30735,35286,95335,78781,15411,43354,19164,25467,9345,17069,42206
3/9/2022 4 p.m. EST,24250,23087,30195,35555,95048,77649,15569,42696,19132,25188,9220,16721,41186
3/9/2022 5 p.m. EST,24402,23262,29951,35370,95180,77121,15873,42333,19326,25275,9246,16653,40621
3/9/2022 6 p.m. EST,25061,23774,30173,34489,95946,78126,16350,42157,19677,25715,9485,16930,40582
3/9/2022 7 p.m. EST,26425,24800,30749,33719,98605,80622,16558,42496,19981,26562,10023,17499,41114
3/9/2022 8 p.m. EST,27894,24988,31877,33025,99458,84478,16138,43452,19658,27478,10510,18583,42627
3/9/2022 9 p.m. EST,30527,24424,32640,31269,98267,85069,15433,45080,18974,27128,11294,18836,44370
3/9/2022 10 p.m. EST,32484,23391,32777,29299,95404,83935,14448,46428,18060,26350,11606,18759,44760
3/9/2022 11 p.m. EST,32408,21968,32320,26827,92308,81751,13345,46282,16971,25075,11506,18279,44168
3/10/2022 12 a.m. EST,31707,20720,31301,24284,90648,79420,12398,45311,15968,23551,11185,17453,42673
3/10/2022 1 a.m. EST,30550,19976,30438,21994,88677,77740,11856,43553,15266,23005,10648,16923,41231
3/10/2022 2 a.m. EST,28895,19583,30063,20488,87199,76599,11866,41552,14840,22558,10296,16657,40445
3/10/2022 3 a.m. EST,27652,19456,29965,19636,86676,76287,11752,39529,14647,22292,9976,16606,40245
3/10/2022 4 a.m. EST,26074,19470,30096,19133,86855,76472,11810,39411,14645,22262,9838,16577,40426
3/10/2022 5 a.m. EST,25333,20032,30427,19256,88175,76999,12197,39286,14926,22636,9848,16703,41128
3/10/2022 6 a.m. EST,24932,21216,31159,20351,91925,78083,12885,39621,15817,23286,9979,17335,42391
3/10/2022 7 a.m. EST,24678,23560,32565,22541,99041,82708,14225,40367,17103,25141,10318,18646,45164
3/10/2022 8 a.m. EST,25250,24769,34562,24174,102224,87780,14874,42239,18028,26629,11048,19712,49129
3/10/2022 9 a.m. EST,26929,25302,35419,25954,100358,88947,14669,45464,18254,26776,11960,19588,49668
3/10/2022 10 a.m. EST,28892,25546,35097,27652,97428,87070,13941,48720,18006,26412,11771,18716,47304
3/10/2022 11 a.m. EST,29188,25676,34412,29281,94607,85000,13038,49765,17489,25852,11110,17942,45122
3/10/2022 12 p.m. EST,28092,25485,33755,30573,92311,82976,12440,48601,17030,25493,10670,17493,43244
3/10/2022 1 p.m. EST,26498,25240,33037,31651,90482,81160,12044,47001,16653,25065,10102,16960,41765
3/10/2022 2 p.m. EST,25621,25058,32388,32045,89389,80055,12019,45305,16247,24792,9718,16587,40406
3/10/2022 3 p.m. EST,24987,24782,32044,31838,88511,79233,12124,43892,16200,24479,9506,16285,39804
3/10/2022 4 p.m. EST,24225,24730,31773,31307,88957,78554,12637,42794,16615,24381,9524,15995,39539
3/10/2022 5 p.m. EST,24424,25036,31626,30896,89503,78217,13256,42041,17413,24437,9692,15926,39611
3/10/2022 6 p.m. EST,25158,25713,31768,32026,91709,78973,14477,41714,18210,24734,9963,16011,40036
3/10/2022 7 p.m. EST,26486,26773,32274,30731,95373,80560,15174,41917,18907,25182,10432,16547,40381
3/10/2022 8 p.m. EST,28334,27031,33310,30505,97014,83648,14918,43067,18798,26226,10710,17461,41289
3/10/2022 9 p.m. EST,30677,26538,34062,29093,95831,84220,14412,45011,18362,25971,11410,17680,42429
3/10/2022 10 p.m. EST,32779,25483,34062,27356,93402,82975,13657,46117,17627,25192,11694,17579,42186
3/10/2022 11 p.m. EST,32769,24089,33509,25222,89679,80927,12701,45727,16613,23995,11607,17149,41288
3/11/2022 12 a.m. EST,32017,22848,32581,22842,87280,78404,11899,44633,15685,22574,11258,16531,39680
3/11/2022 1 a.m. EST,30981,22108,31777,20821,85123,76784,11701,42889,15014,21880,10742,16010,38037
3/11/2022 2 a.m. EST,29159,21858,31353,19440,84767,75605,11690,41062,14578,21619,10408,15899,36912
3/11/2022 3 a.m. EST,27493,21783,31205,18589,84947,75243,11614,39756,14446,21277,10076,15951,36607
3/11/2022 4 a.m. EST,26361,21857,31268,18142,85787,75045,11974,38673,14437,21291,9916,16168,36912
3/11/2022 5 a.m. EST,25567,22401,31543,18313,86877,74880,12208,38376,14700,21584,9925,16496,37591
3/11/2022 6 a.m. EST,25165,23823,32219,19437,91054,76385,12542,38507,15536,21964,10055,17283,39033
3/11/2022 7 a.m. EST,25142,25999,33495,21467,97858,80587,13689,38988,16748,23731,10417,18567,41600
3/11/2022 8 a.m. EST,25788,26944,35270,23339,100318,85424,13637,40662,17311,25197,11138,19762,45413
3/11/2022 9 a.m. EST,27660,26657,36297,25632,97140,87437,12686,43406,17215,25653,12084,19469,47390
3/11/2022 10 a.m. EST,29540,26121,36600,27879,93479,87104,12250,46028,16921,25860,11998,18542,48718
3/11/2022 11 a.m. EST,29485,25207,36467,29978,90354,86167,11799,46809,16744,25910,11328,17799,49911
3/11/2022 12 p.m. EST,28123,24238,36171,31776,88495,85447,11664,46218,16389,25704,10860,17373,50653
3/11/2022 1 p.m. EST,26741,23424,35652,33173,88321,84833,11440,44917,16167,25351,10318,16883,51105
3/11/2022 2 p.m. EST,25696,22645,35067,34192,89018,83923,11418,43464,16153,25125,9854,16717,51304
3/11/2022 3 p.m. EST,24983,22197,34544,34749,88390,83636,11656,42291,16186,24696,9470,16409,51609
3/11/2022 4 p.m. EST,24533,22025,34023,35131,88130,83144,12028,41186,16372,24565,9231,16309,51539
3/11/2022 5 p.m. EST,24575,22148,33709,34850,89057,83348,12651,40357,17013,24489,9152,16469,51276
3/11/2022 6 p.m. EST,25299,22885,33744,33902,89801,84523,13819,39848,17702,24548,9341,16802,51440
3/11/2022 7 p.m. EST,26270,23808,33896,32680,91781,86368,14448,40041,18201,24932,9824,17366,51855
3/11/2022 8 p.m. EST,27945,23937,34687,31849,92383,88583,14160,40960,18034,25478,10324,18138,53140
3/11/2022 9 p.m. EST,30364,23341,35385,32752,91282,88624,13691,42299,17542,25045,11086,18435,54324
3/11/2022 10 p.m. EST,31904,22543,35271,30933,90417,87619,13047,43046,16901,24370,11394,18483,54189
3/11/2022 11 p.m. EST,31517,21630,34833,29083,88650,86016,12224,42664,16076,23282,11317,18501,53747
3/12/2022 12 a.m. EST,30756,20424,34102,23195,85891,83990,11531,41680,15247,22233,11135,18394,52707
3/12/2022 1 a.m. EST,30002,19566,33441,22572,83733,82346,11308,40197,14597,21548,10780,18387,51599
3/12/2022 2 a.m. EST,28518,19161,33034,21179,82540,81940,11357,38331,14178,21461,10552,18492,50897
3/12/2022 3 a.m. EST,27096,18799,32881,20325,82132,81944,11341,36887,13924,21290,10373,18993,50672
3/12/2022 4 a.m. EST,26141,18679,32939,19816,81991,82144,11258,36052,13831,21637,10189,19530,50821
3/12/2022 5 a.m. EST,25193,18708,33206,19706,82193,81934,11149,35893,13865,22247,10190,20046,51258
3/12/2022 6 a.m. EST,24685,19064,33719,20056,82921,83503,11376,35736,14167,23112,10253,20733,52227
3/12/2022 7 a.m. EST,24427,19969,34504,20899,85796,86040,11716,36084,14713,24470,10437,21626,53780
3/12/2022 8 a.m. EST,24689,21055,35406,22732,89630,88752,12072,36725,15378,26497,10886,22519,55830
3/12/2022 9 a.m. EST,25467,22335,35596,25782,93990,90387,12594,38159,16279,28707,11389,23295,56401
3/12/2022 10 a.m. EST,25853,23394,35033,28143,97500,90228,13177,39670,17123,30341,11187,23756,54622
3/12/2022 11 a.m. EST,25244,24325,34306,29440,99994,89749,13811,40759,17802,31115,10543,23943,52091
3/12/2022 12 p.m. EST,24405,24958,33490,29855,101222,88438,14266,40749,18250,30743,10100,23635,49332
3/12/2022 1 p.m. EST,23416,25275,32474,29719,101364,86619,14462,40018,18362,30024,9542,23152,46590
3/12/2022 2 p.m. EST,22635,25299,31351,28961,101385,84842,14377,38870,18223,29203,9083,22544,44152
3/12/2022 3 p.m. EST,21775,25181,30318,27974,101733,82918,14315,37709,18103,28957,8772,21996,41987
3/12/2022 4 p.m. EST,21408,25436,29554,26115,102111,81077,14283,36748,18235,28404,8694,21422,40208
3/12/2022 5 p.m. EST,21548,26292,28995,24821,102812,80069,14735,36125,18684,28438,8798,20976,39178
3/12/2022 6 p.m. EST,22179,27562,28919,24298,104904,80180,15419,36387,19213,29232,9103,21224,39051
3/12/2022 7 p.m. EST,23783,30109,29238,24527,109134,82829,15741,37043,19685,30511,9627,22138,39608
3/12/2022 8 p.m. EST,25208,31720,30174,27613,110873,86748,15392,38278,19565,32613,10120,23578,41190
3/12/2022 9 p.m. EST,28097,32135,31148,36029,109983,87816,14954,39664,19183,33161,10745,23818,43494
3/12/2022 10 p.m. EST,30089,32022,31241,26021,108122,87098,14378,40502,18639,33192,11002,23837,44678
3/12/2022 11 p.m. EST,29930,31521,30943,25145,105211,85404,13694,40254,17898,32707,10814,23510,45179
3/13/2022 12 a.m. EST,29240,31049,30343,24110,102108,83020,13025,39143,17176,32190,10588,23188,44883
3/13/2022 1 a.m. EST,28358,30814,29658,20034,100118,81150,12553,37762,16563,31684,10257,23009,44474
3/13/2022 3 a.m. EDT,27094,27015,29167,19379,100118,79654,12266,35869,16213,31557,10016,23012,44171
3/13/2022 4 a.m. EDT,25777,27032,28962,19503,82132,78923,12206,34450,15942,31740,9767,23102,44066
3/13/2022 5 a.m. EDT,24681,27374,28883,19643,81991,78714,12274,33706,15887,32127,9607,23329,44485
3/13/2022 6 a.m. EDT,23957,27965,28960,20163,82193,78942,12515,33334,16037,32883,9557,23727,45270
3/13/2022 7 a.m. EDT,23366,28701,29345,21255,82921,79895,12942,33600,16342,33861,9591,24151,46251
3/13/2022 8 a.m. EDT,23179,29684,29842,22885,85796,81726,13323,34072,16621,35147,9802,24695,47623
3/13/2022 9 a.m. EDT,23310,30354,30486,24873,89630,83355,13368,34981,16955,36091,10152,24990,49300
3/13/2022 10 a.m. EDT,23909,29675,30542,26438,93990,83577,12973,36310,17122,35443,10354,24336,49453
3/13/2022 11 a.m. EDT,24176,28187,29855,26984,97500,82046,12893,37090,17135,33709,10353,23041,47677
3/13/2022 12 p.m. EDT,23695,27107,29007,26373,99994,79662,12491,38000,17009,31807,10068,21691,45583
3/13/2022 1 p.m. EDT,23132,26248,28182,25327,101222,77198,12150,38783,16850,29738,9535,20606,43585
3/13/2022 2 p.m. EDT,22533,25582,27724,24331,101364,75733,12069,38872,16673,28494,9111,19577,41774
3/13/2022 3 p.m. EDT,22084,24901,27107,23438,101385,73635,11897,38440,16424,27232,8858,18564,40209
3/13/2022 4 p.m. EDT,21315,24160,26561,22917,101733,71451,12024,37924,16459,26380,8836,17646,38965
3/13/2022 5 p.m. EDT,20822,24055,26209,22808,102111,70307,12729,37638,16977,25609,8803,16929,38259
3/13/2022 6 p.m. EDT,20615,24298,26241,23081,102812,70725,13632,37605,17867,25336,8872,16678,37980
3/13/2022 7 p.m. EDT,21201,24925,26511,23377,104904,71079,14885,37802,18579,24684,9199,16702,38311
3/13/2022 8 p.m. EDT,22655,26794,26835,23793,109134,72371,15557,38441,19116,25554,9531,17345,38885
3/13/2022 9 p.m. EDT,24892,28388,27528,24470,110873,75752,15272,39379,18933,27582,10308,18621,40175
3/13/2022 10 p.m. EDT,27440,28658,28352,24355,109983,76609,14552,40335,18305,28033,10958,18845,41583
3/13/2022 11 p.m. EDT,29755,28310,28056,23371,108122,75077,13571,40808,17383,27953,11260,18542,41218
3/14/2022 12 a.m. EDT,29766,27645,27304,21836,105211,72705,12673,40137,16428,27141,11026,18036,40002
3/14/2022 1 a.m. EDT,28985,25311,26473,19221,88702,70466,12061,38455,15931,26390,10637,17559,38391
3/14/2022 2 a.m. EDT,27551,25234,25936,18296,87857,69496,11925,36453,15927,26231,10268,17420,37149
3/14/2022 3 a.m. EDT,25584,25644,25727,17911,87863,69089,11824,34868,15364,26533,9813,17444,36374
3/14/2022 4 a.m. EDT,24900,26308,25795,17900,87356,69276,11860,33817,14808,27146,9496,17629,36098
3/14/2022 5 a.m. EDT,24102,27439,25929,18391,88798,70083,12170,33565,15023,27829,9322,18132,36201
3/14/2022 6 a.m. EDT,23649,29529,26415,19773,92858,71917,12827,33640,15823,29667,9279,18931,36913
3/14/2022 7 a.m. EDT,23552,32364,27597,21917,100441,76410,14215,34149,17248,32399,9428,20267,38564
3/14/2022 8 a.m. EDT,24190,33963,29502,23667,105820,82171,15162,35751,18338,34871,9799,21717,41201
3/14/2022 9 a.m. EDT,25671,33358,30925,24563,104579,85227,14790,38188,18429,35182,10450,22158,43042
3/14/2022 10 a.m. EDT,28546,30561,31078,24665,99597,84451,13514,41193,17958,33309,11006,21272,43401
3/14/2022 11 a.m. EDT,30573,27613,30891,24550,95002,82885,12358,42542,17326,30756,11082,19931,43217
3/14/2022 12 p.m. EDT,30363,25424,30620,24626,91410,81293,11936,42370,16804,28934,10656,18958,42795
3/14/2022 1 p.m. EDT,29261,24016,30156,24642,89364,79764,11660,41911,16362,27299,10073,18123,42371
3/14/2022 2 p.m. EDT,27748,23097,29729,24805,88031,78254,11495,41518,16109,26436,9629,17543,41883
3/14/2022 3 p.m. EDT,26496,22316,29391,24917,86413,76857,11438,40687,15946,25831,9396,16935,41660
3/14/2022 4 p.m. EDT,25885,21873,29013,25093,84675,75364,11636,40222,16032,25521,9344,16575,41407
3/14/2022 5 p.m. EDT,25413,21878,28588,25436,84258,74498,12471,39691,16457,25288,9408,16239,41447
3/14/2022 6 p.m. EDT,25686,22120,28426,25935,85218,74286,13120,39274,17108,24781,9535,16216,41796
3/14/2022 7 p.m. EDT,25939,22638,28362,26129,85614,74765,14235,39259,17638,24821,9870,16350,42222
3/14/2022 8 p.m. EDT,27041,23817,28444,26344,88203,75836,14808,40057,18193,25598,10188,16782,42407
3/14/2022 9 p.m. EDT,29147,24661,28837,26498,89965,77928,14391,40954,17930,26616,10872,17558,42512
3/14/2022 10 p.m. EDT,30892,24044,29148,25157,87797,77598,13613,41876,17197,26168,11469,17386,42608
3/14/2022 11 p.m. EDT,32456,22962,28699,23358,84805,75180,12623,42381,16169,25020,11754,16781,41490
3/15/2022 12 a.m. EDT,32021,21911,27670,21071,81807,72086,11900,41252,15160,23574,11489,15935,39521
3/15/2022 1 a.m. EDT,30738,21283,26685,19166,80229,69858,11320,39056,14463,22433,11003,15282,37329
3/15/2022 2 a.m. EDT,28811,21190,25944,17881,79132,68644,11242,36400,14028,21870,10599,14923,35550
3/15/2022 3 a.m. EDT,27053,21581,25704,17169,78426,67581,11052,35089,13807,21654,10036,14701,34258
3/15/2022 4 a.m. EDT,25786,21964,25664,16831,78321,67026,10799,33741,13708,21594,9636,14731,33567
3/15/2022 5 a.m. EDT,24878,22860,25840,17046,79780,67039,11279,33646,13947,22057,9428,14927,33355
3/15/2022 6 a.m. EDT,24292,25048,26280,18091,83541,68070,11807,33628,14762,22880,9348,15351,34099
3/15/2022 7 a.m. EDT,24178,27952,27367,19941,91118,71677,13088,34099,16242,24994,9414,16516,35895
3/15/2022 8 a.m. EDT,24731,29611,29200,21426,96257,77104,13967,35360,17321,26963,9805,17815,38656
3/15/2022 9 a.m. EDT,26029,28755,30593,22469,95510,79919,13664,37909,17427,27020,10482,18240,40825
3/15/2022 10 a.m. EDT,28710,26652,30729,23749,91945,79935,12690,40781,17076,26722,10970,18119,41487
3/15/2022 11 a.m. EDT,30350,24665,30302,25002,89152,78910,11954,41963,16654,26135,10875,17833,41307
3/15/2022 12 p.m. EDT,30325,23368,29761,25921,86341,77989,11675,41672,16249,25649,10394,17688,40993
3/15/2022 1 p.m. EDT,29903,22527,29140,26709,84448,76644,11312,40905,15973,25394,9802,17280,40484
3/15/2022 2 p.m. EDT,29169,22224,28568,27268,83346,75625,11102,40340,15860,25192,9536,17009,39932
3/15/2022 3 p.m. EDT,28142,21884,28282,27764,82805,74540,10952,39835,15856,24892,9431,16678,39812
3/15/2022 4 p.m. EDT,27944,21706,27920,28347,82520,73685,11536,39269,16100,24780,9809,16420,39902
3/15/2022 5 p.m. EDT,27744,22032,27650,28735,83127,72849,12211,38832,16659,24814,9713,16370,40074
3/15/2022 6 p.m. EDT,27534,22383,27573,28954,82773,72705,13021,38517,17169,25058,10003,16348,40435
3/15/2022 7 p.m. EDT,28014,22834,27471,28644,83621,73247,13787,38601,17424,25350,10405,16546,40714
3/15/2022 8 p.m. EDT,28866,23786,27495,28612,85946,74211,14215,38970,17778,25695,10761,16886,40822
3/15/2022 9 p.m. EDT,29877,24005,27954,28351,86796,76307,13773,39607,17454,26195,11340,17398,40983
3/15/2022 10 p.m. EDT,31095,23082,28618,26838,84497,76278,12971,40351,16717,25482,11843,17163,41348
3/15/2022 11 p.m. EDT,32783,21643,28080,24771,80481,73672,11974,41097,15697,24089,12031,16485,40376
3/16/2022 12 a.m. EDT,32307,20170,27101,22388,77665,70663,11094,40412,14741,22515,11648,15538,38434
3/16/2022 1 a.m. EDT,31080,19172,26051,20149,75608,68419,10813,38620,14001,21384,11134,14780,36340
3/16/2022 2 a.m. EDT,29244,18692,25396,18628,74429,67103,10716,36527,13571,21170,10644,14267,34738
3/16/2022 3 a.m. EDT,27439,18510,25160,17753,73897,66122,10576,35126,13326,20727,10040,13956,33875
3/16/2022 4 a.m. EDT,26201,18567,25036,17306,74403,65850,10611,34411,13244,20564,9612,13852,33495
3/16/2022 5 a.m. EDT,25373,19063,25197,17380,75982,66371,10956,33972,13515,20841,9363,13909,33604
3/16/2022 6 a.m. EDT,24805,20469,25761,18304,78759,67534,11371,33948,14352,21160,9221,14367,34475
3/16/2022 7 a.m. EDT,24564,22649,27001,20028,85989,71006,12725,34266,15840,22852,9242,15464,36537
3/16/2022 8 a.m. EDT,25093,23966,28966,21439,91325,76259,13738,35564,16888,24642,9514,16555,39413
3/16/2022 9 a.m. EDT,26559,24019,30397,22649,91426,79254,13715,38463,17051,24873,10100,17009,41726
3/16/2022 10 a.m. EDT,29277,23825,30435,24331,88718,78620,13109,41622,16760,25053,10481,17089,42154
3/16/2022 11 a.m. EDT,30848,23567,29695,25954,86381,77162,12156,43044,16240,25249,10486,17228,41113
3/16/2022 12 p.m. EDT,30317,23190,29256,27524,83930,75874,11436,42860,15704,25194,10216,17078,40412
3/16/2022 1 p.m. EDT,29063,23067,28784,29043,82534,74502,10616,42234,15245,25109,9829,16834,39980
3/16/2022 2 p.m. EDT,27986,22938,28398,30244,81852,73717,10162,41153,14953,24902,9547,16592,39856
3/16/2022 3 p.m. EDT,26661,22632,28243,31153,81221,73364,10022,40312,14828,24745,9454,16324,40300
3/16/2022 4 p.m. EDT,25915,22751,28197,31510,81401,72672,10109,39436,14888,24537,9516,16065,40992
3/16/2022 5 p.m. EDT,25886,23124,28171,31505,80862,72402,11010,38931,15331,24651,9664,16048,41869
3/16/2022 6 p.m. EDT,26300,23550,28125,31516,81228,72269,12362,38393,16069,24874,9882,16024,42817
3/16/2022 7 p.m. EDT,26462,23871,28093,30927,81910,72556,13432,38211,16656,25039,9510,16132,43494
3/16/2022 8 p.m. EDT,27416,24363,28035,30092,83886,73141,14004,38629,17218,25352,10665,16308,43301
3/16/2022 9 p.m. EDT,29451,24307,28159,29470,85116,74932,13647,39249,17046,25800,11201,16794,42489
3/16/2022 10 p.m. EDT,31266,23410,28461,28184,82721,74914,12906,40021,16370,25440,11664,16722,42715
3/16/2022 11 p.m. EDT,32936,21949,27709,26038,80222,72286,11957,41211,15428,24062,11873,16125,41556
3/17/2022 12 a.m. EDT,32402,20531,26595,23388,76721,69208,11120,40809,14459,22655,11651,15227,39593
3/17/2022 1 a.m. EDT,31239,19487,25508,21106,73965,66859,10810,38985,13794,21740,11188,14476,37143
3/17/2022 2 a.m. EDT,29325,18851,24646,19365,72256,64706,10473,36723,13338,20919,10781,13990,35122
3/17/2022 3 a.m. EDT,27288,18500,24219,18314,71332,63124,10321,34976,13096,20619,10059,13840,33853
3/17/2022 4 a.m. EDT,26107,18400,23932,17762,71341,62538,10339,34036,13038,20549,9626,13855,32997
3/17/2022 5 a.m. EDT,25470,18804,23889,17767,72707,63013,10611,33991,13254,20900,9383,14034,32750
3/17/2022 6 a.m. EDT,24978,20003,24316,18631,75355,64210,11153,34225,14026,21945,9282,14415,33191
3/17/2022 7 a.m. EDT,24834,22101,25417,20359,80409,68453,12599,34923,15499,23779,9256,15572,34708
3/17/2022 8 a.m. EDT,25305,23393,27183,21734,85479,74202,13568,36230,16604,25665,9476,16790,37014
3/17/2022 9 a.m. EDT,26733,23369,28506,22966,86862,76887,13665,39306,16972,25931,10029,17132,38886
3/17/2022 10 a.m. EDT,29116,23218,28823,24603,87049,76772,13451,42778,17015,25749,10384,17137,39666
3/17/2022 11 a.m. EDT,30777,22897,28818,26115,87193,75963,13078,44412,16938,25372,10440,16888,40226
3/17/2022 12 p.m. EDT,30383,22540,28754,27397,86724,74916,12776,44246,16772,25201,10333,16694,40719
3/17/2022 1 p.m. EDT,29983,22229,28704,28792,85902,74102,12827,43165,16630,24928,12070,16400,40990
3/17/2022 2 p.m. EDT,29023,22212,28629,29939,85744,73730,13019,42289,16579,24720,9842,16230,41422
3/17/2022 3 p.m. EDT,27834,22071,28642,31030,85114,73724,13001,41374,16490,24393,9654,16141,41938
3/17/2022 4 p.m. EDT,27361,22158,28686,32017,84047,73241,13065,40840,16421,24505,9622,16133,42208
3/17/2022 5 p.m. EDT,27021,22476,28671,32753,83088,73294,13388,40129,16514,24799,9702,16357,42440
3/17/2022 6 p.m. EDT,26817,22645,28688,33028,83145,73392,13823,39885,16777,25043,9893,16394,42597
3/17/2022 7 p.m. EDT,26617,22943,28507,32397,83321,73547,14062,40039,17003,25032,10212,16353,42761
3/17/2022 8 p.m. EDT,27678,23327,28513,30838,84594,73815,14117,40298,17245,25075,10483,16421,42777
3/17/2022 9 p.m. EDT,29336,23802,28799,29990,85402,75236,13631,40459,16936,25810,11073,16910,42706
3/17/2022 10 p.m. EDT,31090,22864,28964,28172,82679,74847,12830,41044,16236,25160,11550,16717,42785
3/17/2022 11 p.m. EDT,32605,21361,28292,25965,79399,72074,11829,41677,15301,23771,11798,16085,41925
3/18/2022 12 a.m. EDT,32271,19801,27226,23319,76238,69311,10920,40838,14377,22145,11551,14983,40164
3/18/2022 1 a.m. EDT,31030,18719,26142,20872,73058,66771,10272,39052,13713,20709,11124,14083,38018
3/18/2022 2 a.m. EDT,29146,18183,25460,19078,71742,65139,10170,36996,13272,20486,10716,13668,36179
3/18/2022 3 a.m. EDT,27251,17979,25041,18021,71023,63806,10216,35353,12971,20034,10129,13362,34874
3/18/2022 4 a.m. EDT,26211,17804,24919,17449,70954,63269,10203,34452,12868,19928,9738,13355,34050
3/18/2022 5 a.m. EDT,25148,18265,24999,17401,71979,62292,10267,34224,13045,20191,9502,13504,33812
3/18/2022 6 a.m. EDT,24678,19608,25468,18189,74529,63394,10936,34207,13775,20973,9389,13796,34264
3/18/2022 7 a.m. EDT,24417,21777,26501,19731,80564,66903,12080,34500,15141,22361,9437,14802,35716
3/18/2022 8 a.m. EDT,24733,23278,28121,21166,85618,71938,12813,35619,16138,24018,9766,15983,38085
3/18/2022 9 a.m. EDT,26297,23324,29706,22726,86483,75033,12614,38172,16437,24523,10327,16536,40072
3/18/2022 10 a.m. EDT,28633,22730,30426,24799,85468,76129,11753,41128,16314,24992,10764,16765,41040
3/18/2022 11 a.m. EDT,30003,22466,30797,26643,84311,76750,10850,42507,15836,25464,10761,17009,41774
3/18/2022 12 p.m. EDT,29593,22202,30992,28561,82979,77228,10220,42305,15335,25774,10484,17016,41726
3/18/2022 1 p.m. EDT,28472,22219,30861,30610,82090,76769,10163,41668,14986,25997,10055,17096,41374
3/18/2022 2 p.m. EDT,27477,22223,30666,32673,82000,76545,10226,40556,14870,26070,9701,16843,40687
3/18/2022 3 p.m. EDT,26390,22200,30394,34445,81679,76350,10588,39772,14805,26001,9492,16587,40158
3/18/2022 4 p.m. EDT,26008,22340,30028,35681,81057,75812,10935,38972,14984,25747,9454,16282,39787
3/18/2022 5 p.m. EDT,25779,22458,29474,36355,81416,75389,11317,38201,15404,25743,9534,16218,39712
3/18/2022 6 p.m. EDT,25877,22423,29094,36515,81946,75341,12091,37604,15959,25585,9746,16224,39775
3/18/2022 7 p.m. EDT,26491,22376,28777,35388,81989,75262,12683,37408,16199,25342,10124,16079,39831
3/18/2022 8 p.m. EDT,27613,22558,28487,33740,82959,74982,13002,37702,16498,25118,10426,16131,39548
3/18/2022 9 p.m. EDT,29286,22684,28634,32032,82891,75503,12627,38079,16219,25334,10988,16440,39652
3/18/2022 10 p.m. EDT,30908,21989,29093,30006,80358,74981,12008,38625,15655,24607,11442,16224,40330
3/18/2022 11 p.m. EDT,32182,20890,28817,27793,77027,72729,11199,39298,14868,23568,11574,15703,39633
3/19/2022 12 a.m. EDT,32064,19583,28179,25217,73998,69984,10387,38765,14079,22337,11322,14939,38505
3/19/2022 1 a.m. EDT,31202,18467,27466,22975,70890,67256,9794,37534,13406,21352,10945,14197,37087
3/19/2022 2 a.m. EDT,29319,17680,26874,21209,69229,65882,9394,35938,12908,20481,10650,13739,35884
3/19/2022 3 a.m. EDT,27440,17229,26682,19953,68133,64871,9184,34432,12606,19801,10121,13536,35142
3/19/2022 4 a.m. EDT,26068,17017,26601,19080,67936,64529,9421,33365,12456,19435,9751,13331,34751
3/19/2022 5 a.m. EDT,25086,17076,26848,18636,68261,64321,9471,32849,12491,19228,9424,13483,34694
3/19/2022 6 a.m. EDT,24419,17441,27363,18725,68998,64710,9495,32741,12706,19572,9361,13628,35202
3/19/2022 7 a.m. EDT,23975,18172,28066,19404,70328,65424,10337,32959,13259,20332,9376,14139,36274
3/19/2022 8 a.m. EDT,24018,18983,29062,20361,72338,67937,11059,33483,13844,21229,9470,14851,38062
3/19/2022 9 a.m. EDT,24424,19947,29960,22346,74182,70668,11677,34720,14439,21861,9829,15483,39779
3/19/2022 10 a.m. EDT,25540,20728,30134,25118,76147,72762,12269,36226,14760,22857,9940,16309,40893
3/19/2022 11 a.m. EDT,26009,21096,29411,27602,77182,73548,12597,37365,14905,23330,9948,16696,40610
3/19/2022 12 p.m. EDT,26474,21202,28512,29830,77450,73106,12639,38154,14874,23249,9946,16848,39950
3/19/2022 1 p.m. EDT,26791,21188,27627,31886,77174,72079,12568,38474,14719,22918,9685,16613,38908
3/19/2022 2 p.m. EDT,26516,21107,26917,33532,77011,71026,12491,38066,14584,22594,9398,16298,38149
3/19/2022 3 p.m. EDT,25619,20995,26357,34956,76350,70633,12402,37637,14354,22295,9236,15882,37625
3/19/2022 4 p.m. EDT,24757,21310,25961,36118,76604,70005,12235,37019,14281,22209,9299,15931,37591
3/19/2022 5 p.m. EDT,24400,21644,25734,36611,76944,69199,12316,36343,14584,22220,9384,15879,37886
3/19/2022 6 p.m. EDT,24251,21942,25743,36451,78338,68601,12633,36167,15002,22340,9673,15852,38593
3/19/2022 7 p.m. EDT,24363,22043,25846,35171,79150,68659,12841,36269,15395,22395,10072,15951,39243
3/19/2022 8 p.m. EDT,25136,22059,25877,33281,80678,69329,12966,36782,15801,22461,10308,16016,39341
3/19/2022 9 p.m. EDT,26600,22256,26122,32988,81242,71026,12570,37450,15704,23198,10843,16639,39218
3/19/2022 10 p.m. EDT,28135,21500,26650,30313,79207,71531,11994,38292,15267,22951,11202,16807,39365
3/19/2022 11 p.m. EDT,29785,20411,26301,28151,76460,69944,11291,39223,14678,22300,11315,16690,38535
3/20/2022 12 a.m. EDT,29804,19229,25623,25858,73941,67775,10569,39195,13940,21436,11044,16217,37281
3/20/2022 1 a.m. EDT,29013,18085,24970,23344,71592,65876,9962,38173,13294,20559,10693,15638,35879
3/20/2022 2 a.m. EDT,27612,17291,24640,21551,69548,64340,9880,36865,12786,20392,10387,15519,34543
3/20/2022 3 a.m. EDT,26224,16823,24556,20252,68459,64301,9637,35331,12477,20124,9859,15346,33577
3/20/2022 4 a.m. EDT,25225,16655,24591,19352,67800,64041,9563,34250,12285,20179,9505,15559,32907
3/20/2022 5 a.m. EDT,24505,16807,24716,18824,67786,64438,9603,33842,12271,20424,9250,15835,32813
3/20/2022 6 a.m. EDT,23820,17211,25054,18661,68563,64293,9837,33765,12466,20993,9098,16170,32996
3/20/2022 7 a.m. EDT,23393,18005,25619,18954,69715,65296,10439,34026,12893,21860,9053,16744,33574
3/20/2022 8 a.m. EDT,23267,19087,26306,19640,71502,67754,10617,34580,13374,23031,9079,17745,34733
3/20/2022 9 a.m. EDT,23497,20278,27054,21541,73573,69900,10633,35767,13888,24449,9244,18384,36166
3/20/2022 10 a.m. EDT,24436,20711,27508,24136,74587,70589,10637,37518,14211,24798,9216,18078,37283
3/20/2022 11 a.m. EDT,24620,20574,27241,25942,75108,69328,10415,38955,14411,24102,9277,17084,37634
3/20/2022 12 p.m. EDT,24304,20208,26716,27279,75184,67582,10559,39662,14798,23222,9560,16182,37699
3/20/2022 1 p.m. EDT,23587,20050,26468,28648,75213,66241,10754,39813,15094,23025,9521,15645,37638
3/20/2022 2 p.m. EDT,22759,19910,26462,29772,74836,65384,10720,39615,15254,22230,9465,15082,37714
3/20/2022 3 p.m. EDT,21814,19682,26337,30579,75187,64375,10866,39056,15129,21875,9554,15005,37920
3/20/2022 4 p.m. EDT,20755,19737,26185,31251,75351,63949,11080,38576,15129,21774,9616,14810,38305
3/20/2022 5 p.m. EDT,20287,20005,26289,31862,74748,64301,11570,37856,15364,21882,9625,14873,38965
3/20/2022 6 p.m. EDT,20545,20467,26603,31948,75893,65490,12255,37645,15756,22153,9590,14994,39718
3/20/2022 7 p.m. EDT,20826,20798,27016,31022,77433,66895,12827,37996,16088,22548,9891,15280,40468
3/20/2022 8 p.m. EDT,21914,21499,27155,29535,80097,67923,13209,38739,16553,22839,10105,15520,40793
3/20/2022 9 p.m. EDT,24627,22453,27407,29996,82440,70068,12868,39533,16475,23940,10578,16421,41162
3/20/2022 10 p.m. EDT,27362,21735,27947,27174,80592,70531,12151,40482,15934,23677,11158,16477,42030
3/20/2022 11 p.m. EDT,29504,20545,27275,24860,77591,68389,11250,41305,15148,22606,11448,15884,41122
3/21/2022 12 a.m. EDT,30045,19419,25964,22259,75179,65307,10600,40464,14308,21354,11257,15125,39102
3/21/2022 1 a.m. EDT,29133,18615,24854,20036,74098,62659,10463,39084,13712,20284,10861,14556,36616
3/21/2022 2 a.m. EDT,27536,18401,23997,18544,73427,60837,10298,36455,13291,20106,10407,14396,34631
3/21/2022 3 a.m. EDT,25684,18530,23632,17617,73311,60209,10344,34823,13110,20170,9780,14384,33365
3/21/2022 4 a.m. EDT,24690,19036,23349,17300,73392,60157,10389,34178,13089,20525,9426,14614,32844
3/21/2022 5 a.m. EDT,23997,19922,23409,17424,74178,61115,10749,33932,13323,21056,9239,15146,32814
3/21/2022 6 a.m. EDT,23660,21988,23851,18496,78329,63465,11154,34136,14150,22477,9204,16044,33299
3/21/2022 7 a.m. EDT,23269,25217,25010,20438,86554,68052,12350,34736,15684,25290,9220,17667,34957
3/21/2022 8 a.m. EDT,23885,27094,26926,22043,91729,73868,13115,36140,16663,27540,9510,19196,37965
3/21/2022 9 a.m. EDT,25496,26822,28379,23240,90822,76899,12427,39042,16603,28077,10138,19407,39877
3/21/2022 10 a.m. EDT,28357,25137,28706,24228,87556,76948,11633,42238,16072,27160,10659,18539,40303
3/21/2022 11 a.m. EDT,29866,23657,28959,25109,84898,76424,11378,44032,15590,26127,10842,17665,41131
3/21/2022 12 p.m. EDT,29076,22583,29099,25795,82939,75613,11307,44388,15281,25514,10693,17040,42247
3/21/2022 1 p.m. EDT,27826,22069,29068,26577,81672,74950,11514,44058,15108,24916,10303,16536,43170
3/21/2022 2 p.m. EDT,26766,21716,29041,27479,81143,74376,11375,43826,15050,24617,9980,16390,43490
3/21/2022 3 p.m. EDT,25747,21402,29025,28429,80223,74031,11088,43191,14937,24452,9758,16206,43706
3/21/2022 4 p.m. EDT,25291,21367,28856,29488,79859,73342,10971,42509,15036,24491,9729,16146,43706
3/21/2022 5 p.m. EDT,25157,21699,28772,30576,80011,72854,11565,41642,15545,24389,9723,16192,43909
3/21/2022 6 p.m. EDT,25363,22003,28878,31159,80392,73007,12637,40907,16206,24482,9684,16193,44401
3/21/2022 7 p.m. EDT,25785,22343,29239,30656,81415,73513,13507,40755,16749,24556,9924,16310,44973
3/21/2022 8 p.m. EDT,26757,23037,29324,29130,83601,74269,14051,41229,17236,24731,10213,16567,44591
3/21/2022 9 p.m. EDT,28853,23580,29457,29103,84859,75747,13697,41850,17078,25531,10932,17273,44136
3/21/2022 10 p.m. EDT,30912,22535,29435,27173,81927,75235,12891,42404,16368,24864,11550,17063,44073
3/21/2022 11 p.m. EDT,32572,21037,28691,24762,77730,72498,11887,42582,15375,23449,11826,16212,43003
3/22/2022 12 a.m. EDT,32126,19621,27318,22074,75087,68879,11134,41498,14455,21789,11583,15149,40973
3/22/2022 1 a.m. EDT,30885,18655,26171,19779,72846,65814,10683,39459,13780,20494,11158,14311,38379
3/22/2022 2 a.m. EDT,29121,18225,25472,18264,71742,64514,10678,37072,13360,20382,10701,13768,36150
3/22/2022 3 a.m. EDT,27174,18136,25002,17381,71288,63645,10811,35411,13105,20072,10151,13403,34950
3/22/2022 4 a.m. EDT,25898,18413,24806,16952,71623,62704,10869,34331,13107,19987,9763,13360,34284
3/22/2022 5 a.m. EDT,24871,19033,24722,17030,72703,62252,10918,33897,13430,19938,9540,13364,34113
3/22/2022 6 a.m. EDT,24254,20629,25030,18090,75183,63865,11349,33792,14286,20839,9438,13909,34471
3/22/2022 7 a.m. EDT,24105,23269,26245,20084,81930,67499,12891,34184,15801,22785,9568,15109,36096
3/22/2022 8 a.m. EDT,24477,24643,28265,21589,86886,72449,13623,35303,16805,24500,9945,16272,39122
3/22/2022 9 a.m. EDT,25967,24398,29833,22752,86848,75693,12816,37982,16648,24803,10572,16642,40829
3/22/2022 10 a.m. EDT,28365,23399,30142,24174,85963,77301,11622,40618,16169,24715,11152,16590,40802
3/22/2022 11 a.m. EDT,29603,22415,30414,25482,84904,78280,11128,41886,15654,24532,11118,16395,41208
3/22/2022 12 p.m. EDT,29645,21843,30592,26765,83987,78870,10791,41834,15381,24528,10765,16460,41673
3/22/2022 1 p.m. EDT,28125,21492,30529,28021,83370,78984,10489,41315,15167,24550,10286,16408,42170
3/22/2022 2 p.m. EDT,27474,21430,30376,29707,82928,78848,10332,40350,15045,24765,9925,16493,42456
3/22/2022 3 p.m. EDT,26831,21385,30263,30939,82093,78483,10247,39583,14956,25226,9719,16644,42749
3/22/2022 4 p.m. EDT,26617,21583,29990,32279,81905,77880,10580,38924,15164,25181,9622,16609,42781
3/22/2022 5 p.m. EDT,27034,21919,29769,33485,81878,77347,11571,38351,15966,25241,9655,16630,42891
3/22/2022 6 p.m. EDT,27500,22257,29873,33856,83036,77480,12840,37884,16627,25276,9838,16705,43443
3/22/2022 7 p.m. EDT,28578,22723,30272,33061,83899,78036,13894,37796,17005,25352,10154,16913,44042
3/22/2022 8 p.m. EDT,30099,23326,30551,31980,86025,78059,14430,38080,17524,25599,10469,17193,44109
3/22/2022 9 p.m. EDT,31825,23767,31017,31454,86736,78491,14124,38745,17381,26090,11110,17319,44444
3/22/2022 10 p.m. EDT,33412,22695,31286,29573,83798,77553,13367,39214,16659,25373,11730,17025,44892
3/22/2022 11 p.m. EDT,34375,21046,30528,27224,79841,74577,12363,39739,15711,23862,12058,16261,43648
3/23/2022 12 a.m. EDT,33887,19305,29339,24530,77153,71284,11536,39367,14741,22056,11792,15155,41358
3/23/2022 1 a.m. EDT,32339,18078,28268,22248,74831,68609,11169,37522,14117,21121,11274,14293,38934
3/23/2022 2 a.m. EDT,30139,17489,27613,20609,73047,67455,11103,35285,13707,20204,10882,13692,37304
3/23/2022 3 a.m. EDT,27954,17029,27398,19628,72272,66357,11121,33706,13509,19570,10165,13288,36490
3/23/2022 4 a.m. EDT,27720,17096,27442,19086,72387,65073,11130,32830,13481,19199,9853,13042,36174
3/23/2022 5 a.m. EDT,26350,17485,27527,19139,73677,65297,11366,32541,13746,19464,9629,13196,36340
3/23/2022 6 a.m. EDT,25224,18647,28005,20113,76929,66385,12079,32487,14597,20020,9493,13476,37296
3/23/2022 7 a.m. EDT,24653,20793,29302,22052,81972,69762,13430,33001,16038,21506,9496,14383,39632
3/23/2022 8 a.m. EDT,24469,22050,31336,23485,86675,75152,14068,34361,17007,23172,9840,15539,43623
3/23/2022 9 a.m. EDT,24984,22382,32783,24902,87431,78355,13202,36686,17239,23616,10419,15918,45756
3/23/2022 10 a.m. EDT,26314,22663,32858,26915,87346,79372,12056,39317,17291,24094,10886,16054,44969
3/23/2022 11 a.m. EDT,28394,22896,32706,28963,87339,79565,11471,40216,17317,24538,10771,16259,43906
3/23/2022 12 p.m. EDT,29386,23091,32651,30690,86769,79521,11109,40199,17234,24858,10568,16752,42713
3/23/2022 1 p.m. EDT,29763,23141,32324,32290,86194,79222,11436,39603,16869,25142,10130,16765,41745
3/23/2022 2 p.m. EDT,29348,23177,31935,33657,86951,78577,11407,38980,16767,25332,9770,16901,41061
3/23/2022 3 p.m. EDT,29002,23057,31700,34717,86686,78072,11096,38418,16938,25563,9526,16856,40493
3/23/2022 4 p.m. EDT,28549,22997,31327,35381,85967,77251,11598,37956,17180,25594,9542,16824,39933
3/23/2022 5 p.m. EDT,28375,23231,30967,35575,86365,76816,12596,37868,17536,25788,9625,16755,39804
3/23/2022 6 p.m. EDT,28645,23505,30928,35336,87395,76948,13599,37794,17949,25786,9754,16996,39889
3/23/2022 7 p.m. EDT,29266,23731,30929,34357,87680,77331,14180,37891,18072,25649,10031,17366,40125
3/23/2022 8 p.m. EDT,30144,23980,30846,33345,88646,77646,14494,38168,18272,25485,10315,17492,40167
3/23/2022 9 p.m. EDT,32355,24240,31036,32768,88620,78979,14091,38883,17904,26133,10979,17836,40826
3/23/2022 10 p.m. EDT,32833,23392,31450,30971,85565,78850,13274,39659,17119,25520,11624,17584,41951
3/23/2022 11 p.m. EDT,34209,21828,30781,28543,81314,76400,12220,40129,16034,23919,11876,16801,41163
3/24/2022 12 a.m. EDT,35094,20248,29631,25827,78194,72780,11323,39519,15058,22135,11616,15917,39411
3/24/2022 1 a.m. EDT,34007,19056,28544,23463,75794,70129,10740,37846,14367,21099,11155,14996,37395
3/24/2022 2 a.m. EDT,32191,18302,27944,21861,73778,69334,10715,35736,13937,20070,10692,14678,36128
3/24/2022 3 a.m. EDT,30270,17842,27665,20860,72990,68975,10611,34084,13663,19889,10062,14465,35564
3/24/2022 4 a.m. EDT,26990,17629,27615,20310,72803,68575,10636,33094,13613,19716,9745,14530,35561
3/24/2022 5 a.m. EDT,25824,17865,27782,20291,73689,68526,10642,32667,13788,19685,9505,14793,36051
3/24/2022 6 a.m. EDT,24961,18858,28308,21164,76957,69680,11524,32764,14599,20644,9463,15425,37212
3/24/2022 7 a.m. EDT,24643,20811,29429,23046,82977,73393,13031,33162,15958,22403,9538,16772,39899
3/24/2022 8 a.m. EDT,24866,22110,31662,24439,87074,79006,14162,34548,17052,24289,9847,18253,44153
3/24/2022 9 a.m. EDT,26297,22264,33028,25784,88509,82060,14597,37465,17511,24802,10529,18487,46476
3/24/2022 10 a.m. EDT,28480,22506,32861,27743,89219,82295,14763,40447,17698,24936,11001,18087,45542
3/24/2022 11 a.m. EDT,29614,22645,32287,29561,89362,81620,14792,41592,17724,24772,10819,17512,43798
3/24/2022 12 p.m. EDT,29355,22641,31737,30638,89294,80652,14606,41458,17636,24367,10420,17230,42405
3/24/2022 1 p.m. EDT,28936,22516,31186,31493,88479,79408,14443,40961,17438,24147,9938,16894,41222
3/24/2022 2 p.m. EDT,28459,22331,30703,31963,87591,78527,14350,40081,17212,23969,9602,16766,40472
3/24/2022 3 p.m. EDT,28066,22108,30293,31677,86832,77945,14190,39210,17054,23816,9429,16381,40107
3/24/2022 4 p.m. EDT,27911,21988,29786,31926,86402,77015,14157,38359,16983,23688,9456,16246,39790
3/24/2022 5 p.m. EDT,27967,22021,29288,32087,86404,76485,14417,37726,17143,23718,9669,16145,39725
3/24/2022 6 p.m. EDT,28584,22125,29008,31860,86213,76670,14788,37057,17433,23791,10028,16071,40041
3/24/2022 7 p.m. EDT,30000,22489,28783,30766,86524,76756,14901,36901,17539,23868,10501,16302,40331
3/24/2022 8 p.m. EDT,32388,22695,28603,30017,87817,77105,14880,37263,17778,24072,10849,16505,40145
3/24/2022 9 p.m. EDT,33077,23256,28980,29658,88387,78649,14328,37683,17464,25024,11473,17497,40440
3/24/2022 10 p.m. EDT,35439,22389,29613,27984,85773,78793,13465,38261,16715,24669,11893,17456,41397
3/24/2022 11 p.m. EDT,35147,20994,29227,25867,81550,76285,12409,39213,15715,23561,12033,16990,40592
3/25/2022 12 a.m. EDT,34332,19648,28045,23381,78381,73144,11483,38813,14817,22087,11768,16204,38787
3/25/2022 1 a.m. EDT,32983,18599,27065,21297,76919,71010,10889,37090,14114,21343,11121,15519,36760
3/25/2022 2 a.m. EDT,30769,18048,26624,19766,74883,69880,10841,34989,13660,21002,10645,15312,35274
3/25/2022 3 a.m. EDT,28568,17753,26636,18833,74290,68906,10663,33277,13405,20656,10007,15085,34510
3/25/2022 4 a.m. EDT,27116,17845,26764,18237,74735,68597,10642,32482,13290,20750,9543,15129,34411
3/25/2022 5 a.m. EDT,25865,18356,26991,18139,75899,69221,10917,32156,13458,20940,9271,15383,34688
3/25/2022 6 a.m. EDT,25070,19660,27637,18774,77931,70386,11444,31731,14224,21559,9166,15885,35613
3/25/2022 7 a.m. EDT,24600,22090,28911,20425,84529,73667,12804,32092,15620,23622,9192,16994,38195
3/25/2022 8 a.m. EDT,24853,23463,30938,21707,89406,79005,13698,33461,16571,25434,9449,18373,42167
3/25/2022 9 a.m. EDT,26091,23630,32337,22515,89964,82057,13677,36175,16814,25843,10058,18572,44433
3/25/2022 10 a.m. EDT,28305,23159,32134,23426,88661,82239,13110,39109,16566,25692,10446,18488,43752
3/25/2022 11 a.m. EDT,29335,22592,31284,24080,87196,81575,12346,40337,16287,25164,10379,18134,42268
3/25/2022 12 p.m. EDT,29409,22083,30571,24621,86333,80582,11800,40388,16267,24696,10193,18038,41052
3/25/2022 1 p.m. EDT,28936,21705,29978,25145,86380,79296,11852,39874,16123,24286,9873,17792,40462
3/25/2022 2 p.m. EDT,27978,21590,29478,25598,86826,78167,11825,38978,16038,24060,9782,17676,40138
3/25/2022 3 p.m. EDT,27135,21249,28893,26217,86891,77981,11583,38091,16285,24185,9887,17524,40744
3/25/2022 4 p.m. EDT,26585,21093,28403,27039,86246,77028,11895,37478,16594,23982,10184,17220,41570
3/25/2022 5 p.m. EDT,26972,21255,27900,27899,85897,76386,12421,36912,16811,23522,10615,17095,42582
3/25/2022 6 p.m. EDT,27907,21406,27647,28140,85431,75689,12679,36508,16975,23502,11121,17088,43752
3/25/2022 7 p.m. EDT,28932,21425,27521,27439,85464,74891,13022,36617,16929,23337,11748,17031,44595
3/25/2022 8 p.m. EDT,30149,21974,27366,26367,86860,74912,13349,37008,17132,23392,12182,17216,44349
3/25/2022 9 p.m. EDT,31821,22589,27578,26036,87551,76457,13033,37204,16937,24167,12663,17837,43405
3/25/2022 10 p.m. EDT,33074,22074,28083,24509,85592,76821,12400,37479,16348,23897,12710,17744,42838
3/25/2022 11 p.m. EDT,33993,21164,27956,22813,82661,74927,11597,38185,15543,23189,12589,17422,41345
3/26/2022 12 a.m. EDT,33383,20170,27006,20808,80174,72173,10997,37748,14660,22191,12162,16779,39296
3/26/2022 1 a.m. EDT,31936,19157,26199,18922,78239,69849,10481,36417,13959,21250,11599,16102,37088
3/26/2022 2 a.m. EDT,30114,18863,25627,17436,76370,68142,10839,34708,13493,20663,11090,15773,35197
3/26/2022 3 a.m. EDT,28219,18475,25447,16529,75608,66968,10682,33158,13215,20695,10410,15679,33757
3/26/2022 4 a.m. EDT,26662,18778,25486,16049,75399,66692,10639,31932,13069,20632,9871,15687,32828
3/26/2022 5 a.m. EDT,25267,19159,25650,16007,75499,66927,10740,31251,13105,20844,9504,15716,32252
3/26/2022 6 a.m. EDT,24516,19960,26052,16347,76243,67848,11119,31085,13400,21447,9236,16122,32337
3/26/2022 7 a.m. EDT,24027,21203,26799,17250,79166,69899,11595,31272,13939,22058,9096,16783,33036
3/26/2022 8 a.m. EDT,23902,22367,27822,18491,81617,72686,11622,31834,14515,23162,9189,17596,34356
3/26/2022 9 a.m. EDT,24466,23199,28611,20415,83535,74932,11278,32985,15001,24231,9416,17897,35901
3/26/2022 10 a.m. EDT,25510,23080,28958,22074,84971,76305,10568,34253,15121,24497,9428,17842,37158
3/26/2022 11 a.m. EDT,25839,22432,28768,23002,85482,76340,10185,35461,15235,24260,9395,17639,37812
3/26/2022 12 p.m. EDT,25786,21710,28348,23350,85209,75547,10105,36630,15441,23696,9640,17273,38320
3/26/2022 1 p.m. EDT,24894,21266,27778,23735,84443,74438,10817,36905,15271,23178,9590,16746,38847
3/26/2022 2 p.m. EDT,23796,20744,27100,24204,83595,73319,11607,36407,14946,23011,9813,16280,39458
3/26/2022 3 p.m. EDT,23083,20335,26643,24960,82546,72343,11616,35810,14873,22555,10087,15788,40338
3/26/2022 4 p.m. EDT,22597,20114,26311,25861,81707,71812,11671,35264,14987,22353,10549,15432,41759
3/26/2022 5 p.m. EDT,22505,19974,26194,26754,82298,71501,11705,35037,15334,22291,11365,15212,43453
3/26/2022 6 p.m. EDT,23050,20009,26399,27149,83292,71829,12233,35206,15679,22423,11323,15117,44957
3/26/2022 7 p.m. EDT,23691,20561,26729,26562,85085,72323,12725,35568,15964,22435,11785,15161,45794
3/26/2022 8 p.m. EDT,25452,21327,26856,25490,87865,73320,12977,36080,16417,22359,12150,15621,45525
3/26/2022 9 p.m. EDT,27785,22178,27126,25095,89558,75015,12696,36537,16421,23285,12614,16491,43987
3/26/2022 10 p.m. EDT,29674,21915,27731,23717,88493,75729,12148,36903,16055,23062,12657,16663,43578
3/26/2022 11 p.m. EDT,30784,21375,27273,22085,86070,74124,11480,37429,15460,22463,12436,16365,42027
3/27/2022 12 a.m. EDT,30602,20664,26488,20226,83970,71933,10787,36932,14738,21624,11879,16022,40073
3/27/2022 1 a.m. EDT,29770,20113,25674,18432,81899,70127,10261,35679,14128,20722,11287,15693,37931
3/27/2022 2 a.m. EDT,28289,19917,25106,17077,80784,69027,10432,33920,13723,20140,10840,15550,35886
3/27/2022 3 a.m. EDT,26612,20031,24862,16194,80947,68769,10275,32387,13466,20121,10141,15732,34187
3/27/2022 4 a.m. EDT,25431,20417,24737,15693,81149,68383,9987,31241,13326,20222,9675,15926,33138
3/27/2022 5 a.m. EDT,24521,21023,24786,15593,81663,67395,9780,30548,13371,20342,9450,16125,32533
3/27/2022 6 a.m. EDT,23798,21989,24828,15859,81531,67492,10043,30226,13616,20634,9106,16596,32339
3/27/2022 7 a.m. EDT,23220,23384,25236,16580,83140,68808,10559,29917,14070,21486,9002,17308,32557
3/27/2022 8 a.m. EDT,23149,24884,26119,17657,85322,71143,10853,30300,14477,22658,9067,18049,33080
3/27/2022 9 a.m. EDT,23398,25541,26878,19577,86487,72883,10661,31358,14921,23785,9212,18644,33825
3/27/2022 10 a.m. EDT,23903,24553,27456,21389,87157,73623,10346,32781,15175,24142,9092,18631,35176
3/27/2022 11 a.m. EDT,23919,23144,27712,22458,87565,73580,10218,33882,15338,23744,9069,18112,36665
3/27/2022 12 p.m. EDT,23950,21999,27539,23073,88243,72912,10386,34964,15505,23251,9314,17406,37786
3/27/2022 1 p.m. EDT,23266,21291,27214,23620,87362,72178,10585,35485,15575,22740,9339,16848,38966
3/27/2022 2 p.m. EDT,22419,20609,26962,24380,86225,71753,10670,35251,15586,22723,9350,16385,40371
3/27/2022 3 p.m. EDT,21917,20121,26693,25190,85728,71234,10882,35002,15587,22505,9561,15892,41869
3/27/2022 4 p.m. EDT,21313,19868,26557,26161,85449,70562,11229,34750,15838,22434,9908,15560,43620
3/27/2022 5 p.m. EDT,21449,19950,26586,27343,85863,70575,11948,34643,16332,22587,10499,15330,45500
3/27/2022 6 p.m. EDT,21883,20428,26878,28105,87189,71342,12917,34583,17005,22657,11168,15576,47259
3/27/2022 7 p.m. EDT,22825,20973,27284,27851,89310,72500,13544,34931,17471,22933,11874,15819,48412
3/27/2022 8 p.m. EDT,24390,21912,27498,26926,93192,74213,14009,35800,18038,23200,12374,16328,48106
3/27/2022 9 p.m. EDT,26691,23179,27833,26684,96241,76708,13756,36500,18084,24206,12957,17377,46978
3/27/2022 10 p.m. EDT,28470,22947,28620,25013,95114,78019,13091,36997,17521,23930,13074,17592,46793
3/27/2022 11 p.m. EDT,29996,22085,28120,22663,92173,76021,12251,37709,16728,22793,12958,17257,45213
3/28/2022 12 a.m. EDT,29736,21223,26968,20128,90024,73491,11746,37127,15952,21351,12424,16623,42433
3/28/2022 1 a.m. EDT,29086,20838,25856,18087,89086,72167,11315,35016,15408,20324,11756,16090,39187
3/28/2022 2 a.m. EDT,27625,20913,25133,16748,88760,71068,11460,33125,15083,20450,11075,15905,36473
3/28/2022 3 a.m. EDT,25799,21326,24816,16007,88954,70532,11625,31576,14923,20227,10293,15854,34769
3/28/2022 4 a.m. EDT,24806,21881,24771,15685,89734,70705,11734,30502,14947,20359,9734,16057,33742
3/28/2022 5 a.m. EDT,23942,23016,24955,15966,91155,71497,11862,29966,15283,20560,9405,16287,33268
3/28/2022 6 a.m. EDT,23472,25128,25548,17215,95541,71784,12437,29877,16173,21564,9233,16935,33461
3/28/2022 7 a.m. EDT,23348,27958,26922,19406,103605,76215,13967,30225,17688,23973,9237,18403,34882
3/28/2022 8 a.m. EDT,23997,29803,29217,20896,108335,81972,14865,31517,18745,25856,9468,19867,37671
3/28/2022 9 a.m. EDT,25294,29570,30513,21939,106909,84271,14586,34204,18886,26140,9958,20252,38958
3/28/2022 10 a.m. EDT,27603,27280,30410,23080,104053,83513,13729,37030,18855,25841,10353,19726,39319
3/28/2022 11 a.m. EDT,29124,25477,30162,24139,102116,82227,12979,38360,18792,25452,10565,19092,40429
3/28/2022 12 p.m. EDT,29878,24232,29850,25056,100601,81332,12563,38492,18671,25296,10817,18454,41689
3/28/2022 1 p.m. EDT,29978,23307,29438,26194,99277,80048,12620,38358,18562,25026,11451,17876,42792
3/28/2022 2 p.m. EDT,30029,22704,29072,27531,98230,79279,12410,38103,18455,24974,10933,17418,44056
3/28/2022 3 p.m. EDT,29378,22102,28970,29005,97931,78628,12559,37812,18445,25263,11043,17122,45629
3/28/2022 4 p.m. EDT,29043,21681,28801,30692,97465,77782,12942,37539,18552,25367,11056,16637,47318
3/28/2022 5 p.m. EDT,28680,21688,28736,32205,96593,77229,13687,37448,18978,25572,11102,16428,48991
3/28/2022 6 p.m. EDT,28414,21858,28831,32974,97240,77531,14896,37307,19627,25441,11355,16082,50388
3/28/2022 7 p.m. EDT,27860,22586,28977,32335,99270,78188,15791,37449,20030,25228,11389,16718,50875
3/28/2022 8 p.m. EDT,27984,23536,29046,30653,102959,79143,16286,37775,20450,25333,11224,17135,49953
3/28/2022 9 p.m. EDT,29224,24535,29219,30091,105847,80974,15985,37983,20371,25955,11349,17976,48542
3/28/2022 10 p.m. EDT,30392,23848,29779,27841,103730,81280,15198,38236,19575,25359,11643,17947,48355
3/28/2022 11 p.m. EDT,31654,22693,29140,25041,99795,78979,14169,39032,18421,23899,11855,17455,46704
3/29/2022 12 a.m. EDT,31479,21524,27824,22023,96478,76608,13229,38348,17360,22193,11687,16682,43823
3/29/2022 1 a.m. EDT,30420,20960,26579,19652,94165,74002,12653,36461,16611,21159,11296,16017,40672
3/29/2022 2 a.m. EDT,28514,20937,25723,17871,93366,72239,12349,34574,16175,20628,10760,15764,38288
3/29/2022 3 a.m. EDT,26731,21188,25219,16857,93513,71327,12543,32769,15869,20563,10081,15684,36704
3/29/2022 4 a.m. EDT,25606,21673,25021,16382,93626,70727,12656,31873,15860,20798,9634,15719,35604
3/29/2022 5 a.m. EDT,24789,22593,25035,16418,94838,70957,12716,31341,16059,20928,9389,15851,35139
3/29/2022 6 a.m. EDT,24298,24386,25431,17489,99172,71961,13576,31231,16878,21427,9228,16227,35411
3/29/2022 7 a.m. EDT,24054,27040,26531,19705,106933,74683,15046,31624,18291,23546,9287,17448,36983
3/29/2022 8 a.m. EDT,24459,28506,28455,21068,110829,79370,15600,32938,19186,25123,9487,18618,39929
3/29/2022 9 a.m. EDT,25961,28390,29627,22100,108915,81613,14864,35505,19069,25337,10134,18840,41292
3/29/2022 10 a.m. EDT,28371,27895,29760,23226,105392,82110,13792,38589,18618,25364,10512,18553,41754
3/29/2022 11 a.m. EDT,29666,26646,29836,24392,102238,82291,13048,40073,18172,25108,10641,18100,42676
3/29/2022 12 p.m. EDT,29216,25519,29950,25643,99317,82228,12868,40305,17748,24990,10760,17661,43936
3/29/2022 1 p.m. EDT,28123,24380,29826,27131,96971,81650,12554,40038,17417,25254,10428,17061,45122
3/29/2022 2 p.m. EDT,27382,23446,29706,28646,95504,80890,12564,39641,17293,25422,10169,16680,46191
3/29/2022 3 p.m. EDT,27475,22550,29599,30408,95072,80671,12386,38938,17191,25551,10106,16646,47102
3/29/2022 4 p.m. EDT,26671,22139,29608,32433,93995,80038,12345,38460,17140,25825,10287,16416,48026
3/29/2022 5 p.m. EDT,25165,22131,29549,34051,93542,79729,13089,38032,17362,25798,10193,16502,48594
3/29/2022 6 p.m. EDT,26184,22467,29738,35658,92413,79790,13781,37776,17938,26013,10249,16468,48973
3/29/2022 7 p.m. EDT,26462,22980,29726,33998,93439,79812,14975,37884,18637,25949,10211,16633,48868
3/29/2022 8 p.m. EDT,26405,24049,29684,32212,96623,79935,15642,38434,19278,25924,10290,16815,47818
3/29/2022 9 p.m. EDT,27830,25060,29742,31213,98703,80846,15405,39028,19306,26522,10778,17365,47517
3/29/2022 10 p.m. EDT,29541,24361,29947,28768,96484,80619,14589,39469,18551,25793,11320,17314,48006
3/29/2022 11 p.m. EDT,31463,22964,28967,25897,92335,77614,13508,39954,17506,24195,11724,16646,46812
3/30/2022 12 a.m. EDT,31627,21742,27601,22799,89088,73810,12559,39270,16512,22350,11564,15637,44288
3/30/2022 1 a.m. EDT,30580,20897,26262,20303,86712,70602,12020,37415,15838,21151,11104,14770,41439
3/30/2022 2 a.m. EDT,28694,20624,25402,18661,86368,68082,12198,35170,15440,20273,10658,14165,38939
3/30/2022 3 a.m. EDT,26933,20689,24881,17671,86873,67046,12183,33586,15244,19985,10033,13859,37358
3/30/2022 4 a.m. EDT,25884,20886,24536,17213,87316,66108,12300,32761,15192,19840,9665,13662,36557
3/30/2022 5 a.m. EDT,24984,21548,24550,17303,88576,65877,12536,32299,15474,19978,9474,13712,36020
3/30/2022 6 a.m. EDT,24448,23112,24692,18398,90215,67318,13083,32283,16353,20193,9346,13965,36200
3/30/2022 7 a.m. EDT,24200,25518,25688,20555,96239,70685,14415,32769,17716,21957,9361,14984,37471
3/30/2022 8 a.m. EDT,24744,26427,27608,21902,100098,75168,14867,34201,18548,23608,9668,16072,39837
3/30/2022 9 a.m. EDT,26134,26081,29142,23150,99353,77580,13857,36897,18559,24050,10305,16419,41261
3/30/2022 10 a.m. EDT,28295,25406,29633,24750,96721,78274,12757,39731,18385,24464,10690,16359,41476
3/30/2022 11 a.m. EDT,29403,24866,29986,26316,94349,78890,12065,40986,18274,24820,10638,16201,41953
3/30/2022 12 p.m. EDT,29245,24161,30301,27712,92405,79353,11868,40881,18052,25099,10335,16419,42301
3/30/2022 1 p.m. EDT,28238,23377,30246,29129,91138,79812,11822,40260,17928,25484,9937,16583,42306
3/30/2022 2 p.m. EDT,27193,22699,30317,30756,89840,79902,11957,39491,17682,25944,9655,16789,42794
3/30/2022 3 p.m. EDT,26443,22191,30411,32264,88517,80005,11936,38722,17640,26483,9449,16953,43614
3/30/2022 4 p.m. EDT,25814,22131,30311,33729,86963,79520,12138,38198,17714,27012,9480,17096,44231
3/30/2022 5 p.m. EDT,25665,22323,30270,35146,86536,78906,12823,37805,17870,27453,9557,17116,44796
3/30/2022 6 p.m. EDT,25467,22516,30401,35344,85832,78758,13755,37584,18251,27573,9800,17352,45446
3/30/2022 7 p.m. EDT,25631,22989,30520,34539,86327,78726,14400,37663,18385,27281,10184,15880,44934
3/30/2022 8 p.m. EDT,26355,23391,28808,17380,88297,77800,14750,38196,18707,26988,10397,17069,44978
3/30/2022 9 p.m. EDT,28195,24121,30713,32365,89611,78092,14371,38794,18482,27539,11022,17248,44042
3/30/2022 10 p.m. EDT,29796,23249,31116,30420,86854,77551,13539,39578,17692,26647,11568,16825,44210
3/30/2022 11 p.m. EDT,31745,21664,30418,27858,82269,74582,12445,40208,16551,24977,11966,15911,42698
3/31/2022 12 a.m. EDT,31913,20077,29116,24976,79366,71290,11511,39793,15476,23052,11760,14858,39989
3/31/2022 1 a.m. EDT,30686,18793,27979,22477,76703,67962,11151,38192,14716,21549,11249,13934,36974
3/31/2022 2 a.m. EDT,28817,18030,27363,20818,74599,65664,11162,36220,14210,20723,10632,13217,34888
3/31/2022 3 a.m. EDT,26890,17569,26997,19723,73250,64514,10988,34433,13929,19979,10053,12785,33750
3/31/2022 4 a.m. EDT,25486,17420,26887,19201,72840,64227,10983,33248,13801,19541,9553,12538,33049
3/31/2022 5 a.m. EDT,24508,17414,27057,19205,73748,64710,11229,32892,13917,19633,9335,12578,32807
3/31/2022 6 a.m. EDT,23993,18741,27713,20290,76665,66482,11778,32903,14675,20249,9253,12874,33345
3/31/2022 7 a.m. EDT,23913,20835,29013,22372,81319,70323,13243,33324,16067,21387,9238,13864,35257
3/31/2022 8 a.m. EDT,24312,21926,31327,23707,85208,76090,13955,34825,16951,22869,9541,15126,38645
3/31/2022 9 a.m. EDT,25630,22180,32737,25024,86109,79303,14088,37795,17266,23439,10182,15720,40298
3/31/2022 10 a.m. EDT,28015,22530,32649,26951,86873,80355,13928,40817,17202,23914,10490,16080,40301
3/31/2022 11 a.m. EDT,29282,22909,32305,28681,87558,80837,13721,41876,17337,24457,10367,16375,40450
3/31/2022 12 p.m. EDT,29314,23007,31941,30404,87288,80719,13586,41424,17243,24786,10153,16639,40137
3/31/2022 1 p.m. EDT,28692,22995,31497,32020,87219,80455,13468,40481,16929,25006,9810,16670,39868
3/31/2022 2 p.m. EDT,27658,22875,30982,33256,87164,79810,13370,39356,16872,25287,9633,16617,39922
3/31/2022 3 p.m. EDT,26979,22704,30536,34266,86522,79539,13491,38584,16813,25603,9581,16564,40278
3/31/2022 4 p.m. EDT,26527,22679,30018,34979,85769,79165,13634,38146,16772,26040,9796,16297,40827
3/31/2022 5 p.m. EDT,26079,23017,29463,35271,85855,78846,13595,37635,17007,26192,10046,16340,41565
3/31/2022 6 p.m. EDT,26097,23332,29180,34808,86463,79163,13966,37225,17336,26196,10362,16361,42550
3/31/2022 7 p.m. EDT,26230,23566,28819,33680,86850,79495,14110,37208,17440,25927,10833,16542,43255
3/31/2022 8 p.m. EDT,26716,23742,28779,32784,87796,79776,14123,37694,17533,25580,11111,16679,43013
3/31/2022 9 p.m. EDT,28061,24279,29157,32184,88120,80810,13625,38262,17272,25939,11574,17363,42653
3/31/2022 10 p.m. EDT,29583,23360,30071,30373,85164,80805,12754,38794,16535,25312,11889,17320,42817
3/31/2022 11 p.m. EDT,31412,21763,29632,27989,80890,78520,11705,39684,15512,23767,12148,16704,41558
4/1/2022 12 a.m. EDT,31382,20085,28631,25376,77931,75189,11016,39481,14520,22020,11862,15723,39210
4/1/2022 1 a.m. EDT,30218,18695,27887,23163,76383,72732,10744,37819,13778,20911,11280,15166,36443
4/1/2022 2 a.m. EDT,28575,17845,27478,21700,74588,71276,10568,35666,13340,19946,10772,14768,34605
4/1/2022 3 a.m. EDT,26779,17293,27324,20781,73778,70618,10355,34116,13090,19350,10080,14553,33635
4/1/2022 4 a.m. EDT,25477,17180,27227,20241,73715,70633,10300,33185,13015,19236,9620,14407,33110
4/1/2022 5 a.m. EDT,24556,17433,27351,20202,73525,70464,10533,32739,13193,19484,9326,14793,33214
4/1/2022 6 a.m. EDT,24085,18517,27941,21155,75729,71677,11062,32765,13899,20099,9169,15390,33861
4/1/2022 7 a.m. EDT,23955,20630,29228,23176,82113,75489,12022,33349,15302,21952,9143,16779,35783
4/1/2022 8 a.m. EDT,24480,21666,31404,24500,87039,80726,12766,34934,16344,23625,9399,18385,38775
4/1/2022 9 a.m. EDT,25994,21769,32567,25856,88603,83003,12956,37853,16847,24130,10010,18817,40387
4/1/2022 10 a.m. EDT,28319,21550,32193,27675,88794,82140,12422,41031,16954,24244,10302,18671,40443
4/1/2022 11 a.m. EDT,29323,21751,31236,29155,87970,80705,11945,42218,16929,24163,10279,18315,40605
4/1/2022 12 p.m. EDT,29244,21421,30462,30323,87237,79475,12097,41750,16919,23879,10260,17849,40674
4/1/2022 1 p.m. EDT,27958,21337,29703,31394,86662,77998,12150,40804,16675,23662,10099,17269,40716
4/1/2022 2 p.m. EDT,26949,21373,29012,32391,86064,76727,11873,39494,16397,23636,9935,16707,40993
4/1/2022 3 p.m. EDT,26231,21401,28603,33367,85654,75658,11804,38496,16247,23844,9982,16286,41546
4/1/2022 4 p.m. EDT,25488,21378,28131,34701,85424,74412,11765,37692,16517,24050,10094,15926,42118
4/1/2022 5 p.m. EDT,26317,21630,27810,35413,85147,73433,12092,37026,16973,24301,10391,15629,42945
4/1/2022 6 p.m. EDT,25505,21833,27581,35293,84741,73126,12649,36640,17274,24539,10773,15547,43791
4/1/2022 7 p.m. EDT,25821,21899,27389,34376,85019,73030,13002,36698,17412,24023,11311,15581,44322
4/1/2022 8 p.m. EDT,26511,21919,27282,32946,86879,73191,13477,37314,17702,23653,11890,15733,43588
4/1/2022 9 p.m. EDT,28160,22426,27486,32180,88846,74401,13308,37821,17581,23898,12132,16504,42626
4/1/2022 10 p.m. EDT,29713,21708,27916,30323,87602,75439,12727,38287,17020,23525,12277,16841,42583
4/1/2022 11 p.m. EDT,31180,20702,27523,28127,84835,74254,12246,38736,16219,22682,12283,16627,41444
4/2/2022 12 a.m. EDT,31158,19587,26754,25544,81948,71499,11480,38310,15394,21485,11891,16266,39370
4/2/2022 1 a.m. EDT,30197,18627,25776,23445,79541,69018,10938,36881,14725,20344,11354,15756,37146
4/2/2022 2 a.m. EDT,28589,18188,25005,21702,78000,67094,10910,35067,14288,20042,10912,15605,35085
4/2/2022 3 a.m. EDT,26922,18189,24560,20444,77470,65941,10972,33514,13990,19706,10237,15612,33596
4/2/2022 4 a.m. EDT,25629,18289,24432,19681,77392,65650,10949,32493,13861,19638,9758,15871,32616
4/2/2022 5 a.m. EDT,24649,18865,24442,19349,78131,65613,10834,32092,13943,19819,9426,16238,32227
4/2/2022 6 a.m. EDT,24071,19866,24717,19522,80467,66190,11032,31893,14217,20356,9189,16735,32223
4/2/2022 7 a.m. EDT,23780,21252,25241,20231,83890,68030,11301,32063,14774,20988,9132,17353,32864
4/2/2022 8 a.m. EDT,23626,22575,26244,21200,86685,70331,11687,32574,15251,21816,9210,18109,33896
4/2/2022 9 a.m. EDT,24100,23175,26980,23500,86332,71930,11279,33987,15433,23022,9416,18502,35080
4/2/2022 10 a.m. EDT,24959,22958,27339,26364,84334,73220,10790,35417,15186,23447,9305,18149,36229
4/2/2022 11 a.m. EDT,25284,22282,27294,29009,81900,73312,10149,36667,14831,23472,9381,17705,37425
4/2/2022 12 p.m. EDT,25406,21304,27065,30916,80050,72509,9939,37455,14465,23169,9550,17210,38521
4/2/2022 1 p.m. EDT,25407,20603,26655,32459,79355,71279,9653,37471,14096,23138,9468,16635,39704
4/2/2022 2 p.m. EDT,25344,20057,26298,33430,78211,70387,9507,37015,13756,22712,9486,16110,40541
4/2/2022 3 p.m. EDT,24766,19821,26036,33674,77177,69619,9425,36508,13523,22157,9610,15581,41569
4/2/2022 4 p.m. EDT,24036,19732,25906,32600,76430,69290,9517,35843,13501,21722,9855,15223,42950
4/2/2022 5 p.m. EDT,23866,19793,25914,31533,76813,68901,9616,35220,13893,21737,10204,14959,44594
4/2/2022 6 p.m. EDT,23651,20123,26114,30487,77291,69267,10935,34929,14663,21855,10777,14990,46134
4/2/2022 7 p.m. EDT,23806,20213,26403,29210,77382,69851,12115,35096,15518,21929,11381,15058,46990
4/2/2022 8 p.m. EDT,24806,20794,26373,28246,79558,70415,12816,35614,16191,21957,12065,15116,46625
4/2/2022 9 p.m. EDT,26082,21446,26294,27524,81710,71187,12772,36231,16392,22723,12367,15673,45016
4/2/2022 10 p.m. EDT,28154,20781,26764,26009,80381,71786,12291,36740,15996,22524,12446,15789,43994
4/2/2022 11 p.m. EDT,29730,19982,26332,24341,77964,70230,11625,37205,15388,21838,12353,15415,42436
4/3/2022 12 a.m. EDT,29641,19065,25546,22443,75478,67888,10957,37150,14668,20940,11916,15007,40422
4/3/2022 1 a.m. EDT,28966,18316,24664,20657,73827,65776,11009,35943,14036,19973,11381,14324,38195
4/3/2022 2 a.m. EDT,27683,17839,24102,19161,73163,64422,10722,34590,13614,19451,10937,13921,36293
4/3/2022 3 a.m. EDT,26193,17701,23764,18076,72624,64262,10794,33120,13376,19309,10305,13877,34657
4/3/2022 4 a.m. EDT,24925,17820,23630,17447,73015,64268,10517,31720,13213,19161,9831,13886,33712
4/3/2022 5 a.m. EDT,24024,18109,23674,17271,73077,64201,10723,31319,13208,19292,9405,14017,33031
4/3/2022 6 a.m. EDT,23376,18700,23884,17419,74079,64041,10615,31219,13418,19377,9131,14184,32825
4/3/2022 7 a.m. EDT,22921,19629,24429,17951,75334,64890,10838,31320,13785,20041,9052,14825,33035
4/3/2022 8 a.m. EDT,22886,20593,25143,18871,77031,66607,11112,31958,14214,20900,9077,15469,33564
4/3/2022 9 a.m. EDT,23008,21184,25706,20847,78571,68058,11211,33158,14630,21927,9140,16056,34249
4/3/2022 10 a.m. EDT,23241,20945,26267,23128,79002,68636,10893,34513,15141,22304,8924,16161,35715
4/3/2022 11 a.m. EDT,23328,20468,26424,24627,78964,68262,10613,35826,15646,22154,8915,15813,37235
4/3/2022 12 p.m. EDT,23483,20032,26489,25630,79002,67677,10332,37169,16015,21872,9207,15293,38925
4/3/2022 1 p.m. EDT,23251,19887,26522,26594,78929,67676,10160,37708,16181,21747,9229,15074,40395
4/3/2022 2 p.m. EDT,22897,19768,26707,27668,78474,67669,10538,37381,16185,21758,9238,14916,42048
4/3/2022 3 p.m. EDT,22572,19651,26764,28653,78684,67644,11192,36970,16105,22012,9426,14731,43614
4/3/2022 4 p.m. EDT,22040,19810,26845,29516,78393,67737,11792,36484,16111,22587,9762,14579,45282
4/3/2022 5 p.m. EDT,21938,20176,27102,30089,79034,68376,12442,36101,16342,23101,10129,14627,46985
4/3/2022 6 p.m. EDT,22153,20659,27463,30373,79419,69790,13086,35840,16749,23463,10592,14951,48387
4/3/2022 7 p.m. EDT,22648,21053,27848,29597,80675,71085,13462,36289,16956,23473,11203,15199,49258
4/3/2022 8 p.m. EDT,23731,21606,27917,28913,83264,71477,13698,37042,17196,23355,11885,15433,49001
4/3/2022 9 p.m. EDT,25578,22337,27858,28848,85499,72487,13346,37650,17174,23866,12237,16121,47614
4/3/2022 10 p.m. EDT,27586,21540,28213,27228,83839,72699,12593,38064,16578,23503,12466,16248,47256
4/3/2022 11 p.m. EDT,29528,20172,27500,24929,80606,70495,11652,38614,15725,22264,12546,15708,45779
4/4/2022 12 a.m. EDT,29845,18858,26193,22287,78055,67245,10814,38314,14847,20789,12217,15009,42898
4/4/2022 1 a.m. EDT,28992,18054,24862,20070,77169,64460,10591,36537,14245,19989,11584,14461,39579
4/4/2022 2 a.m. EDT,27259,17717,23900,18563,77507,63072,10571,34362,13879,19312,10970,14143,36891
4/4/2022 3 a.m. EDT,25530,17821,23396,17671,77500,62384,10454,32604,13658,19067,10189,14265,35048
4/4/2022 4 a.m. EDT,24320,18206,23288,17334,77907,62119,10701,31572,13638,19207,9630,14481,34022
4/4/2022 5 a.m. EDT,23529,19000,23295,17578,79010,62041,10769,31376,13915,19398,9308,14952,33684
4/4/2022 6 a.m. EDT,23195,21024,23665,18840,83075,63993,11388,31650,14840,20676,9065,15817,34004
4/4/2022 7 a.m. EDT,23163,23986,24857,21060,90487,68387,12771,32061,16257,22750,9039,17333,35553
4/4/2022 8 a.m. EDT,23734,25317,27080,22387,94580,73871,13444,33452,17029,24675,9326,18793,38141
4/4/2022 9 a.m. EDT,25093,24721,28470,23603,93546,76814,12782,36353,16951,25393,9878,18925,39632
4/4/2022 10 a.m. EDT,27451,23678,28782,24921,91347,77775,11783,39075,16666,25186,10137,18391,40189
4/4/2022 11 a.m. EDT,28806,22911,28786,26147,89968,77958,10991,40276,16429,24761,10147,17799,41187
4/4/2022 12 p.m. EDT,29003,22232,28737,27203,88407,77941,10899,40780,16187,24948,10150,17355,42201
4/4/2022 1 p.m. EDT,28142,21799,28634,28579,86680,77461,10715,40712,15950,24684,9906,16929,43535
4/4/2022 2 p.m. EDT,26799,21607,28547,30162,85686,77007,10606,40380,15809,24549,9959,16588,44602
4/4/2022 3 p.m. EDT,25697,21300,28600,31157,84702,76780,10375,40289,15824,24806,10065,16376,45452
4/4/2022 4 p.m. EDT,25172,21295,28502,32446,83807,76043,10315,40186,15967,25113,10379,16264,45916
4/4/2022 5 p.m. EDT,25181,21699,28316,33263,83895,75325,11566,39751,16366,25582,10790,16242,46367
4/4/2022 6 p.m. EDT,25406,21939,28289,33387,85029,75229,12529,39609,16895,26140,11276,16483,47164
4/4/2022 7 p.m. EDT,26129,22445,28458,32899,85718,75561,13209,39874,17211,26205,11814,16580,47528
4/4/2022 8 p.m. EDT,27082,22892,28592,31929,87517,75831,13773,40160,17618,25788,12458,16852,47131
4/4/2022 9 p.m. EDT,29064,23506,28608,31518,89037,76846,13579,40623,17541,25927,12722,17234,46871
4/4/2022 10 p.m. EDT,30701,22570,28874,29451,86701,77003,12789,41303,16846,25142,13016,17018,46815
4/4/2022 11 p.m. EDT,32385,20996,28191,26800,82617,74249,11742,41609,15859,23626,13053,16252,45375
4/5/2022 12 a.m. EDT,32512,19491,26820,23959,79709,70665,10845,41170,14874,21933,12683,15153,42934
4/5/2022 1 a.m. EDT,31404,18549,25659,21512,77321,68461,10555,39414,14165,20888,12071,14364,39773
4/5/2022 2 a.m. EDT,29357,17990,24740,19879,76367,66569,10294,37078,13760,20416,11354,13736,37244
4/5/2022 3 a.m. EDT,27537,17793,24251,18941,76069,65749,10206,35399,13524,19947,10548,13501,35656
4/5/2022 4 a.m. EDT,26111,17881,24024,18466,75942,64606,10271,34410,13493,19861,10015,13302,34614
4/5/2022 5 a.m. EDT,25031,18416,23903,18593,77340,64190,10665,33862,13792,20083,9631,13543,34425
4/5/2022 6 a.m. EDT,24511,19772,24327,19735,79798,66095,11289,33703,14638,20777,9372,14127,34949
4/5/2022 7 a.m. EDT,24334,22190,25441,22011,85734,69665,12754,33937,15913,21809,9278,15295,36629
4/5/2022 8 a.m. EDT,24847,23199,27378,23366,89841,74888,13127,35657,16729,23130,9517,16563,39677
4/5/2022 9 a.m. EDT,26374,22886,28432,24872,90412,77288,12160,38628,16906,24068,10100,17041,41141
4/5/2022 10 a.m. EDT,28419,22380,28663,26686,89274,77859,11082,41520,16666,24819,10337,17186,41970
4/5/2022 11 a.m. EDT,29305,22374,28722,28656,88098,78156,10686,42626,16270,25407,10265,17356,43088
4/5/2022 12 p.m. EDT,28932,22188,28753,30590,86772,78014,10626,42830,16042,25922,10312,17333,44855
4/5/2022 1 p.m. EDT,27941,22428,28703,32863,85763,77795,10642,42254,15736,26525,10197,17260,46743
4/5/2022 2 p.m. EDT,26894,22702,28685,35150,84936,77394,10700,41291,15605,26481,10274,17031,49390
4/5/2022 3 p.m. EDT,26175,22734,29009,36628,84162,77173,10677,40671,15439,26069,10495,16876,51888
4/5/2022 4 p.m. EDT,25880,22740,29163,37961,83739,76864,10927,40119,15412,25604,10950,16879,54072
4/5/2022 5 p.m. EDT,25812,23156,29414,38900,84359,76747,11492,39483,15824,25246,11529,16858,56222
4/5/2022 6 p.m. EDT,26460,23552,29904,39266,85357,77191,11961,39292,16402,25232,12174,16875,57966
4/5/2022 7 p.m. EDT,27012,23702,30224,38311,86395,77468,12931,39184,16898,25019,12774,17020,58477
4/5/2022 8 p.m. EDT,28300,23751,30152,36664,87547,77566,13534,39488,17255,24965,13455,17231,57251
4/5/2022 9 p.m. EDT,30693,23549,30013,35831,87969,78157,13331,40172,17119,25418,13731,17558,55342
4/5/2022 10 p.m. EDT,32533,22522,30099,33344,85024,77953,12547,40607,16358,24930,13825,17406,53952
4/5/2022 11 p.m. EDT,33721,21051,29326,30344,81145,75050,11500,41419,15336,23787,13755,16619,51649
4/6/2022 12 a.m. EDT,33598,19505,27797,27040,78108,71282,10605,41391,14398,22409,13311,15633,48086
4/6/2022 1 a.m. EDT,32285,18453,26272,24311,76299,68559,10510,39634,13698,21486,12544,14819,44311
4/6/2022 2 a.m. EDT,30146,17806,25291,22449,74419,66875,10570,37437,13283,20595,11702,14272,41307
4/6/2022 3 a.m. EDT,27935,17510,24705,21365,73493,65822,10571,35769,13039,20195,10850,13823,39260
4/6/2022 4 a.m. EDT,26461,17367,24375,20849,73255,65423,10448,34879,12978,20190,10160,13799,37786
4/6/2022 5 a.m. EDT,25616,17706,24272,20904,74684,65642,10736,34588,13204,20460,9676,13769,36837
4/6/2022 6 a.m. EDT,24968,18880,24680,21959,76745,66412,10831,34732,13999,21020,9439,14183,36485
4/6/2022 7 a.m. EDT,24692,20954,25792,24105,81886,69373,12250,35574,15455,22174,9332,15291,37481
4/6/2022 8 a.m. EDT,25128,21930,27812,25368,86021,74482,13157,37303,16514,23606,9493,16356,40042
4/6/2022 9 a.m. EDT,26450,21950,29051,26955,87219,77064,13381,40458,17063,24160,9997,16660,41146
4/6/2022 10 a.m. EDT,28386,21929,29120,29188,87226,77755,13332,43255,17267,24720,10164,16666,41450
4/6/2022 11 a.m. EDT,29200,22050,29172,31697,87014,78469,13262,43928,17253,25291,10140,16580,42098
4/6/2022 12 p.m. EDT,29486,22367,29225,33891,86441,78730,13182,42864,17093,25865,10228,16759,43057
4/6/2022 1 p.m. EDT,28729,22797,29136,35992,85905,78788,12920,41568,16823,26257,10249,16683,43822
4/6/2022 2 p.m. EDT,28245,23266,28974,37523,85340,78838,12902,40012,16715,26739,10417,16739,44388
4/6/2022 3 p.m. EDT,28275,23774,28910,38635,84502,78880,12966,39142,16625,27024,10747,16654,45297
4/6/2022 4 p.m. EDT,28529,24428,28770,39474,83966,78394,12943,38355,16550,27410,11292,16768,46075
4/6/2022 5 p.m. EDT,29419,25024,28662,40110,84304,78223,13151,37556,16673,27599,11852,16834,46844
4/6/2022 6 p.m. EDT,30165,25517,28821,40149,85359,78359,13548,37205,17119,27645,12521,16955,47617
4/6/2022 7 p.m. EDT,31576,25713,28863,39163,85591,78380,13801,37069,17292,27454,13111,17054,47827
4/6/2022 8 p.m. EDT,33486,25699,28911,37660,86130,78111,14011,37636,17393,27118,13788,16971,46749
4/6/2022 9 p.m. EDT,35406,25883,28890,36673,86918,78521,13743,38155,17179,27093,14002,17252,45201
4/6/2022 10 p.m. EDT,36802,24817,29489,34441,84404,78742,12922,38852,16438,26317,14095,17051,45006
4/6/2022 11 p.m. EDT,36999,23046,28889,31604,80454,75835,11829,39763,15362,24829,13902,16297,43180
4/7/2022 12 a.m. EDT,36660,21094,27521,28453,77972,72354,10918,39348,14414,23135,13468,15292,40248
4/7/2022 1 a.m. EDT,34836,19548,26292,25799,75183,69455,10374,37927,13728,21913,12622,14495,36926
4/7/2022 2 a.m. EDT,32181,18594,25603,23835,73691,67943,10539,35832,13302,21361,11743,13965,34575
4/7/2022 3 a.m. EDT,29534,17982,25246,22883,72816,66690,10509,34138,13040,20717,10754,13678,33136
4/7/2022 4 a.m. EDT,27941,17637,25207,22358,72786,66084,10510,33181,12982,20228,10148,13641,32310
4/7/2022 5 a.m. EDT,26627,17806,25325,22470,73986,66310,10811,32794,13179,20134,9730,13801,31949
4/7/2022 6 a.m. EDT,25700,18711,25838,23612,76552,67521,11368,32855,14010,20771,9457,14480,32342
4/7/2022 7 a.m. EDT,25193,20770,27211,25701,82180,71043,12475,33474,15435,21674,9383,15705,34188
4/7/2022 8 a.m. EDT,25489,21877,29490,27049,86893,76206,13298,35099,16552,22663,9601,17012,37369
4/7/2022 9 a.m. EDT,26649,22305,30630,28510,88479,78289,13405,38115,17173,23313,10191,17344,38765
4/7/2022 10 a.m. EDT,28458,22662,30697,30500,89301,78075,13229,40792,17493,23801,10410,17114,38927
4/7/2022 11 a.m. EDT,29148,22974,30573,32287,89718,77912,13109,41433,17663,24188,10239,17026,39326
4/7/2022 12 p.m. EDT,29290,23172,30456,33564,89831,77808,12986,40597,17778,24397,10251,16809,39941
4/7/2022 1 p.m. EDT,29609,23450,30264,34100,89540,77634,12878,39409,17775,24616,10155,16551,40092
4/7/2022 2 p.m. EDT,29843,24009,30015,34141,89117,77074,12911,38192,17809,24786,10200,16444,40242
4/7/2022 3 p.m. EDT,29920,24225,29770,33716,88258,76895,13039,37328,17771,24915,10454,16138,40547
4/7/2022 4 p.m. EDT,30624,24449,29516,33852,87578,76553,13080,36598,17857,24916,10939,15971,40795
4/7/2022 5 p.m. EDT,31856,24440,29300,34060,87862,76005,13445,36102,18062,25125,11513,15812,41344
4/7/2022 6 p.m. EDT,33556,24358,29277,33754,88279,76002,13987,35905,18249,25142,12235,15921,42043
4/7/2022 7 p.m. EDT,35894,24132,29251,32992,88358,76409,14143,36112,18178,24878,12942,16025,42526
4/7/2022 8 p.m. EDT,38234,23835,29383,31944,88945,76931,14242,36655,18090,24457,13755,16344,42116
4/7/2022 9 p.m. EDT,40063,24037,29753,31762,89489,78338,13902,37415,17646,24867,14046,17057,41687
4/7/2022 10 p.m. EDT,40843,22916,30396,29823,87022,78990,13063,38227,16889,24609,14151,17231,41853
4/7/2022 11 p.m. EDT,40489,21315,29805,27265,83421,76793,12021,38802,15872,23395,13898,16681,40689
4/8/2022 12 a.m. EDT,39352,19540,28554,24321,80572,73263,11082,38496,14843,22013,13401,15880,38357
4/8/2022 1 a.m. EDT,37380,18348,27458,22158,78581,70816,10671,36589,14112,21133,12665,15108,35872
4/8/2022 2 a.m. EDT,34285,17687,26850,20359,76917,69315,10668,34345,13630,20334,11865,14806,33990
4/8/2022 3 a.m. EDT,31498,17447,26607,19260,76169,68365,10557,32571,13346,20162,10949,14671,32848
4/8/2022 4 a.m. EDT,29401,17367,26553,18578,76338,67359,10536,31463,13254,20303,10212,14749,32267
4/8/2022 5 a.m. EDT,27707,17847,26731,18459,76958,67705,10765,30913,13438,20662,9756,14987,32259
4/8/2022 6 a.m. EDT,26723,19233,27262,19294,79804,69086,11141,30856,14174,21066,9484,15721,32837
4/8/2022 7 a.m. EDT,26228,21649,28573,21100,86529,72982,12308,31305,15502,22852,9411,16843,34686
4/8/2022 8 a.m. EDT,26156,22956,30704,22093,90267,78440,13181,32660,16425,24541,9635,18227,37915
4/8/2022 9 a.m. EDT,27337,23009,31967,23006,89428,81242,13280,35133,16580,25310,10154,18600,39547
4/8/2022 10 a.m. EDT,29029,22594,32074,23953,87668,81441,12981,37371,16280,25207,10354,18643,39781
4/8/2022 11 a.m. EDT,29886,22162,31869,24928,85989,81165,12509,38448,15923,24976,10305,18700,39867
4/8/2022 12 p.m. EDT,30328,21841,31644,25472,85139,80568,11910,38830,15794,24695,10417,18676,39885
4/8/2022 1 p.m. EDT,30465,21799,31291,25917,84264,79754,11609,38557,15597,24497,10490,18693,39773
4/8/2022 2 p.m. EDT,31010,21685,30709,26645,83659,79039,11386,37970,15495,24464,10734,18577,39706
4/8/2022 3 p.m. EDT,31960,21463,30208,27224,83136,78206,11509,37405,15296,24249,11077,18412,39931
4/8/2022 4 p.m. EDT,33249,21366,29628,27801,83286,77193,11601,37271,15211,24185,11611,18201,40229
4/8/2022 5 p.m. EDT,34615,21439,29065,28296,83206,76413,11580,37128,15417,24500,12202,18341,40642
4/8/2022 6 p.m. EDT,36311,21672,28544,28347,82837,76225,11960,36994,15889,24352,12865,18159,41170
4/8/2022 7 p.m. EDT,38417,21892,28095,27665,83284,76070,12457,37306,16141,24525,13525,18980,41418
4/8/2022 8 p.m. EDT,40380,22209,27916,26582,84726,76483,12893,37833,16512,24731,14274,18997,41029
4/8/2022 9 p.m. EDT,41649,22934,27875,26123,86241,77232,12835,38643,16578,25337,14449,19511,40411
4/8/2022 10 p.m. EDT,41657,22444,28539,24693,84575,77757,12233,38856,16046,25173,14335,19440,40513
4/8/2022 11 p.m. EDT,40575,21514,28382,22825,81488,76000,11470,39240,15256,24430,13849,18919,39745
4/9/2022 12 a.m. EDT,39161,20445,27758,20915,78575,73280,10913,39182,14473,23310,13157,18177,38040
4/9/2022 1 a.m. EDT,37052,19527,27067,18734,76038,70644,10091,37675,13739,22459,12378,17465,36097
4/9/2022 2 a.m. EDT,34353,18996,26598,17422,74114,68571,10027,35993,13263,22286,11781,16974,34425
4/9/2022 3 a.m. EDT,31695,18873,26361,16547,73222,67640,9867,34604,12986,22227,10945,16693,33423
4/9/2022 4 a.m. EDT,29937,18925,26389,16081,73919,67423,9778,33570,12867,22203,10308,16605,32860
4/9/2022 5 a.m. EDT,28324,19321,26647,16007,74453,67239,9873,32960,12908,22177,9866,16604,32740
4/9/2022 6 a.m. EDT,27157,20086,27111,16362,75527,68364,10090,32740,13173,22641,9560,16942,33146
4/9/2022 7 a.m. EDT,26268,21219,27785,17231,77891,70401,10470,33001,13688,23327,9397,17473,34159
4/9/2022 8 a.m. EDT,25639,22379,28774,18365,80302,72812,11003,33804,14182,24370,9415,18044,35709
4/9/2022 9 a.m. EDT,25731,23080,29442,20312,82286,74673,11392,35210,14736,25470,9584,18613,37150
4/9/2022 10 a.m. EDT,26050,22856,29495,21783,82911,75081,11380,36689,15009,26015,9463,18941,38145
4/9/2022 11 a.m. EDT,25727,22471,28932,22608,82451,74294,11292,37959,15186,26249,9428,18947,38725
4/9/2022 12 p.m. EDT,25917,22211,28267,22996,81834,72994,11098,38702,15141,26032,9803,18341,38875
4/9/2022 1 p.m. EDT,25314,21935,27763,23344,80933,71833,10933,38656,14853,25558,9890,17947,39205
4/9/2022 2 p.m. EDT,24651,21675,27133,23703,80822,70540,10885,38168,14544,24975,10135,17478,39608
4/9/2022 3 p.m. EDT,24458,21467,26692,24255,80397,69393,10890,37674,14343,24560,10591,16775,40533
4/9/2022 4 p.m. EDT,24407,21366,26474,24585,80195,68741,10645,37383,14212,23775,11191,16322,41719
4/9/2022 5 p.m. EDT,24752,21661,26481,24917,79921,68230,10840,37138,14417,23581,11969,16020,43076
4/9/2022 6 p.m. EDT,25709,21996,26720,24962,80119,68696,11453,36972,14885,23416,12739,15856,44609
4/9/2022 7 p.m. EDT,27241,22579,26972,24445,80582,69118,12094,37210,15436,23054,13513,15852,45639
4/9/2022 8 p.m. EDT,28859,23152,27122,23724,82352,69427,12553,37726,15938,23389,14071,16052,45550
4/9/2022 9 p.m. EDT,30771,24226,27068,23751,84531,70618,12539,38293,16149,24460,13947,16732,44400
4/9/2022 10 p.m. EDT,32157,24108,27567,22720,83586,71917,12017,38911,15735,24807,13825,17218,44042
4/9/2022 11 p.m. EDT,32681,23460,27146,21316,81116,70549,11329,39559,15149,24506,13589,17045,42859
4/10/2022 12 a.m. EDT,32368,22492,26253,19630,78401,68245,10629,39422,14443,23820,13044,16798,40867
4/10/2022 1 a.m. EDT,31206,21942,25210,17952,76399,65889,10095,38194,13866,23067,12443,16466,38612
4/10/2022 2 a.m. EDT,29617,21775,24433,16839,75051,64698,10010,36478,13414,22940,11876,16346,36557
4/10/2022 3 a.m. EDT,27649,21874,23905,16176,74928,64110,10018,34838,13100,22951,11088,16502,35016
4/10/2022 4 a.m. EDT,26415,22146,23622,15866,74833,63840,10086,34186,12962,23032,10445,16642,33777
4/10/2022 5 a.m. EDT,25288,22592,23481,15933,74956,64223,10171,33377,12991,23025,9959,16891,32979
4/10/2022 6 a.m. EDT,24506,23442,23518,16436,76396,64690,10164,33220,13210,23580,9609,17317,32728
4/10/2022 7 a.m. EDT,24059,24636,23894,17446,78782,65618,10299,33349,13589,24522,9434,18002,32825
4/10/2022 8 a.m. EDT,23714,25769,24437,18897,79886,66963,10474,33943,13975,25537,9396,18583,33414
4/10/2022 9 a.m. EDT,23778,25949,24975,20689,80502,68099,10410,35002,14349,26147,9479,18721,34037
4/10/2022 10 a.m. EDT,24029,24466,25686,21613,80481,68327,10187,36416,14523,25511,9210,17839,35868
4/10/2022 11 a.m. EDT,23621,22943,26110,22183,80828,67764,9899,37714,14671,24340,9257,16979,37883
4/10/2022 12 p.m. EDT,23943,21770,26289,22444,80505,67124,10045,38732,14910,23691,9654,16072,39790
4/10/2022 1 p.m. EDT,23366,21048,26403,22597,80719,66825,10299,38998,15101,23498,9857,15479,41430
4/10/2022 2 p.m. EDT,22724,20510,26482,22893,79197,66760,10581,38572,15146,23187,10173,15178,42631
4/10/2022 3 p.m. EDT,22106,19979,26717,23319,78201,66503,10571,38179,15158,22655,10516,15014,44047
4/10/2022 4 p.m. EDT,21436,19702,26884,24074,77379,66193,10900,37680,15229,22677,10979,14891,45557
4/10/2022 5 p.m. EDT,21454,19912,27221,25224,77446,66900,11192,37362,15536,22950,11465,15010,47069
4/10/2022 6 p.m. EDT,21706,20422,27746,26046,78372,68233,12064,37469,15982,23184,11994,15385,47777
4/10/2022 7 p.m. EDT,22417,20576,28202,26092,78685,69692,12833,37903,16309,23461,12565,15658,48140
4/10/2022 8 p.m. EDT,23709,21139,28396,25468,80852,70316,13295,38851,16738,23671,13200,15861,47704
4/10/2022 9 p.m. EDT,26156,22085,28433,25573,83726,71650,13138,39762,16924,24314,13363,16415,47206
4/10/2022 10 p.m. EDT,28165,21654,28965,24386,82739,72629,12424,40428,16356,24001,13346,16560,47268
4/10/2022 11 p.m. EDT,29808,20527,28413,22182,79558,70298,11491,41165,15558,22669,13289,15799,46099
4/11/2022 12 a.m. EDT,30168,19429,27071,19441,78171,67300,10750,40853,14728,21118,12911,14793,43703
4/11/2022 1 a.m. EDT,29227,18733,25576,17774,76519,64365,10413,39095,14088,20037,12242,13926,40694
4/11/2022 2 a.m. EDT,27831,18462,24606,16530,75657,62336,10135,36921,13756,19695,11552,13397,38314
4/11/2022 3 a.m. EDT,26229,18480,24094,16036,75607,61172,10027,35117,13532,19388,10665,13176,36798
4/11/2022 4 a.m. EDT,25005,18863,23660,15868,76375,60920,10352,34150,13526,19380,10116,13042,36079
4/11/2022 5 a.m. EDT,23955,19678,23499,16324,77331,61406,10537,33882,13804,19795,9704,13258,35749
4/11/2022 6 a.m. EDT,23546,21414,23828,17692,81573,62911,11131,34073,14660,20741,9407,13856,36242
4/11/2022 7 a.m. EDT,23418,23881,24905,20257,88709,66399,12517,34695,15918,22734,9308,15063,37611
4/11/2022 8 a.m. EDT,23777,24917,26910,21781,91770,71664,12860,36513,16566,24370,9514,16400,40092
4/11/2022 9 a.m. EDT,25246,24418,28100,22492,89957,74077,11953,39466,16361,24738,10090,16689,41377
4/11/2022 10 a.m. EDT,27114,23237,28431,23103,87547,74901,10974,42086,15920,24712,10253,16744,42148
4/11/2022 11 a.m. EDT,28264,22539,28661,23749,85723,75232,10372,43327,15588,24711,10234,17017,43713
4/11/2022 12 p.m. EDT,29332,22152,28856,24363,84288,75880,9972,43453,15327,24604,10384,16955,45340
4/11/2022 1 p.m. EDT,29663,22204,28927,25122,83186,75704,10017,43096,15110,24607,10348,16895,46699
4/11/2022 2 p.m. EDT,29332,22343,29101,26095,82514,75707,10050,42539,14921,24616,10432,16926,48362
4/11/2022 3 p.m. EDT,28912,22544,29324,27207,81250,75663,10047,42024,14824,24669,10665,16636,49836
4/11/2022 4 p.m. EDT,28009,22863,29226,28683,80746,75461,10518,41703,14776,24687,11070,16531,51261
4/11/2022 5 p.m. EDT,27041,23148,29223,30073,81195,74791,10996,41390,15323,24769,11524,16434,52617
4/11/2022 6 p.m. EDT,26472,23198,29310,31153,82265,74739,11707,41104,16109,24957,12043,16547,54004
4/11/2022 7 p.m. EDT,26323,23497,29484,30983,83292,74819,12682,41179,16522,24978,12532,16581,54471
4/11/2022 8 p.m. EDT,26676,23724,29509,29780,84645,75149,13281,41390,16925,25191,13098,16615,53704
4/11/2022 9 p.m. EDT,28320,24174,29391,29230,85746,76031,13173,41577,16853,25826,13293,17023,52415
4/11/2022 10 p.m. EDT,29866,23195,29662,27477,83189,76518,12370,41812,16138,25304,13314,16993,51841
4/11/2022 11 p.m. EDT,31634,21842,29060,24782,79014,73916,11318,42247,15204,23914,13259,16258,50444
4/12/2022 12 a.m. EDT,31865,20039,27705,21836,75841,70175,10409,41904,14262,22105,12879,15089,47479
4/12/2022 1 a.m. EDT,30972,18493,26255,19258,72945,67328,9784,39920,13568,21179,12182,14232,44110
4/12/2022 2 a.m. EDT,29216,17660,25326,17807,71551,65426,9755,37677,13142,20302,11450,13665,41522
4/12/2022 3 a.m. EDT,27417,17185,24812,16874,70779,64281,9825,35945,12838,19736,10619,13439,39744
4/12/2022 4 a.m. EDT,26355,17056,24494,16501,70461,64004,9845,35068,12768,19842,10041,13220,38514
4/12/2022 5 a.m. EDT,25342,17259,24496,16591,71582,63899,10127,34649,12980,20047,9652,13237,38067
4/12/2022 6 a.m. EDT,24967,18197,24827,17730,74077,65075,10537,34634,13689,20629,9406,13696,38385
4/12/2022 7 a.m. EDT,24832,20191,25930,20072,79843,69040,11739,35247,14909,21984,9358,14740,39853
4/12/2022 8 a.m. EDT,25384,21227,27844,21341,83729,73824,12689,36928,15876,23563,9553,15853,42613
4/12/2022 9 a.m. EDT,26818,21760,29027,22577,84926,75863,13058,39928,16316,24071,10055,16370,43878
4/12/2022 10 a.m. EDT,28841,21888,29444,23981,84367,76414,13222,42872,16308,24205,10222,16556,44391
4/12/2022 11 a.m. EDT,29442,22346,29898,25307,82983,77011,13217,44261,16032,24677,10255,16754,45356
4/12/2022 12 p.m. EDT,28548,22842,30277,26538,81616,77343,12653,44303,15293,25167,10239,16974,46511
4/12/2022 1 p.m. EDT,27539,23455,30655,27737,81355,77398,11428,44004,14858,25636,10085,17043,47644
4/12/2022 2 p.m. EDT,26237,24151,30906,29163,81214,77342,10455,43195,14697,26310,9989,17251,48932
4/12/2022 3 p.m. EDT,25330,24634,31268,30823,80937,77695,10429,42390,14592,27085,9891,17231,50718
4/12/2022 4 p.m. EDT,24684,25027,31572,32448,80737,77442,10510,41637,14606,27671,9911,17406,52191
4/12/2022 5 p.m. EDT,24532,25383,31860,33930,81804,76966,11083,40992,14969,28165,9967,17606,53201
4/12/2022 6 p.m. EDT,24503,25523,32290,34482,82653,76979,11760,40722,15629,28710,10158,17759,54003
4/12/2022 7 p.m. EDT,24507,25539,32485,33871,83483,77107,12712,40975,16114,28393,10426,17652,54426
4/12/2022 8 p.m. EDT,25106,25468,32396,32206,84173,77143,13215,41429,16410,27956,10871,17751,53463
4/12/2022 9 p.m. EDT,26992,25606,32015,31498,85984,77633,13114,41958,16527,28267,11024,18164,51893
4/12/2022 10 p.m. EDT,28989,24488,31809,29419,83547,77677,12282,42765,15894,27358,11362,17953,50966
4/12/2022 11 p.m. EDT,31162,22645,30632,26605,78798,74888,11222,43585,14956,25659,11688,17058,49333
4/13/2022 12 a.m. EDT,31830,20702,28790,23569,75266,71504,10617,43292,14007,23661,11470,15811,46466
4/13/2022 1 a.m. EDT,30984,19195,27106,21067,72291,68361,10565,41510,13341,21957,10994,14848,43243
4/13/2022 2 a.m. EDT,29200,18214,25917,19529,69828,66077,10490,39176,12902,21416,10554,13866,40967
4/13/2022 3 a.m. EDT,27449,17647,25146,18475,68420,64383,10335,37372,12659,20702,9904,13745,39422
4/13/2022 4 a.m. EDT,25990,17424,24662,17921,67862,63039,10323,36384,12599,20282,9459,13508,38539
4/13/2022 5 a.m. EDT,25233,17613,24439,17941,68772,62986,10370,36111,12805,20358,9215,13356,38182
4/13/2022 6 a.m. EDT,24780,18605,24668,19002,71975,64407,10742,36264,13520,20717,9104,13669,38673
4/13/2022 7 a.m. EDT,24635,20211,25557,21102,76212,67550,11668,36876,14661,22342,9185,14593,40293
4/13/2022 8 a.m. EDT,25196,21209,27354,22298,79402,72029,12092,38601,15556,23433,9464,15728,43154
4/13/2022 9 a.m. EDT,26781,21749,28575,23738,80765,74853,11616,41584,15929,23865,10043,16145,44482
4/13/2022 10 a.m. EDT,28777,22104,29189,25489,80997,76230,10913,44439,15775,24311,10282,16357,45022
4/13/2022 11 a.m. EDT,29437,22702,29542,27227,81883,77654,10346,45540,15398,25116,10083,16597,45791
4/13/2022 12 p.m. EDT,29035,23210,29805,28732,82571,78487,10260,45488,15277,25883,9830,16814,47190
4/13/2022 1 p.m. EDT,27705,23958,29748,30340,83596,79023,10365,44500,15100,26371,9391,17166,48385
4/13/2022 2 p.m. EDT,26516,24801,29592,31966,84973,79735,10659,43465,15258,26988,9133,17573,49659
4/13/2022 3 p.m. EDT,25830,25536,29455,33240,85514,80169,10652,42610,15463,27597,8967,17955,50688
4/13/2022 4 p.m. EDT,25155,25976,29072,34721,86189,79598,10763,41954,15718,28153,8952,18406,51349
4/13/2022 5 p.m. EDT,24718,26469,28720,35771,86848,78883,11237,41146,16190,28452,9022,18502,51850
4/13/2022 6 p.m. EDT,25733,26737,28570,36008,87869,78765,12164,40621,16595,28448,9203,18647,52792
4/13/2022 7 p.m. EDT,25066,26641,28486,35161,87727,78760,12820,40553,16539,28293,9526,18610,53334
4/13/2022 8 p.m. EDT,26155,26120,28422,33702,87947,78415,13191,40878,16766,27980,10191,18308,52378
4/13/2022 9 p.m. EDT,28036,26201,28404,33036,88828,78254,13063,41497,16699,28123,10532,18359,50319
4/13/2022 10 p.m. EDT,29774,25520,29024,31055,86104,78029,12262,41987,15994,27596,11050,17682,49143
4/13/2022 11 p.m. EDT,31457,23661,28708,28379,81201,75943,11247,42929,14978,25850,11484,16542,47271
4/14/2022 12 a.m. EDT,31753,21500,27611,25208,77551,72490,10528,42860,14012,23751,11411,15522,43829
4/14/2022 1 a.m. EDT,30881,19824,26482,23020,74853,69272,10177,41160,13284,22370,10927,14467,40195
4/14/2022 2 a.m. EDT,29014,18780,25817,21301,72302,67146,10289,39040,12760,21568,10459,13835,37298
4/14/2022 3 a.m. EDT,27212,18220,25545,20140,70737,65847,10121,37326,12461,20778,9808,13361,35283
4/14/2022 4 a.m. EDT,25970,17955,25491,19492,69938,65338,10053,36421,12325,20375,9429,12869,34032
4/14/2022 5 a.m. EDT,25091,18137,25606,19470,70282,65760,9865,36061,12494,20369,9226,12844,33416
4/14/2022 6 a.m. EDT,24523,18824,26185,20398,72759,67519,10415,36083,13133,20913,9158,13239,33579
4/14/2022 7 a.m. EDT,24344,20522,27539,22451,77332,71370,11298,36652,14254,22095,9242,14286,35087
4/14/2022 8 a.m. EDT,24775,21502,29677,23740,81216,76387,12047,38333,15154,23333,9563,15645,37929
4/14/2022 9 a.m. EDT,26254,22188,30759,25283,83388,78554,12085,41169,15495,23896,10153,16053,39251
4/14/2022 10 a.m. EDT,28134,22873,30488,27671,84399,78313,11916,43854,15591,24491,10363,16170,39823
4/14/2022 11 a.m. EDT,29308,23661,30016,29696,85494,77929,11640,44802,15650,24878,10085,16368,40397
4/14/2022 12 p.m. EDT,28880,24310,29575,31661,86276,77407,11275,44214,15837,25292,9883,16378,41205
4/14/2022 1 p.m. EDT,28547,24732,29280,33387,87261,77023,10976,43189,16113,25646,9490,16376,42027
4/14/2022 2 p.m. EDT,27607,25236,28953,34876,87987,76712,10816,42142,16382,26067,9267,16323,42909
4/14/2022 3 p.m. EDT,27648,25560,28836,36072,88361,76564,10768,41289,16443,26663,9222,16316,44254
4/14/2022 4 p.m. EDT,27202,25945,28503,36891,87877,76083,11091,40413,16617,27081,9365,16344,45502
4/14/2022 5 p.m. EDT,26885,26306,28283,37410,86924,75624,11912,39654,16755,27500,9568,16318,46792
4/14/2022 6 p.m. EDT,27029,26302,28249,37293,86199,75512,12980,39376,16999,27668,9871,16474,48208
4/14/2022 7 p.m. EDT,27007,26044,28152,36172,85109,75688,13399,39405,16970,27353,10416,16382,48723
4/14/2022 8 p.m. EDT,27780,25576,28093,34640,84222,75734,13432,39550,16897,26576,11144,16286,47966
4/14/2022 9 p.m. EDT,28865,25526,27983,33887,85062,76248,13066,40122,16727,26569,11519,16377,46602
4/14/2022 10 p.m. EDT,29891,24337,28536,31941,82707,77156,12308,40675,16027,26013,11845,16415,46053
4/14/2022 11 p.m. EDT,31449,22498,28252,29398,78217,74616,11308,41462,15044,24318,12023,15805,44548
4/15/2022 12 a.m. EDT,31493,20562,27192,27826,75175,71422,10406,41560,14081,22409,11740,14884,42115
4/15/2022 1 a.m. EDT,30562,18936,26116,23985,72239,68683,9754,40214,13340,21085,11182,14078,39240
4/15/2022 2 a.m. EDT,28944,17908,25401,22046,70087,66456,9358,38162,12850,20456,10699,13561,36733
4/15/2022 3 a.m. EDT,27245,17239,24877,20733,69026,65109,9464,36451,12542,19861,9966,13372,35228
4/15/2022 4 a.m. EDT,25905,16942,24766,20124,68758,64588,9421,35305,12434,19482,9464,13271,34451
4/15/2022 5 a.m. EDT,25006,16951,24755,20053,69681,64454,9327,34951,12585,19277,9180,13374,33998
4/15/2022 6 a.m. EDT,24486,17492,25019,20807,71751,65666,10014,35042,13113,20012,9075,13954,34209
4/15/2022 7 a.m. EDT,24176,18484,25835,22238,74921,68698,11033,35669,13912,21317,9087,14970,35133
4/15/2022 8 a.m. EDT,24571,19369,27084,23518,77990,71776,11460,37186,14506,22397,9279,15993,36768
4/15/2022 9 a.m. EDT,25737,20253,28030,25263,78429,73317,10740,39853,14560,23036,9688,16398,37849
4/15/2022 10 a.m. EDT,27346,20777,28547,27555,78059,73751,9870,42484,14393,23432,9685,16254,39152
4/15/2022 11 a.m. EDT,27849,20867,28691,29746,76982,74041,9550,43571,14258,23632,9599,16000,40706
4/15/2022 12 p.m. EDT,27678,20859,28715,31326,76082,74175,9527,43186,14198,23745,9621,15727,41969
4/15/2022 1 p.m. EDT,26291,20915,28609,33128,75486,73904,9655,42256,14331,23976,9460,15567,43175
4/15/2022 2 p.m. EDT,25241,21045,28406,34300,75798,73351,9612,40994,14453,24335,9495,15460,44556
4/15/2022 3 p.m. EDT,24945,21250,28381,35178,75587,73147,9607,39944,14472,24813,9754,15294,45653
4/15/2022 4 p.m. EDT,24581,21699,28473,35652,75698,72786,9641,39011,14682,25423,9974,15288,46948
4/15/2022 5 p.m. EDT,24210,22255,28612,35762,76056,72468,10041,38420,15050,26132,10377,15419,48424
4/15/2022 6 p.m. EDT,24176,22665,28946,35282,76888,72467,11049,40606,15494,26492,10989,15594,49790
4/15/2022 7 p.m. EDT,24492,22639,29154,33715,77181,72756,11834,37824,15692,26167,11566,15641,50532
4/15/2022 8 p.m. EDT,25613,22040,29056,32023,77294,72582,12250,38019,15808,25281,12239,15514,50015
4/15/2022 9 p.m. EDT,27432,22002,28826,31131,78524,73062,12231,37945,15798,24967,12343,15680,48837
4/15/2022 10 p.m. EDT,28905,21152,28970,29635,76754,73645,11661,37943,15297,24370,12298,15673,48491
4/15/2022 11 p.m. EDT,30322,19943,28457,27473,73747,71739,10875,38755,14544,23219,12306,15077,47260
4/16/2022 12 a.m. EDT,30553,18652,27496,25206,70347,69337,10090,39134,13749,21894,11888,14368,45384
4/16/2022 1 a.m. EDT,29812,17424,26389,23051,67244,66981,9456,38203,13066,20426,11327,13450,43319
4/16/2022 2 a.m. EDT,28387,16719,25459,21161,66182,65301,9383,36540,12626,19753,10863,12883,41078
4/16/2022 3 a.m. EDT,26887,16291,24876,19839,65810,63722,9162,35211,12349,19387,10244,12479,39602
4/16/2022 4 a.m. EDT,25739,16085,24607,19055,65186,63000,9087,34358,12198,18945,9775,12354,38424
4/16/2022 5 a.m. EDT,24707,16231,24479,18806,65425,62738,9166,33989,12222,18932,9410,12290,37764
4/16/2022 6 a.m. EDT,23976,16536,24480,19002,66519,63443,9219,33988,12439,19108,9130,12376,37434
4/16/2022 7 a.m. EDT,23567,17090,24895,19533,67711,64600,9579,34257,12924,19124,9016,12745,37535
4/16/2022 8 a.m. EDT,23556,17771,25470,20647,69234,66154,10036,35044,13452,19470,9063,12945,37891
4/16/2022 9 a.m. EDT,23806,18971,26043,23468,71626,67920,10532,36266,14072,20420,9198,13555,38536
4/16/2022 10 a.m. EDT,24324,19881,26865,26635,72627,69957,10884,37800,14414,21738,8971,14443,40496
4/16/2022 11 a.m. EDT,24593,20194,27471,29142,72893,71109,10858,39014,14495,22784,9024,14844,42803
4/16/2022 12 p.m. EDT,24990,20168,27783,31274,72602,71385,10428,39701,14601,23656,9244,15184,44324
4/16/2022 1 p.m. EDT,25150,20118,27685,33445,72146,71351,9964,39594,14359,23977,9299,15219,45586
4/16/2022 2 p.m. EDT,24670,20135,27328,35474,72911,70692,9799,39007,14352,24301,9416,15009,46475
4/16/2022 3 p.m. EDT,24370,20442,27025,36622,73616,70290,10050,38323,14616,24529,9693,14897,47324
4/16/2022 4 p.m. EDT,23393,20724,26804,37936,74041,69769,10320,37768,14657,24763,10087,14877,47921
4/16/2022 5 p.m. EDT,22686,21183,26561,38533,75225,69454,10998,37513,14797,24941,10552,14913,48557
4/16/2022 6 p.m. EDT,21996,21679,26576,38532,75602,69578,11770,37494,15150,24973,11175,14995,49270
4/16/2022 7 p.m. EDT,21904,21816,26704,37185,75686,70116,12195,37651,15433,24762,11844,15004,49374
4/16/2022 8 p.m. EDT,22758,21901,26731,34869,76437,70801,12313,38161,15663,24428,12537,15096,48392
4/16/2022 9 p.m. EDT,24326,22350,26814,33587,77878,71697,12070,38526,15766,24734,12774,15432,46877
4/16/2022 10 p.m. EDT,26311,21712,27274,31618,76783,72940,11533,38625,15370,24278,12803,15403,46688
4/16/2022 11 p.m. EDT,28281,20549,27004,29349,73952,71444,10822,39251,14747,23194,12701,14861,45375
4/17/2022 12 a.m. EDT,28991,19190,26175,26905,71393,68801,10136,39507,14054,21867,12226,14051,43310
4/17/2022 1 a.m. EDT,28432,17937,25226,24433,68728,66265,9563,38463,13447,20446,11651,13225,40948
4/17/2022 2 a.m. EDT,27173,16989,24494,22524,66968,64695,9512,36769,13022,19639,11155,12566,38653
4/17/2022 3 a.m. EDT,25763,16475,24003,21112,66582,63838,9322,35219,12770,18882,10464,12128,36812
4/17/2022 4 a.m. EDT,24723,16036,23833,20150,66717,63201,9260,34180,12629,18369,9798,11914,35516
4/17/2022 5 a.m. EDT,23853,16032,23765,19589,66700,63224,9331,33640,12651,18125,9359,11897,34723
4/17/2022 6 a.m. EDT,23259,16378,23888,19492,67011,63759,9295,33548,12848,18246,9105,12141,34311
4/17/2022 7 a.m. EDT,22840,16853,24195,19809,68326,64461,9655,33729,13157,18601,9024,12535,34376
4/17/2022 8 a.m. EDT,22699,17505,24932,20745,70219,65773,9796,34457,13527,19129,8992,13010,34872
4/17/2022 9 a.m. EDT,22774,18673,25590,23820,71741,67534,9620,35690,13789,20422,9044,13916,35455
4/17/2022 10 a.m. EDT,23022,19510,26538,27198,72156,69296,9701,37058,13888,21407,8810,14608,37093
4/17/2022 11 a.m. EDT,22800,19943,27187,30269,72376,70252,10044,37976,13836,22304,8769,14786,39259
4/17/2022 12 p.m. EDT,22388,20723,27261,32725,72449,70648,10530,38050,13733,23144,9140,14811,40936
4/17/2022 1 p.m. EDT,21054,21413,27188,34958,71923,70432,10324,37679,13782,23987,9219,14749,42396
4/17/2022 2 p.m. EDT,20174,21807,26993,36738,70753,70383,10138,36931,13534,24607,9381,14631,44088
4/17/2022 3 p.m. EDT,19386,22205,26599,37625,69827,69945,10039,36144,13333,24780,9766,14346,45442
4/17/2022 4 p.m. EDT,18878,22731,26416,37974,69205,69479,9891,35578,13206,24661,10271,14090,46644
4/17/2022 5 p.m. EDT,18651,23037,26161,37997,69271,69636,10137,35015,13283,24474,10901,14122,47865
4/17/2022 6 p.m. EDT,19063,22964,26344,37081,69224,70167,10773,34672,13755,24439,11563,14219,48996
4/17/2022 7 p.m. EDT,20020,22557,26642,35517,70905,70875,11282,34774,14393,24331,12316,14463,49545
4/17/2022 8 p.m. EDT,21301,22282,26945,33879,73725,72018,12084,35161,15133,24215,13145,14586,49253
4/17/2022 9 p.m. EDT,23664,22630,27215,32955,77725,73397,12379,35857,15714,24657,13380,15221,48287
4/17/2022 10 p.m. EDT,26074,21855,27712,31096,77608,74610,11911,36425,15472,24337,13367,15349,48014
4/17/2022 11 p.m. EDT,28001,20413,27435,28689,75385,72755,11173,37464,14875,23070,13108,14856,46784
4/18/2022 12 a.m. EDT,28752,18766,26447,25912,73727,70106,10469,37744,14182,21598,12534,14049,44300
4/18/2022 1 a.m. EDT,28141,17603,25398,23337,72465,67620,10244,36220,13638,20131,11749,13338,41133
4/18/2022 2 a.m. EDT,26643,16859,24701,21627,71248,66163,10313,34125,13318,19448,10979,12931,38421
4/18/2022 3 a.m. EDT,25023,16419,24402,20525,70896,65256,10231,32503,13144,18981,10072,12768,36486
4/18/2022 4 a.m. EDT,24099,16283,24314,19895,71419,65097,10305,31597,13163,18690,9475,12726,35287
4/18/2022 5 a.m. EDT,23292,16581,24448,19921,73104,65361,10655,31158,13453,18840,9133,12959,34130
4/18/2022 6 a.m. EDT,22840,17583,25124,20787,76797,67279,11027,31160,14224,19561,8918,13444,34408
4/18/2022 7 a.m. EDT,22657,19301,26411,22429,82757,71588,11901,31839,15297,20844,8882,14664,35694
4/18/2022 8 a.m. EDT,23154,20688,28288,23695,87503,76299,12079,33479,15921,22330,9112,16084,37605
4/18/2022 9 a.m. EDT,24634,21757,29450,25730,89990,79322,11299,36359,15803,22975,9603,16702,38577
4/18/2022 10 a.m. EDT,26403,22674,29861,27734,91734,80959,10362,38981,15424,23765,9758,17111,39709
4/18/2022 11 a.m. EDT,27403,23334,29782,30120,93079,81799,9772,40153,15349,24356,9835,17467,41086
4/18/2022 12 p.m. EDT,27665,23820,29676,32019,93709,81841,9476,40167,15275,24817,10055,17612,42255
4/18/2022 1 p.m. EDT,26821,23817,29342,33811,94323,81642,9649,39841,15422,25190,10064,17666,43266
4/18/2022 2 p.m. EDT,26167,23765,28975,35382,94799,81133,10026,39643,15597,25516,10389,17542,44360
4/18/2022 3 p.m. EDT,25865,23389,28732,36439,94303,80449,9922,39392,16002,25702,10910,17115,45503
4/18/2022 4 p.m. EDT,25812,23110,28364,37301,94113,79620,10288,39370,16404,25755,11624,16825,46771
4/18/2022 5 p.m. EDT,26042,23127,28086,37740,94637,79011,11304,39235,16814,25788,12494,16663,48092
4/18/2022 6 p.m. EDT,26386,23411,28024,37539,95378,78686,12285,39255,17287,25802,13480,16643,49160
4/18/2022 7 p.m. EDT,27482,23659,27881,36663,95499,78537,13015,39607,17527,25536,14215,16757,49519
4/18/2022 8 p.m. EDT,29049,23918,27879,35101,95581,78556,13453,40146,17622,25258,14643,17021,48819
4/18/2022 9 p.m. EDT,30569,24484,28024,34434,95549,79207,13243,40812,17373,25630,14776,17681,47368
4/18/2022 10 p.m. EDT,31484,23728,28765,32200,92634,80209,12492,41087,16687,25120,14689,18030,46982
4/18/2022 11 p.m. EDT,32472,22380,28460,29081,88525,77827,11518,41505,15763,23521,14344,17475,45280
4/19/2022 12 a.m. EDT,32614,21091,27187,25863,85555,74432,10695,41092,14896,21929,13801,16670,42246
4/19/2022 1 a.m. EDT,31502,20208,26070,23051,83525,71732,10445,39037,14222,20881,12929,16066,38878
4/19/2022 2 a.m. EDT,29655,19759,25470,21262,81824,69468,10150,36589,13809,20561,12078,15710,36316
4/19/2022 3 a.m. EDT,27609,19509,25279,20019,81056,68578,10030,34545,13550,20148,11021,15526,34667
4/19/2022 4 a.m. EDT,26223,19813,25284,19297,81538,68583,10084,33430,13434,20011,10371,15627,33719
4/19/2022 5 a.m. EDT,25159,20563,25488,19130,82554,68956,10401,32841,13520,20516,9883,16126,33281
4/19/2022 6 a.m. EDT,24453,22130,26091,19930,85471,70758,10806,32702,14167,21252,9572,16972,33557
4/19/2022 7 a.m. EDT,24204,24525,27440,21745,91356,74536,11948,33119,15266,23307,9437,18489,35028
4/19/2022 8 a.m. EDT,24443,25696,29570,22696,94506,79417,12860,34695,16140,25059,9579,19867,37794
4/19/2022 9 a.m. EDT,25744,25165,30560,24019,94282,81170,13141,37682,16688,25439,10083,19703,39033
4/19/2022 10 a.m. EDT,27619,24335,30434,25595,93254,80262,12929,40522,16955,25442,10292,19080,39468
4/19/2022 11 a.m. EDT,28634,23701,30174,26984,92641,78861,12588,41535,17130,25128,10322,18515,40262
4/19/2022 12 p.m. EDT,28429,23163,29913,28197,91953,77755,12081,41482,17146,24667,10632,17885,41045
4/19/2022 1 p.m. EDT,27980,22618,29719,29469,91127,76835,11838,40803,17077,24340,10825,17317,41945
4/19/2022 2 p.m. EDT,27238,22117,29472,31098,90553,75871,11759,40291,16857,24118,11281,16817,42641
4/19/2022 3 p.m. EDT,27131,21658,29353,32219,89424,75274,11427,39998,16660,24260,11761,16254,43426
4/19/2022 4 p.m. EDT,26947,21439,29223,33431,88480,74445,11571,39777,16728,24259,12508,15972,44122
4/19/2022 5 p.m. EDT,26458,21321,29090,33971,87753,73888,12169,39275,16950,24384,13417,15989,44338
4/19/2022 6 p.m. EDT,26236,21496,29180,34225,87718,73846,12737,38942,17144,24155,14229,15986,44699
4/19/2022 7 p.m. EDT,26519,22111,29013,33395,88110,74121,13244,39371,17225,24155,14545,16115,44723
4/19/2022 8 p.m. EDT,27292,22762,28979,31833,89835,74733,13610,39505,17459,24398,14846,16274,44512
4/19/2022 9 p.m. EDT,28832,23844,28951,30849,92376,75951,13566,39855,17441,25004,14834,17047,44514
4/19/2022 10 p.m. EDT,30463,23508,29302,28779,91056,77001,12854,40073,16791,24870,14729,17430,45059
4/19/2022 11 p.m. EDT,31838,22368,28669,25902,87044,74665,11885,40428,15916,23575,14482,16883,44064
4/20/2022 12 a.m. EDT,32221,21225,27339,23019,83359,71316,11003,40348,14982,22070,13965,16096,41974
4/20/2022 1 a.m. EDT,31266,20561,26083,20497,80842,68468,10413,38673,14335,20957,13060,15470,39352
4/20/2022 2 a.m. EDT,29429,20416,25271,18924,79714,66805,10397,36309,13901,20930,12225,15259,37364
4/20/2022 3 a.m. EDT,27504,20562,24789,18007,79764,66300,10234,34542,13636,20867,11238,15155,36253
4/20/2022 4 a.m. EDT,26449,20907,24507,17536,80028,65772,10429,33429,13531,21033,10476,15372,35620
4/20/2022 5 a.m. EDT,25629,21885,24508,17697,81717,65999,10518,33041,13738,21429,10031,15635,35295
4/20/2022 6 a.m. EDT,25045,23524,24855,18772,85917,66985,11210,32933,14445,22137,9714,16402,35733
4/20/2022 7 a.m. EDT,24829,25866,25871,20737,92304,71073,12094,33492,15493,24331,9624,17685,37401
4/20/2022 8 a.m. EDT,25048,26936,27721,22162,95015,75607,12429,35115,16233,25995,9765,18901,39972
4/20/2022 9 a.m. EDT,26342,26122,28716,23211,92696,77796,11986,37940,16333,25987,10168,18946,41634
4/20/2022 10 a.m. EDT,28008,24498,29221,24493,89713,78399,11423,40581,16066,25315,10294,18030,42274
4/20/2022 11 a.m. EDT,28842,23344,29581,25802,87080,78685,10906,41373,15746,24784,10273,17356,43536
4/20/2022 12 p.m. EDT,28869,22583,29860,26968,85023,78779,10677,40897,15476,24324,10465,16828,44969
4/20/2022 1 p.m. EDT,27790,21995,30073,28052,83480,78581,10119,40441,15165,24299,10576,16435,46361
4/20/2022 2 p.m. EDT,27091,21660,30188,28927,82443,78284,9856,39952,14975,24286,10840,16108,47782
4/20/2022 3 p.m. EDT,26342,21505,30347,29751,81513,78334,10088,39766,14789,24330,11223,15917,49440
4/20/2022 4 p.m. EDT,25829,21563,30401,30786,81629,77923,10358,39514,14674,24534,11729,15822,51120
4/20/2022 5 p.m. EDT,25881,21693,30469,31703,81637,77856,10641,39266,14983,24339,12397,15843,52445
4/20/2022 6 p.m. EDT,25839,21993,30729,31958,82093,77959,11529,39327,15577,24582,13094,16005,53853
4/20/2022 7 p.m. EDT,26196,21990,30956,31294,82155,78183,12577,39566,16085,24599,13721,16182,54632
4/20/2022 8 p.m. EDT,27192,22439,30898,30332,83570,78225,13138,40168,16512,24627,14300,16244,54037
4/20/2022 9 p.m. EDT,28944,23248,30586,29722,85888,78225,13204,40629,16832,25124,14412,16816,52669
4/20/2022 10 p.m. EDT,30334,22630,30530,27993,84071,78170,12557,40513,16313,24844,14281,16863,52148
4/20/2022 11 p.m. EDT,31844,21220,29785,25696,80354,75302,11647,40709,15412,23334,14008,16038,50910
4/21/2022 12 a.m. EDT,32042,19877,28170,22887,77649,71943,10775,40384,14501,21776,13494,14989,48023
4/21/2022 1 a.m. EDT,31092,18906,26561,20732,75073,68499,10474,38440,13874,20686,12659,14079,44957
4/21/2022 2 a.m. EDT,29336,18442,25462,19210,73227,67039,10566,36017,13490,20213,11858,13480,42072
4/21/2022 3 a.m. EDT,27492,18338,24828,18257,72312,65889,10438,34027,13242,19779,10951,13157,40227
4/21/2022 4 a.m. EDT,26384,18405,24633,17749,72522,65134,10733,32931,13172,19575,10274,13034,38966
4/21/2022 5 a.m. EDT,25499,19006,24573,17867,73632,65243,10770,32489,13408,19321,9877,13099,38462
4/21/2022 6 a.m. EDT,24852,20363,24939,18925,75956,66478,11209,32352,14095,20201,9606,13555,38658
4/21/2022 7 a.m. EDT,24655,22537,25919,21006,82102,69372,12078,32645,15108,21826,9513,14691,40143
4/21/2022 8 a.m. EDT,24767,23431,27651,22243,85499,73718,12239,34062,15798,23009,9703,15809,42639
4/21/2022 9 a.m. EDT,25968,23219,28704,23621,85318,75821,11572,36792,15979,23511,10117,16156,43942
4/21/2022 10 a.m. EDT,27659,22765,29079,25240,84715,76351,10810,39547,16000,23976,10265,16356,44793
4/21/2022 11 a.m. EDT,28190,22511,29259,26758,84213,76706,10225,40712,16028,24508,10226,16325,46163
4/21/2022 12 p.m. EDT,28484,22134,29611,27966,83855,76961,10161,40455,16045,24899,10441,16453,47867
4/21/2022 1 p.m. EDT,28055,21953,30047,28853,83127,76629,10129,39924,16194,25479,10571,16635,49303
4/21/2022 2 p.m. EDT,27409,22114,30278,30024,82532,76671,10753,39419,16244,25977,10922,16647,50713
4/21/2022 3 p.m. EDT,27017,22237,30626,31032,81905,76874,10726,39004,16391,26563,11428,16769,52292
4/21/2022 4 p.m. EDT,26991,22558,31027,31857,81500,76609,11383,38773,16536,27247,12044,17120,53787
4/21/2022 5 p.m. EDT,26625,22989,31483,32593,81583,76299,11871,38384,16687,27812,12852,17300,54939
4/21/2022 6 p.m. EDT,26532,23250,31891,32926,82241,76340,12721,38320,16867,28220,13629,17530,55715
4/21/2022 7 p.m. EDT,26948,23492,31933,32595,82590,76546,13140,38628,16956,27904,14353,17715,55428
4/21/2022 8 p.m. EDT,27776,23449,31849,31040,82982,76628,13343,39140,16935,27366,15039,17627,54289
4/21/2022 9 p.m. EDT,28655,23865,31582,30340,84114,76970,13148,39573,16875,27364,15120,17926,53219
4/21/2022 10 p.m. EDT,29941,23035,31585,28942,82426,77976,12392,39682,16260,26662,14944,17937,53117
4/21/2022 11 p.m. EDT,31168,21442,30826,26397,78170,75271,11387,40045,15323,24756,14692,17005,51609
4/22/2022 12 a.m. EDT,31649,19702,29270,23596,75408,71597,10512,39678,14415,22812,14021,15823,48756
4/22/2022 1 a.m. EDT,30805,18375,27830,21198,72428,67718,10190,38001,13774,21543,13233,14611,45482
4/22/2022 2 a.m. EDT,29091,17552,26655,19582,70885,65499,9842,35767,13311,20813,12331,13799,42651
4/22/2022 3 a.m. EDT,27367,17072,25856,18653,70544,64115,9725,33920,13067,20200,11329,13308,40731
4/22/2022 4 a.m. EDT,26189,17103,25460,18194,70517,63147,9716,32724,12980,19874,10629,12965,39395
4/22/2022 5 a.m. EDT,25293,17397,25175,18206,71538,63197,9959,32248,13184,19873,10113,12957,38691
4/22/2022 6 a.m. EDT,24666,18515,25357,19391,73312,63763,10391,32132,13839,20583,9807,13405,38954
4/22/2022 7 a.m. EDT,24451,20215,26121,21201,78660,66741,11360,32586,14830,21622,9708,14303,40311
4/22/2022 8 a.m. EDT,24813,21318,27804,22573,81941,71176,11786,33929,15391,22681,9823,15118,42919
4/22/2022 9 a.m. EDT,25707,21577,28968,24081,82175,74078,11232,36448,15379,23516,10263,15657,43577
4/22/2022 10 a.m. EDT,27433,21844,29808,25770,82015,75800,10636,39205,15166,24237,10371,16083,44694
4/22/2022 11 a.m. EDT,28090,22219,30389,27339,81623,77231,10253,40343,14987,24907,10459,16659,46468
4/22/2022 12 p.m. EDT,28128,22652,31029,28543,81313,78167,9939,40181,14750,25590,10650,17236,48088
4/22/2022 1 p.m. EDT,27174,23301,31668,29387,81230,79180,9652,39560,14549,26423,10592,17805,49636
4/22/2022 2 p.m. EDT,26133,24080,32096,30603,80666,79811,9725,39112,14472,27353,10606,18390,51281
4/22/2022 3 p.m. EDT,26186,24790,32753,31572,80400,80366,9690,38629,14360,28362,10857,18870,52897
4/22/2022 4 p.m. EDT,25615,25471,33086,32492,80529,80316,9860,37971,14354,29201,11010,19215,53838
4/22/2022 5 p.m. EDT,25033,26216,33189,33024,81620,80472,10246,37697,14634,30062,11373,19753,54921
4/22/2022 6 p.m. EDT,24474,26537,33228,33051,82126,80658,11059,37540,15165,30322,11556,20187,55953
4/22/2022 7 p.m. EDT,24304,26459,33125,32851,82163,80637,11941,37533,15557,29799,11916,20231,56102
4/22/2022 8 p.m. EDT,25002,25654,32661,30922,81900,79508,12375,37564,15827,28670,12284,19599,54274
4/22/2022 9 p.m. EDT,26809,25188,31894,29972,82672,78333,12457,37509,15998,27829,12165,19130,52057
4/22/2022 10 p.m. EDT,28204,24144,31723,28518,80760,78061,11900,37351,15556,26827,12099,18710,51178
4/22/2022 11 p.m. EDT,29894,22474,30855,26406,76654,75137,11090,37468,14775,25185,12171,17524,49502
4/23/2022 12 a.m. EDT,30680,20726,29583,23993,73895,71474,10318,37522,14007,23429,11974,16186,47045
4/23/2022 1 a.m. EDT,30139,19184,28066,21792,70760,67948,9739,36305,13339,21722,11548,14988,44256
4/23/2022 2 a.m. EDT,28771,17961,26718,19973,68439,65730,9370,34713,12907,20660,11086,14043,41803
4/23/2022 3 a.m. EDT,27155,17198,25766,18798,67101,64086,9487,33134,12658,20169,10412,13311,39842
4/23/2022 4 a.m. EDT,26117,16819,25036,18203,67194,62641,9450,32101,12544,19605,9968,12948,38318
4/23/2022 5 a.m. EDT,25073,16767,24640,17929,67485,61970,9310,31613,12589,19475,9612,12749,37604
4/23/2022 6 a.m. EDT,24402,17046,24479,18131,68348,61568,9679,31470,12855,19497,9384,12719,37089
4/23/2022 7 a.m. EDT,24064,17590,24618,18834,70341,62069,10049,31655,13203,19620,9285,13029,37239
4/23/2022 8 a.m. EDT,24092,18202,24975,19936,72082,63069,10062,32428,13590,20204,9312,13265,37926
4/23/2022 9 a.m. EDT,24637,19416,25649,22359,73796,65162,9714,33708,13870,21020,9497,14115,38813
4/23/2022 10 a.m. EDT,24993,20513,26683,24683,74242,67969,9351,35031,13733,22357,9317,14973,40761
4/23/2022 11 a.m. EDT,24640,21275,27674,26773,74387,70489,9315,36319,13745,23553,9288,15721,42861
4/23/2022 12 p.m. EDT,24396,22210,28452,28680,74132,71739,9279,36882,13678,24651,9473,16686,44935
4/23/2022 1 p.m. EDT,23146,23148,28926,30151,74367,72876,9088,36564,13752,25556,9442,17369,46734
4/23/2022 2 p.m. EDT,21857,24090,29197,31379,74720,73814,9138,36048,13911,26374,9431,18018,48036
4/23/2022 3 p.m. EDT,21239,24950,29430,32388,75370,74794,9598,35426,13782,27258,9539,18593,49345
4/23/2022 4 p.m. EDT,20681,25727,29676,33202,76424,75496,10093,34613,13740,28016,9727,19201,50498
4/23/2022 5 p.m. EDT,20428,26298,29986,33719,78523,76288,10559,33961,14010,28685,9993,19781,51559
4/23/2022 6 p.m. EDT,20893,26588,30074,33737,80460,77058,11419,33678,14604,28952,10437,19970,52309
4/23/2022 7 p.m. EDT,21707,26171,30042,32716,81104,77377,11646,33779,14998,28695,11039,19921,52148
4/23/2022 8 p.m. EDT,23166,25406,29677,30921,80935,76476,11983,34371,15262,27732,11670,19213,51160
4/23/2022 9 p.m. EDT,25122,24831,28725,30064,81612,75494,11935,34986,15410,26872,11992,18546,49488
4/23/2022 10 p.m. EDT,27179,23710,28356,28425,79929,75413,11393,35287,15020,26050,12063,18243,48847
4/23/2022 11 p.m. EDT,28835,22142,27656,26303,76292,73071,10661,35713,14378,24394,12018,17165,47668
4/24/2022 12 a.m. EDT,29489,20304,26469,24203,73218,69777,9954,35941,13651,22661,11668,15963,45702
4/24/2022 1 a.m. EDT,28818,18819,25201,22080,69747,66114,9415,35005,13036,21304,11176,14743,43197
4/24/2022 2 a.m. EDT,27481,17708,24112,20356,67750,63705,9578,33478,12602,20328,10778,13862,41127
4/24/2022 3 a.m. EDT,25871,17013,23201,19191,66248,62633,9461,32134,12292,19878,10179,13259,39033
4/24/2022 4 a.m. EDT,24992,16598,22764,18412,65564,61261,9389,31227,12135,19333,9688,12789,37672
4/24/2022 5 a.m. EDT,23901,16424,22347,17996,65061,60174,9464,30767,12122,18761,9365,12530,36697
4/24/2022 6 a.m. EDT,23155,16529,22015,17940,65398,60100,9263,30721,12271,18772,9101,12517,36334
4/24/2022 7 a.m. EDT,22620,16709,22231,18387,65612,60646,9646,30998,12435,18826,8982,12526,36216
4/24/2022 8 a.m. EDT,22594,17417,22640,19392,66260,60581,10302,31779,12721,19189,9016,12648,36421
4/24/2022 9 a.m. EDT,22872,18835,23081,22095,67518,62497,10386,32861,12880,20156,9057,13528,36880
4/24/2022 10 a.m. EDT,22760,19979,24096,25074,69515,65226,10222,33982,12809,21663,8781,14628,38772
4/24/2022 11 a.m. EDT,22289,20932,24810,27289,71458,67941,9891,34817,12749,23054,8710,15588,41423
4/24/2022 12 p.m. EDT,22054,22074,25312,29156,73600,69881,9836,35096,12683,24274,8998,16303,43744
4/24/2022 1 p.m. EDT,21517,23224,25566,30993,75310,71750,9938,34839,12680,25447,9035,17161,45934
4/24/2022 2 p.m. EDT,20885,24245,25864,32562,76780,73396,9712,34372,12563,26725,9166,17896,47674
4/24/2022 3 p.m. EDT,20675,25197,25918,33896,78430,74381,9467,33977,12542,27944,9429,18562,48861
4/24/2022 4 p.m. EDT,20396,26228,26152,34887,80203,75165,9762,33737,12707,28810,9786,19188,50378
4/24/2022 5 p.m. EDT,20789,26865,26458,35837,82544,76292,10445,33252,13222,29699,10229,19741,51503
4/24/2022 6 p.m. EDT,21518,27543,26891,36076,84898,77089,11237,33182,14128,30209,10805,20109,52245
4/24/2022 7 p.m. EDT,22564,27436,27335,35267,85878,77582,11912,33578,14786,30291,11497,20280,52372
4/24/2022 8 p.m. EDT,24343,26707,27464,33218,85896,77359,12355,34483,15264,29503,12193,19763,51450
4/24/2022 9 p.m. EDT,26951,26285,27364,32436,86380,76755,12429,35279,15635,28754,12467,19190,49761
4/24/2022 10 p.m. EDT,29185,24852,27571,30782,83996,77156,11756,35799,15174,27905,12539,18922,49366
4/24/2022 11 p.m. EDT,30644,22799,27081,28252,78667,74618,10832,36305,14307,25891,12543,17633,48037
4/25/2022 12 a.m. EDT,31147,20514,25786,25275,74532,70498,10014,36436,13439,23647,12197,16113,45513
4/25/2022 1 a.m. EDT,30458,18898,24325,22792,71184,67452,9469,34894,12824,22005,11552,14799,42352
4/25/2022 2 a.m. EDT,28423,17830,23263,21048,69251,64888,9382,32724,12426,20832,10908,13962,39869
4/25/2022 3 a.m. EDT,26344,17180,22754,19884,67839,63482,9328,30977,12192,20135,10115,13485,38177
4/25/2022 4 a.m. EDT,24983,16970,22483,19242,67429,63016,9402,30092,12148,20012,9571,13148,36896
4/25/2022 5 a.m. EDT,24037,17195,22603,19266,68089,62775,9724,29683,12370,20025,9281,13127,36493
4/25/2022 6 a.m. EDT,23591,18239,23020,20286,70631,63949,10346,29697,13148,20539,9162,13453,36808
4/25/2022 7 a.m. EDT,23471,20066,24194,22141,74656,67456,11546,30205,14318,21725,9175,14498,38195
4/25/2022 8 a.m. EDT,23899,21044,26303,23443,79096,71934,12090,31708,15186,23025,9467,15612,40355
4/25/2022 9 a.m. EDT,25313,21840,27546,25234,81640,75085,11847,34371,15498,23856,9933,16297,41860
4/25/2022 10 a.m. EDT,26899,22763,27796,27391,83372,76913,11124,36823,15446,24998,10095,16829,42762
4/25/2022 11 a.m. EDT,27806,23664,27885,29430,84811,78133,10427,37986,15349,26292,10031,17456,44203
4/25/2022 12 p.m. EDT,27849,24715,28029,31201,85854,79114,10507,38016,15310,27828,10086,17970,45386
4/25/2022 1 p.m. EDT,27513,25827,27933,32908,86609,79592,10580,37820,15402,29347,10021,18488,46492
4/25/2022 2 p.m. EDT,27516,27152,27816,34412,87263,79902,10756,37533,15419,30601,10127,18828,47258
4/25/2022 3 p.m. EDT,27243,28035,27703,35401,87728,79840,10984,37233,15321,31488,10417,19021,47589
4/25/2022 4 p.m. EDT,27337,29099,27568,36361,87916,78619,10917,37054,15336,32398,10986,19342,47039
4/25/2022 5 p.m. EDT,27933,30001,27493,37316,88247,77838,11101,36939,15757,33386,11686,19416,45576
4/25/2022 6 p.m. EDT,28629,30423,27524,37559,88774,77659,11803,36791,16257,33678,12477,19444,44882
4/25/2022 7 p.m. EDT,29574,30335,27473,37362,88319,77697,12454,36850,16524,33388,13220,19469,44559
4/25/2022 8 p.m. EDT,31194,29486,27469,35713,87962,77177,12995,37420,16718,32326,14001,18983,43818
4/25/2022 9 p.m. EDT,32926,28833,27476,34540,87945,77167,13006,38055,16701,31353,14285,18750,43061
4/25/2022 10 p.m. EDT,34228,27062,27790,32342,84843,77360,12204,38558,15943,30080,14195,18310,43066
4/25/2022 11 p.m. EDT,34709,24526,27094,29373,79559,74949,11177,38978,14867,27706,13993,17267,41911
4/26/2022 12 a.m. EDT,34511,22080,25819,26270,75444,71246,10250,38827,13872,25314,13425,15863,39499
4/26/2022 1 a.m. EDT,33179,20268,24602,23566,72436,68262,9827,37040,13141,23301,12505,14683,36736
4/26/2022 2 a.m. EDT,30871,19103,23875,21650,70117,66721,9916,34587,12656,22744,11621,13880,34827
4/26/2022 3 a.m. EDT,28529,18341,23526,20291,68907,65417,9741,32806,12378,21886,10656,13372,33622
4/26/2022 4 a.m. EDT,26896,17997,23368,19481,68343,64883,9730,31908,12296,21368,10019,13121,32893
4/26/2022 5 a.m. EDT,25901,18144,23454,19321,69071,65060,9789,31453,12495,21290,9539,13044,32567
4/26/2022 6 a.m. EDT,25234,19026,23945,20145,71357,65941,10550,31444,13165,22003,9369,13381,32878
4/26/2022 7 a.m. EDT,24873,20709,25227,21941,76566,69717,11545,31863,14467,23232,9293,14215,34383
4/26/2022 8 a.m. EDT,24969,21620,27333,23211,80602,74561,12438,33305,15552,24028,9534,15204,37151
4/26/2022 9 a.m. EDT,26091,22498,28398,24883,82467,76978,12691,35986,16130,24843,9993,15783,38455
4/26/2022 10 a.m. EDT,27667,23521,28422,26957,83294,77205,12749,38556,16333,25563,10105,16078,38990
4/26/2022 11 a.m. EDT,28455,24830,28101,28947,83781,77082,12735,39745,16475,26314,10176,16137,39441
4/26/2022 12 p.m. EDT,28816,26393,27888,30597,84004,76975,12706,39533,16551,26933,10349,16407,39856
4/26/2022 1 p.m. EDT,28058,27766,27753,32639,84369,76556,12665,39059,16507,27421,10494,16351,40345
4/26/2022 2 p.m. EDT,26925,28672,27585,34433,84561,76099,12701,38727,16541,28069,10891,16241,40804
4/26/2022 3 p.m. EDT,26761,28449,27693,35985,84502,75768,12765,38422,16504,28325,11531,16202,41515
4/26/2022 4 p.m. EDT,27141,28010,27754,37295,83917,75367,12916,38353,16536,28419,12300,16113,42498
4/26/2022 5 p.m. EDT,27504,27726,27770,38134,84147,74830,13268,38271,16634,28551,13282,16297,43493
4/26/2022 6 p.m. EDT,28249,27440,27850,38440,84756,74897,13639,38138,16835,28567,14117,16376,44663
4/26/2022 7 p.m. EDT,29426,26671,27926,38016,84447,75042,13735,38295,16935,28268,14832,16310,45503
4/26/2022 8 p.m. EDT,30624,26023,28013,35926,84246,75114,13656,38682,16955,27584,15249,16293,45275
4/26/2022 9 p.m. EDT,31821,25802,27825,34506,84967,75641,13234,39250,16788,27234,15165,16532,44621
4/26/2022 10 p.m. EDT,32648,24600,28072,32327,83184,77009,12362,39561,16094,26768,14966,16818,44738
4/26/2022 11 p.m. EDT,33575,22685,27727,29311,79291,74671,11298,39833,15070,24982,14710,16017,43720
4/27/2022 12 a.m. EDT,33656,20539,26300,26292,76349,71221,10386,39827,14113,23091,14075,14967,41202
4/27/2022 1 a.m. EDT,32665,18948,24999,23408,73256,68092,9976,38137,13384,22007,13191,14144,38304
4/27/2022 2 a.m. EDT,30281,17943,24092,21392,71989,66881,9900,35781,12959,20986,12281,13666,36008
4/27/2022 3 a.m. EDT,28334,17345,23635,20089,71163,65849,9804,33839,12694,20843,11268,13450,34407
4/27/2022 4 a.m. EDT,26747,17099,23392,19305,71170,65551,9646,32747,12635,20471,10580,13298,33450
4/27/2022 5 a.m. EDT,25592,17494,23353,19189,72521,65718,9781,32292,12884,20308,10130,13546,33165
4/27/2022 6 a.m. EDT,24909,18565,23804,20161,74592,66756,10320,32171,13699,20781,9775,14277,33445
4/27/2022 7 a.m. EDT,24582,20478,24847,22103,80810,70571,11489,32581,14932,22139,9628,15551,34892
4/27/2022 8 a.m. EDT,24723,21521,26565,23209,84840,75174,12000,33983,15786,23539,9763,16972,37560
4/27/2022 9 a.m. EDT,26195,21729,27815,24863,84737,76987,11607,36731,15999,24124,10170,17302,38616
4/27/2022 10 a.m. EDT,27790,21837,28074,26871,83609,76332,11212,39519,15830,24316,10257,17042,39397
4/27/2022 11 a.m. EDT,28490,21762,28105,29046,83031,75600,11137,40694,15723,24464,10270,16696,40427
4/27/2022 12 p.m. EDT,28335,21893,28221,31053,82453,75045,11307,40420,15721,24794,10502,16459,41620
4/27/2022 1 p.m. EDT,27788,21990,28320,33149,82089,74598,11282,39664,15714,25101,10742,16316,42887
4/27/2022 2 p.m. EDT,26785,22381,28336,34962,82319,74401,11274,39119,15729,25932,11107,16215,44169
4/27/2022 3 p.m. EDT,26318,22683,28702,36411,81454,74565,11123,38826,15746,26529,11482,16125,45661
4/27/2022 4 p.m. EDT,26248,23101,28949,37330,81180,74471,11542,38855,15770,27002,12293,16308,47110
4/27/2022 5 p.m. EDT,26577,23726,29284,37586,81514,74557,11746,38707,16165,27789,12934,16334,48439
4/27/2022 6 p.m. EDT,26773,24056,29664,37072,82608,75110,12333,38545,16666,28307,13605,16722,49690
4/27/2022 7 p.m. EDT,27350,24114,29716,36592,83649,75387,12879,38536,16975,28323,14168,16871,50167
4/27/2022 8 p.m. EDT,28113,23741,29572,35132,84958,75681,13333,38885,17214,27690,14760,16875,49380
4/27/2022 9 p.m. EDT,29693,23858,29207,33978,87074,75735,13411,39304,17342,27197,14935,16909,48202
4/27/2022 10 p.m. EDT,31431,22951,29477,31868,86024,76620,12712,39511,16745,26419,14818,16969,47649
4/27/2022 11 p.m. EDT,32779,21080,28804,28900,81988,74105,11715,39997,15790,24435,14534,16222,46325
4/28/2022 12 a.m. EDT,33297,19323,27308,26223,79157,70429,10845,39947,14786,22372,13947,15034,43528
4/28/2022 1 a.m. EDT,32149,18161,25931,23415,76385,66825,10273,38145,14104,21089,12955,13700,40413
4/28/2022 2 a.m. EDT,30078,17529,24852,21572,75362,64870,10392,35864,13689,20403,12029,13576,37925
4/28/2022 3 a.m. EDT,27955,17169,24028,20324,75079,63726,10384,33788,13427,19818,11063,13264,36307
4/28/2022 4 a.m. EDT,26742,17143,23709,19626,75052,63164,10382,32658,13389,19482,10370,13198,35295
4/28/2022 5 a.m. EDT,25785,17559,23622,19493,75487,63411,10706,32194,13623,19774,9899,13329,34843
4/28/2022 6 a.m. EDT,25068,18878,23621,20392,79557,64661,11094,32062,14419,20728,9572,13752,34928
4/28/2022 7 a.m. EDT,24787,20976,24560,22258,86332,68025,12251,32506,15612,21986,9450,15006,36296
4/28/2022 8 a.m. EDT,25105,22030,26376,23469,90211,72536,12592,33984,16280,23323,9651,16203,38830
4/28/2022 9 a.m. EDT,26513,22029,27550,25220,89940,74840,12106,36626,16139,23806,10080,16323,40136
4/28/2022 10 a.m. EDT,28253,21872,27822,27301,87557,75256,11484,39293,15677,24129,10150,16191,41610
4/28/2022 11 a.m. EDT,28905,21771,28393,29191,85823,75355,11048,40349,15357,24433,10089,16018,43266
4/28/2022 12 p.m. EDT,28515,21694,28898,30972,84060,75420,10766,40371,15151,24867,10212,16080,44794
4/28/2022 1 p.m. EDT,28119,21741,29258,32909,82606,75679,10636,39587,15015,25715,10357,16189,46380
4/28/2022 2 p.m. EDT,27299,22026,29799,34427,81952,75670,10585,39009,14877,26559,10712,16337,48116
4/28/2022 3 p.m. EDT,26527,22222,30078,34811,81718,76142,10922,38620,14716,26845,11164,16590,49936
4/28/2022 4 p.m. EDT,25712,22668,30316,35093,81589,76353,10810,38458,14720,27686,11691,16850,51340
4/28/2022 5 p.m. EDT,25622,23216,30694,34982,82341,76200,10871,38330,15042,28570,12351,17316,52590
4/28/2022 6 p.m. EDT,25708,23650,31029,34399,82122,76552,11676,38340,15662,29016,13113,17773,53672
4/28/2022 7 p.m. EDT,26256,23805,31017,33510,82062,76494,12662,38420,16218,28808,13645,17829,54200
4/28/2022 8 p.m. EDT,26918,23597,30753,32197,83272,76024,13267,38886,16681,28078,14282,17545,53257
4/28/2022 9 p.m. EDT,28225,23755,30519,31071,85757,75930,13473,39204,17028,27589,14451,17444,52163
4/28/2022 10 p.m. EDT,29891,22990,30477,29616,84510,76587,12828,39354,16540,26928,14285,17334,51359
4/28/2022 11 p.m. EDT,31437,21236,29855,27098,80724,73802,11813,39672,15587,24983,14002,16303,49958
4/29/2022 12 a.m. EDT,32187,19474,28172,24237,77641,70346,10896,39608,14622,22807,13594,15089,46993
4/29/2022 1 a.m. EDT,31407,18246,26462,21815,75724,66871,10309,38017,13886,21471,12851,14033,43742
4/29/2022 2 a.m. EDT,29524,17532,25072,20100,74728,64705,10527,35714,13518,21022,11988,13361,41133
4/29/2022 3 a.m. EDT,27749,17218,24414,19015,74149,63036,10445,33798,13329,20478,11060,12966,39368
4/29/2022 4 a.m. EDT,26419,17146,23944,18413,74395,62377,10488,32590,13291,20153,10385,12754,37983
4/29/2022 5 a.m. EDT,25617,17498,23708,18389,76097,62342,10572,31977,13552,19970,9895,12886,38125
4/29/2022 6 a.m. EDT,25100,18625,23889,19352,78641,62913,11045,31846,14311,20646,9586,13323,38317
4/29/2022 7 a.m. EDT,24841,20573,24815,21322,84132,66379,12151,32161,15374,21878,9499,14309,39260
4/29/2022 8 a.m. EDT,25042,21579,26398,22558,87301,70906,12294,33417,15922,22770,9671,15290,41186
4/29/2022 9 a.m. EDT,26254,21781,27485,24283,86512,73638,11472,36033,15695,23486,10044,15711,42592
4/29/2022 10 a.m. EDT,27785,22060,28134,26529,84902,74716,10668,38643,15339,24054,10136,15919,43913
4/29/2022 11 a.m. EDT,28337,22037,28749,28523,83408,75335,10466,40009,15085,24714,10159,16095,45290
4/29/2022 12 p.m. EDT,27527,21883,29452,30565,81691,75631,10197,39913,14855,25416,10311,16509,47150
4/29/2022 1 p.m. EDT,26777,21912,29993,31553,80501,75949,10002,39421,14647,26213,10364,16863,48705
4/29/2022 2 p.m. EDT,26081,22098,30525,32551,79482,76551,10255,39000,14515,27080,10520,17247,50239
4/29/2022 3 p.m. EDT,25598,22459,31170,33610,79185,77085,10246,38218,14344,27970,10909,17707,51953
4/29/2022 4 p.m. EDT,25330,22871,31606,34319,79169,77235,10483,37569,14281,28564,11431,18072,53563
4/29/2022 5 p.m. EDT,25206,23431,31957,34241,78662,77096,11007,36854,14551,29052,12081,18615,54544
4/29/2022 6 p.m. EDT,25362,23718,32318,33321,78208,77188,11525,36484,15072,29117,12746,18800,55415
4/29/2022 7 p.m. EDT,26097,23477,32264,31763,78397,76852,12256,36587,15520,28632,13375,18773,55306
4/29/2022 8 p.m. EDT,27192,23033,31808,30146,78850,75972,12695,37043,15890,27552,14055,18313,54168
4/29/2022 9 p.m. EDT,28892,23098,31024,29424,80810,75091,12853,37438,16132,26915,14176,17959,52368
4/29/2022 10 p.m. EDT,30409,22413,30452,27949,79724,74973,12336,37694,15736,26219,14028,17836,51403
4/29/2022 11 p.m. EDT,31550,21170,29612,26105,76773,72733,11498,38004,15027,24805,13733,16933,50143
4/30/2022 12 a.m. EDT,32089,19622,28116,24100,74197,69157,10682,38126,14265,23298,13191,15771,48006
4/30/2022 1 a.m. EDT,31417,18368,26627,22095,71583,66022,10123,36561,13571,21960,12488,14671,45305
4/30/2022 2 a.m. EDT,29596,17524,25356,20402,69877,63441,9772,34951,13175,21256,11805,13822,42753
4/30/2022 3 a.m. EDT,27767,17057,24499,19333,69217,62241,9611,33283,12956,20526,10984,13265,40832
4/30/2022 4 a.m. EDT,26589,16781,23890,18663,68970,61125,9561,32098,12880,20322,10320,12803,39366
4/30/2022 5 a.m. EDT,25577,16766,23594,18392,69409,60572,9719,31468,12954,20143,9838,12655,38397
4/30/2022 6 a.m. EDT,24700,17006,23383,18545,70283,60773,10063,31189,13246,19983,9470,12743,37991
4/30/2022 7 a.m. EDT,24218,17544,23601,19178,72489,61519,10450,31256,13574,20171,9300,13009,38061
4/30/2022 8 a.m. EDT,24084,18275,24037,20166,74001,62480,10481,31781,13754,20397,9295,13299,38455
4/30/2022 9 a.m. EDT,24451,19607,24543,22359,75168,64639,10149,32670,13606,21234,9393,14109,39418
4/30/2022 10 a.m. EDT,24596,20496,25660,24907,75324,67527,9423,33790,13399,22544,9179,14953,41755
4/30/2022 11 a.m. EDT,24491,21142,26499,27097,75186,69822,8680,34928,13187,23817,9217,15697,44200
4/30/2022 12 p.m. EDT,24439,21642,27103,29072,74790,71427,8784,35785,13033,25020,9584,16398,46164
4/30/2022 1 p.m. EDT,23873,22026,27448,30900,73562,72365,8855,36020,12894,26290,9845,17001,47720
4/30/2022 2 p.m. EDT,23309,22433,27575,32473,72776,72990,8983,35935,12747,27334,10222,17652,49259
4/30/2022 3 p.m. EDT,23093,23113,27789,33669,71855,73537,8938,35670,12584,28208,11263,18230,51177
4/30/2022 4 p.m. EDT,22757,23692,28150,34180,71992,74173,9062,35248,12656,28904,11475,18692,53037
4/30/2022 5 p.m. EDT,23137,24235,28506,33746,72423,74961,9495,34906,13044,29423,12286,18981,54478
4/30/2022 6 p.m. EDT,23941,24441,28793,32800,73678,75678,10270,34905,13764,29639,13152,15880,44934
4/30/2022 7 p.m. EDT,24453,23391,28808,17380,74363,76014,11233,35162,14396,29159,14018,18942,55413
4/30/2022 8 p.m. EDT,25804,23470,28763,29679,74974,75161,11743,35793,14817,28239,14793,18521,54113
4/30/2022 9 p.m. EDT,27794,23274,28220,29005,76618,74001,12000,36320,15240,27593,14912,18063,51872
4/30/2022 10 p.m. EDT,29554,22513,27900,27689,75620,73827,11545,36492,14956,26851,14627,17761,50417
4/30/2022 11 p.m. EDT,30601,21108,27324,25889,72950,71436,10852,36692,14382,25401,14079,17001,48445
5/1/2022 12 a.m. EDT,31032,19606,26163,23812,70005,68280,10150,36657,13680,23737,13313,15883,45856
5/1/2022 1 a.m. EDT,30172,18323,24983,21788,68021,65113,9624,35501,13051,22118,12500,14756,43115
5/1/2022 2 a.m. EDT,28616,17432,23846,20165,66076,62967,9303,33848,12632,21293,11755,13887,40599
5/1/2022 3 a.m. EDT,26917,16942,23242,19014,65246,61258,9144,32221,12418,20807,10919,13355,38526
5/1/2022 4 a.m. EDT,25715,16588,22895,18309,64754,60172,9110,31175,12323,20288,10283,12960,37176
5/1/2022 5 a.m. EDT,24672,16500,22657,17960,65057,59724,9204,30558,12331,20298,9809,12645,36230
5/1/2022 6 a.m. EDT,23942,16672,22712,17987,66109,59428,9447,30282,12511,20201,9490,12511,35584
5/1/2022 7 a.m. EDT,23511,16968,23041,18345,67156,60192,9643,30445,12654,20350,9294,12416,35670
5/1/2022 8 a.m. EDT,23322,17712,23305,19267,68639,60840,9456,30919,12779,20671,9219,12698,35795
5/1/2022 9 a.m. EDT,23384,18950,23750,22068,69570,62879,8939,31742,12728,21364,9182,13545,36439
5/1/2022 10 a.m. EDT,23040,20030,24590,25133,70170,65249,8396,32698,12583,22683,8899,14589,38603
5/1/2022 11 a.m. EDT,22725,20794,25198,27679,70459,67289,8393,33815,12568,23958,9227,15319,41402
5/1/2022 12 p.m. EDT,22747,21920,25617,29908,71055,68500,8355,34567,12598,25067,9419,15880,44109
5/1/2022 1 p.m. EDT,21976,22904,26023,32061,71628,69987,8240,34970,12653,26146,9844,16589,46673
5/1/2022 2 p.m. EDT,21114,24033,26436,33953,72287,71162,8156,34766,12705,27248,10447,17136,48948
5/1/2022 3 p.m. EDT,20595,25058,26943,35350,72951,71938,8272,34648,12879,28303,11056,17848,51053
5/1/2022 4 p.m. EDT,20376,25825,27496,36350,73984,72689,8941,34420,13253,29388,11804,18555,52886
5/1/2022 5 p.m. EDT,20564,26345,28013,36504,75401,73452,9395,34366,13869,30352,12581,19220,54602
5/1/2022 6 p.m. EDT,21121,26504,28648,35825,77002,74718,10540,34552,14463,30946,13387,19669,55680
5/1/2022 7 p.m. EDT,22284,26241,29150,34305,77911,75447,11609,34879,14833,30831,14204,19755,56055
5/1/2022 8 p.m. EDT,24326,25624,29064,32407,78511,75224,12111,35521,15145,30073,14951,19253,55372
5/1/2022 9 p.m. EDT,26697,25439,28701,31602,79585,74899,12267,35947,15388,29403,15110,18659,53706
5/1/2022 10 p.m. EDT,28821,24522,28636,29899,78278,75093,11593,36314,14926,28560,14965,18147,53120
5/1/2022 11 p.m. EDT,30019,22648,28068,27324,74301,72504,10644,36640,14128,26558,14581,17029,51561
5/2/2022 12 a.m. EDT,30605,20688,26622,24417,71114,68551,9772,36689,13325,24251,14026,15550,48846
5/2/2022 1 a.m. EDT,29653,19296,25046,22023,68640,65237,9393,35194,12708,22698,13130,14196,45637
5/2/2022 2 a.m. EDT,27745,18475,23881,20297,66610,63511,9517,32969,12347,22198,12198,13391,42773
5/2/2022 3 a.m. EDT,25823,17945,23325,19173,66043,62230,9615,31178,12104,21580,11186,12910,40932
5/2/2022 4 a.m. EDT,24770,17748,22992,18631,65869,61724,9706,30078,12049,21180,10475,12614,39748
5/2/2022 5 a.m. EDT,23942,17892,22941,18725,66215,61306,9755,29576,12262,21199,9978,12534,38918
5/2/2022 6 a.m. EDT,23427,18931,23341,19724,68918,62940,10115,29533,12984,21823,9671,13000,39132
5/2/2022 7 a.m. EDT,23251,20615,24259,21579,75217,66795,11142,29944,14266,23147,9547,13963,40333
5/2/2022 8 a.m. EDT,23787,21734,25990,23019,79497,71602,11862,31328,15420,23742,9696,15108,42987
5/2/2022 9 a.m. EDT,27549,22412,27330,25018,81548,74662,12014,34199,16092,24733,10076,15794,44413
5/2/2022 10 a.m. EDT,26832,23492,28080,27212,82456,76097,12058,37025,16424,25927,10258,16253,45678
5/2/2022 11 a.m. EDT,28162,24777,28646,29540,83060,76909,12133,38628,16586,27547,10640,16880,47520
5/2/2022 12 p.m. EDT,28473,25959,29204,31873,83524,78106,12072,39088,16495,29160,10724,17666,49979
5/2/2022 1 p.m. EDT,28464,27536,29528,34144,83726,79061,12203,39246,16545,30967,10885,18480,52131
5/2/2022 2 p.m. EDT,27844,29022,29845,36036,84215,79382,12419,39212,16590,32804,11270,19215,54261
5/2/2022 3 p.m. EDT,26647,30250,30240,37606,84423,80045,12370,38900,16566,34075,11764,19943,56054
5/2/2022 4 p.m. EDT,26079,31157,30450,38843,84790,80050,12444,38662,16569,35119,12459,20659,56923
5/2/2022 5 p.m. EDT,26001,31841,30666,39542,85418,79670,12799,38579,16776,35801,13188,21305,57417
5/2/2022 6 p.m. EDT,26331,32106,30934,39474,86547,79737,13358,38498,16868,35827,13933,21291,58071
5/2/2022 7 p.m. EDT,27003,31754,30984,38241,86884,79653,13577,38693,16768,35110,14606,21231,58442
5/2/2022 8 p.m. EDT,28262,30539,30629,35956,86437,79385,13520,39155,16682,33778,15271,20702,57671
5/2/2022 9 p.m. EDT,29849,29770,29931,34671,86878,78998,13247,39566,16595,32806,15439,20353,55787
5/2/2022 10 p.m. EDT,31380,28077,29680,32598,84621,79349,12400,39671,15940,31473,15328,19824,54510
5/2/2022 11 p.m. EDT,32486,25398,28956,29799,79529,76436,11337,39799,14916,29079,14933,18478,53380
5/3/2022 12 a.m. EDT,33007,23012,27524,26843,75273,72489,10670,39469,13907,26571,14348,17029,50342
5/3/2022 1 a.m. EDT,31962,21192,26101,24145,71808,68938,10409,37735,13221,25171,13527,15690,47137
5/3/2022 2 a.m. EDT,29840,20070,25009,22380,70159,67096,10295,35239,12803,24154,12620,14898,44556
5/3/2022 3 a.m. EDT,27717,19128,24426,21166,68994,65420,10144,33493,12525,23244,11538,14302,42349
5/3/2022 4 a.m. EDT,26498,18878,24010,20544,68309,64403,10126,32501,12435,22661,10769,13950,40621
5/3/2022 5 a.m. EDT,25563,18859,23803,20433,69302,64501,10137,31823,12626,22408,10288,13843,39711
5/3/2022 6 a.m. EDT,24902,19704,23923,21307,71479,66019,10680,31609,13363,22793,9861,14173,39715
5/3/2022 7 a.m. EDT,24518,21360,24844,23174,76134,69691,11630,31913,14509,23771,9714,15112,40770
5/3/2022 8 a.m. EDT,24939,22503,26664,24314,80170,73947,12521,33211,15369,24686,9898,15923,43047
5/3/2022 9 a.m. EDT,26337,23514,27816,25974,82062,76628,12707,35827,15620,25709,10231,16650,43861
5/3/2022 10 a.m. EDT,27909,24731,28341,28089,82708,78610,12582,38385,15522,27060,10360,17358,44679
5/3/2022 11 a.m. EDT,29010,26214,28558,30334,83315,80451,12319,39685,15405,28733,10712,18150,45645
5/3/2022 12 p.m. EDT,28993,27934,28570,32527,83583,81921,12214,39685,15247,30468,10773,19045,46650
5/3/2022 1 p.m. EDT,28235,29632,28506,34558,84043,83164,12054,39087,15064,32198,10978,19965,47886
5/3/2022 2 p.m. EDT,27559,31073,28338,36464,84831,84009,11994,38705,15166,33743,11413,20608,49108
5/3/2022 3 p.m. EDT,26397,31946,28332,37788,84962,84519,11588,38229,15322,34898,12001,21105,50373
5/3/2022 4 p.m. EDT,25661,32366,28285,38550,85234,84550,11437,37599,15569,35901,12635,21512,51501
5/3/2022 5 p.m. EDT,25707,32345,28215,38803,85743,84412,11754,37212,15875,36388,13308,21761,52663
5/3/2022 6 p.m. EDT,25864,32150,28256,38524,86985,84383,12493,37263,16191,36311,13893,21828,53818
5/3/2022 7 p.m. EDT,26751,31655,28267,37319,86742,83897,12955,37475,16289,35590,14299,21519,54027
5/3/2022 8 p.m. EDT,28142,30452,28238,35403,86440,82574,13224,38088,16375,34196,14676,20919,53034
5/3/2022 9 p.m. EDT,30125,29735,28136,34348,86861,81696,13217,38608,16466,33353,14620,20480,51686
5/3/2022 10 p.m. EDT,31958,28073,28369,32169,84364,81568,12420,38643,15813,32153,14648,20249,51267
5/3/2022 11 p.m. EDT,33184,25648,27931,29165,79675,78645,11369,38905,14772,29685,14596,19102,49602
5/4/2022 12 a.m. EDT,33416,23211,26648,25867,75920,74167,10829,38757,13785,27341,14208,17691,46829
5/4/2022 1 a.m. EDT,32343,21456,25341,23429,72535,69995,10355,37248,13094,25524,13348,16225,43571
5/4/2022 2 a.m. EDT,30281,20395,24299,21549,70510,67364,10425,34838,12664,24746,12475,15147,40971
5/4/2022 3 a.m. EDT,28574,19787,23817,20295,69298,65590,10326,32536,12375,23812,11450,14451,39363
5/4/2022 4 a.m. EDT,26704,19407,23616,19583,68888,64784,10286,31710,12266,23111,10727,13957,38375
5/4/2022 5 a.m. EDT,25825,19535,23613,19438,69564,64699,10528,31118,12434,22925,10221,13803,37919
5/4/2022 6 a.m. EDT,25120,20526,23891,20413,72560,65687,10908,30994,13185,23377,9923,14057,38128
5/4/2022 7 a.m. EDT,24824,22091,24935,22401,77166,68842,11604,31387,14438,24431,9805,14787,39670
5/4/2022 8 a.m. EDT,24982,23134,26613,23765,80661,72886,12481,32778,15565,25108,9981,15603,42278
5/4/2022 9 a.m. EDT,26214,23871,27785,25852,82945,75294,12946,35422,16242,25922,10366,16293,43477
5/4/2022 10 a.m. EDT,27677,24861,28345,28403,83863,76061,13287,37997,16680,26961,10413,16769,44576
5/4/2022 11 a.m. EDT,27936,26360,28665,31015,84411,76478,13412,39227,16854,28412,10298,17219,46198
5/4/2022 12 p.m. EDT,27676,28128,28922,33531,84648,77188,13421,39180,16832,30480,10503,17879,48304
5/4/2022 1 p.m. EDT,27725,29883,29099,36173,84763,77701,13209,38850,16664,32600,10683,18535,50571
5/4/2022 2 p.m. EDT,26953,31483,29233,38067,84825,78301,12975,38272,16491,34418,11022,19240,52750
5/4/2022 3 p.m. EDT,26685,32515,29451,39580,85135,78894,12784,37763,16182,35924,11453,19798,54802
5/4/2022 4 p.m. EDT,27021,33377,29497,40764,84825,78878,12823,37422,16201,36755,12044,20191,56810
5/4/2022 5 p.m. EDT,27760,33763,29486,41270,85465,79088,13045,37207,16318,37086,12699,20611,58092
5/4/2022 6 p.m. EDT,28751,33584,29567,41399,86192,79176,13409,37166,16465,36749,13376,20771,58861
5/4/2022 7 p.m. EDT,30064,32599,29634,40471,86159,79167,13508,37189,16465,36042,13973,20631,58966
5/4/2022 8 p.m. EDT,31817,31537,29502,38283,85868,79014,13467,37670,16469,34867,14629,19869,57837
5/4/2022 9 p.m. EDT,33776,30701,29073,36441,86733,78654,13310,38089,16578,33722,14846,19399,56085
5/4/2022 10 p.m. EDT,35122,29202,29012,34210,84559,79065,12506,38143,16019,32557,14827,19180,55179
5/4/2022 11 p.m. EDT,35701,26543,28267,31022,79629,76583,11446,38440,15014,30216,14500,17965,53701
5/5/2022 12 a.m. EDT,35490,23956,26904,27522,76089,72719,10742,38290,13988,27506,14044,16444,50906
5/5/2022 1 a.m. EDT,34252,22023,25486,24784,73058,69153,10169,36749,13280,25563,13145,15124,47458
5/5/2022 2 a.m. EDT,31811,20870,24592,22719,70717,67203,9803,34220,12838,24472,12369,14264,44644
5/5/2022 3 a.m. EDT,29383,19714,24025,21306,69686,65570,9825,32168,12562,23702,11330,13656,42639
5/5/2022 4 a.m. EDT,27725,19384,23658,20412,69029,64611,9840,30904,12480,23030,10604,13339,41243
5/5/2022 5 a.m. EDT,26442,19271,23422,20229,69840,64629,9855,30282,12671,22898,10134,13313,40491
5/5/2022 6 a.m. EDT,25576,19985,23625,21031,72962,65601,10350,30026,13376,23218,9834,13617,40551
5/5/2022 7 a.m. EDT,25109,21641,24563,22762,76938,68549,11420,30315,14456,24072,9699,14470,42087
5/5/2022 8 a.m. EDT,25237,22572,26418,24128,80171,72591,11635,31455,15136,25031,9863,15500,44512
5/5/2022 9 a.m. EDT,26452,23426,27571,26275,81713,75247,10896,33758,15102,25810,10315,16148,45629
5/5/2022 10 a.m. EDT,27938,24139,28133,29105,82304,76524,10344,34142,14858,27209,10298,16610,46797
5/5/2022 11 a.m. EDT,28595,24911,28535,32198,82175,77357,10029,37737,14640,29075,10294,17197,48229
5/5/2022 12 p.m. EDT,28463,26162,28990,35452,82185,78221,9886,36279,14576,31035,10522,18005,50470
5/5/2022 1 p.m. EDT,28633,27350,28996,38336,82576,79018,9731,38621,14572,33093,10733,18846,51895
5/5/2022 2 p.m. EDT,28414,28623,28707,40714,82876,79602,9792,38829,14638,35163,11176,19772,53298
5/5/2022 3 p.m. EDT,27925,29411,28899,42453,83069,80129,9964,40124,14685,36666,11672,20491,54115
5/5/2022 4 p.m. EDT,28424,30257,28629,43678,83363,80081,10423,38939,15009,37664,12436,20957,54245
5/5/2022 5 p.m. EDT,28874,30796,28353,44332,83910,79571,10941,39056,15496,38303,13308,21121,54307
5/5/2022 6 p.m. EDT,29488,30745,28271,44029,84552,79108,11661,39104,15909,38324,14161,20868,55201
5/5/2022 7 p.m. EDT,30803,30071,28118,42638,84407,78659,12345,39303,16034,37381,14896,20419,55172
5/5/2022 8 p.m. EDT,32036,29043,27957,40156,84263,78108,12766,39472,16139,35912,15549,19816,54145
5/5/2022 9 p.m. EDT,33474,28769,27783,38379,85139,77572,12938,39501,16328,34686,15872,19709,52129
5/5/2022 10 p.m. EDT,34231,27401,27925,35999,83152,77850,12242,39560,15759,33343,15702,19392,50381
5/5/2022 11 p.m. EDT,34481,25239,27464,32826,79046,75629,11208,39662,14819,30955,15255,18096,48354
5/6/2022 12 a.m. EDT,34609,22953,26195,29512,75875,71582,10248,39388,13839,28390,14638,16720,45171
5/6/2022 1 a.m. EDT,33420,21205,24919,26542,72899,68314,9605,37881,13114,26639,13599,15513,41854
5/6/2022 2 a.m. EDT,31263,20161,23985,24473,70416,66149,9222,35579,12652,25861,12579,14640,39226
5/6/2022 3 a.m. EDT,29202,19490,23417,22927,68887,64802,9022,33696,12328,24775,11466,14032,37441
5/6/2022 4 a.m. EDT,27508,19096,23114,21977,67943,63858,8991,32318,12243,24041,10669,13672,36619
5/6/2022 5 a.m. EDT,26397,19285,22964,21632,68860,63513,9247,31603,12399,23644,10192,13673,35988
5/6/2022 6 a.m. EDT,25531,20180,23265,22302,71180,64532,9968,31330,13095,23633,9883,13887,36076
5/6/2022 7 a.m. EDT,25184,21831,24203,23902,76011,67230,11055,31621,14217,24927,9700,14775,37234
5/6/2022 8 a.m. EDT,25198,22896,25881,25327,80303,71284,11660,32822,15284,25488,9807,15809,39430
5/6/2022 9 a.m. EDT,26416,23584,26975,27642,82664,73816,11663,34912,15788,26299,10258,16322,40792
5/6/2022 10 a.m. EDT,27723,24449,27498,30412,84175,75007,11259,37080,15946,27115,10230,16783,42333
5/6/2022 11 a.m. EDT,28271,25432,27799,33154,85248,76106,10821,38772,16095,27978,10425,17072,44213
5/6/2022 12 p.m. EDT,28464,26298,27986,35833,85562,76833,11080,39318,16123,28918,10750,17423,46733
5/6/2022 1 p.m. EDT,28887,27199,28154,37993,85674,77356,11044,39550,16023,29842,11094,17684,49601
5/6/2022 2 p.m. EDT,28769,28301,28383,40033,85417,77573,11136,39693,15937,30944,11714,17817,52585
5/6/2022 3 p.m. EDT,28378,28998,28677,41683,84953,77993,11479,39760,15902,31578,12564,17776,55614
5/6/2022 4 p.m. EDT,28284,29447,28991,42679,84402,77839,11547,39927,15943,31954,13462,17531,58346
5/6/2022 5 p.m. EDT,28822,29503,29285,43166,84610,77598,11832,39930,15992,31999,14454,17043,60558
5/6/2022 6 p.m. EDT,29251,29169,29596,42715,84693,77597,12222,39855,16128,31580,15359,16805,62235
5/6/2022 7 p.m. EDT,30382,28294,29632,41242,83585,77157,12376,40018,16113,30738,16116,16689,62777
5/6/2022 8 p.m. EDT,31443,27039,29400,38914,82850,76448,12510,40340,16116,29525,16798,16393,60852
5/6/2022 9 p.m. EDT,32918,26265,28923,37245,82581,75504,12519,40389,16059,28575,16855,16265,58240
5/6/2022 10 p.m. EDT,33746,24988,28778,35036,80810,75407,11937,40134,15590,27906,16488,16334,56316
5/6/2022 11 p.m. EDT,33965,23478,28323,32916,77703,73221,11101,39970,14766,26426,15841,15773,54288
5/7/2022 12 a.m. EDT,34266,21635,27105,30145,74500,69711,10236,39761,13900,24615,14961,14933,51421
5/7/2022 1 a.m. EDT,33274,20031,25738,27589,72023,65848,9607,38443,13199,23451,13948,13758,48271
5/7/2022 2 a.m. EDT,31339,18897,24528,25669,70213,64076,9238,36297,12721,21953,13010,13253,45165
5/7/2022 3 a.m. EDT,29254,18190,23610,24404,69358,62223,9265,34286,12451,21286,12008,12808,42891
5/7/2022 4 a.m. EDT,27606,17658,23180,23569,68748,61100,9183,32797,12325,20627,11185,12229,41016
5/7/2022 5 a.m. EDT,26380,17370,22887,23035,68730,60766,9285,31938,12364,20345,10583,12388,39938
5/7/2022 6 a.m. EDT,25375,17612,22855,22831,69680,61108,9594,31446,12603,20350,10137,12453,39308
5/7/2022 7 a.m. EDT,24826,17917,23287,23160,71609,61949,9792,31252,12994,20249,9859,12735,39428
5/7/2022 8 a.m. EDT,24771,18818,23682,24053,73261,62546,10257,31605,13584,20429,9780,13059,40059
5/7/2022 9 a.m. EDT,25048,20280,24398,26762,74921,64205,10546,32392,14093,21598,9768,13684,40772
5/7/2022 10 a.m. EDT,24983,21379,25243,29789,77031,66066,10578,33809,14434,22924,9627,14459,43079
5/7/2022 11 a.m. EDT,25209,21988,26080,32285,78022,67363,10805,35492,14591,23662,9844,14926,46057
5/7/2022 12 p.m. EDT,25573,22658,26819,34182,78515,68422,10846,36988,14666,24359,10577,15174,49422
5/7/2022 1 p.m. EDT,24894,23118,27483,35274,78131,68862,10514,37749,14621,24852,11199,15196,52704
5/7/2022 2 p.m. EDT,24409,23357,28154,36923,77494,69448,10247,38071,14508,25251,11971,15132,55936
5/7/2022 3 p.m. EDT,23673,23564,28864,37373,76685,69908,10249,38164,14371,25728,12792,15108,59036
5/7/2022 4 p.m. EDT,23317,23590,29566,37664,76461,70634,10437,37972,14379,26270,13682,15015,61768
5/7/2022 5 p.m. EDT,23146,23487,30305,37794,76537,71465,10853,37987,14558,26697,14586,15135,64044
5/7/2022 6 p.m. EDT,23381,23260,31058,37545,77020,72201,11338,38154,14911,26851,15458,15232,65411
5/7/2022 7 p.m. EDT,24365,22652,31417,36132,77285,72810,11872,38521,15177,26567,16309,15336,65669
5/7/2022 8 p.m. EDT,25918,22367,31223,34313,77770,72752,12195,39124,15402,25819,16887,15208,64460
5/7/2022 9 p.m. EDT,27999,22110,30497,33123,78981,72268,12338,39322,15637,25457,16879,15341,62021
5/7/2022 10 p.m. EDT,29419,21620,30023,31311,78523,72385,11860,38666,15380,24989,16502,15475,59982
5/7/2022 11 p.m. EDT,30471,20547,29522,28931,75778,70779,11124,38685,14702,23809,15829,14941,57954
5/8/2022 12 a.m. EDT,31022,19163,28232,26617,72968,67366,10365,38736,13951,22303,15011,14144,55200
5/8/2022 1 a.m. EDT,30402,17902,26877,24185,70915,64241,9796,37568,13304,21042,14135,13404,52218
5/8/2022 2 a.m. EDT,28980,16973,25668,22532,69898,62516,9418,35686,12862,20141,13431,12907,49372
5/8/2022 3 a.m. EDT,27267,16447,24783,21109,69679,60831,9205,33924,12574,19401,12498,12473,46939
5/8/2022 4 a.m. EDT,25947,16355,24204,20267,69430,59614,9129,32659,12425,19100,11708,12343,45122
5/8/2022 5 a.m. EDT,24901,16270,23869,19705,68777,59020,9205,31885,12432,18824,11076,12225,43989
5/8/2022 6 a.m. EDT,24137,16499,23705,19528,69760,59467,9392,31515,12599,18853,10552,12386,42765
5/8/2022 7 a.m. EDT,23608,16860,23827,19716,71090,60295,9547,31485,12785,18970,10242,12457,42287
5/8/2022 8 a.m. EDT,23434,17792,24008,20852,71741,60875,9797,32027,13020,18996,10024,12865,42267
5/8/2022 9 a.m. EDT,23586,19067,24549,24075,73849,62502,9652,32737,13124,20286,9869,13560,42634
5/8/2022 10 a.m. EDT,23360,19933,25747,27396,75184,65035,9237,33828,13068,21347,9867,14239,45160
5/8/2022 11 a.m. EDT,23127,20243,26942,30218,74890,66755,8966,35318,13171,22129,10178,14572,48804
5/8/2022 12 p.m. EDT,22799,20378,27811,32627,74197,67753,8926,36407,13161,22810,10581,14713,52434
5/8/2022 1 p.m. EDT,22740,20337,28744,34662,73413,68599,8942,36739,13030,23419,11109,14820,55524
5/8/2022 2 p.m. EDT,22534,20144,29729,36434,72568,69365,8710,36448,12827,24044,11630,15023,58671
5/8/2022 3 p.m. EDT,22105,20097,30694,37873,72315,70210,8798,36233,12801,24781,12211,15308,61473
5/8/2022 4 p.m. EDT,21699,19994,31581,38828,71694,71368,9154,36031,12865,25528,12879,15720,64048
5/8/2022 5 p.m. EDT,20826,20308,32281,39216,72105,72484,9903,35862,13280,26199,13553,16114,66000
5/8/2022 6 p.m. EDT,20448,20726,33054,39072,73428,73870,10442,35878,13886,26727,14213,16524,67262
5/8/2022 7 p.m. EDT,21236,20903,33650,37988,74530,74734,11371,36103,14466,26881,14918,16642,67469
5/8/2022 8 p.m. EDT,22513,21243,33621,35979,75786,74972,11989,36684,14962,26574,15475,16668,66148
5/8/2022 9 p.m. EDT,24219,21960,33272,41886,78189,74707,12328,37083,15333,26200,15544,16421,63616
5/8/2022 10 p.m. EDT,26374,21608,33042,42200,78211,75254,11836,37350,15058,25891,15269,16660,61821
5/8/2022 11 p.m. EDT,28199,20377,32589,39334,75319,73410,10950,37870,14278,24370,14774,15964,59995
5/9/2022 12 a.m. EDT,29430,19078,30923,34218,73878,70141,10122,38154,13450,22530,14298,14896,56463
5/9/2022 1 a.m. EDT,29036,18091,29026,24301,71765,66721,9601,37043,12885,21481,13455,13851,52664
5/9/2022 2 a.m. EDT,27463,17531,27622,22361,70271,64126,9332,34839,12527,20389,12573,13257,49330
5/9/2022 3 a.m. EDT,25714,17386,26736,20988,69306,61898,9232,33088,12345,19747,11596,12863,46967
5/9/2022 4 a.m. EDT,24717,17352,26124,20146,68964,61234,9289,32122,12315,19706,10870,12708,45433
5/9/2022 5 a.m. EDT,23962,17919,25747,20007,69858,61486,9661,31641,12613,19887,10352,12792,44721
5/9/2022 6 a.m. EDT,23538,19265,25908,20812,74129,62588,10515,31626,13394,20488,9973,13216,44694
5/9/2022 7 a.m. EDT,23547,21417,26850,22326,79595,66195,11626,32255,14540,21640,9829,14202,45984
5/9/2022 8 a.m. EDT,24015,22355,28411,23599,82738,70688,11796,33784,15127,22609,9958,15228,48225
5/9/2022 9 a.m. EDT,25604,22214,30052,25615,82481,74132,10975,36641,15030,23395,10300,15776,49417
5/9/2022 10 a.m. EDT,27265,22061,31570,28009,81624,76355,10489,39333,14748,24213,10510,16158,50861
5/9/2022 11 a.m. EDT,28244,21950,33038,30626,80982,78256,10352,40501,14549,24847,10649,16466,53363
5/9/2022 12 p.m. EDT,28372,21758,34630,32277,80516,80407,10066,40593,14462,25464,10933,16865,56392
5/9/2022 1 p.m. EDT,27655,21644,36114,33884,80501,82683,10159,40294,14362,26119,11155,17409,59998
5/9/2022 2 p.m. EDT,27157,21763,37506,35320,80348,84731,10036,39851,14329,26760,11545,17967,63214
5/9/2022 3 p.m. EDT,26489,21919,38910,36268,80607,86762,9907,39415,14336,27656,11902,18613,66069
5/9/2022 4 p.m. EDT,25813,22228,39838,37126,80765,87903,10106,39078,14457,28442,12451,19253,68490
5/9/2022 5 p.m. EDT,25411,22690,40613,37679,82159,89337,10479,38879,14851,29383,13070,19988,69843
5/9/2022 6 p.m. EDT,25383,23163,41281,37703,83819,90660,11351,38534,15453,29928,13684,20578,70722
5/9/2022 7 p.m. EDT,25599,23396,41351,36779,85090,91108,12417,38689,15898,30019,14273,20840,70454
5/9/2022 8 p.m. EDT,26438,23445,40850,34794,85571,90721,12891,39277,16130,29362,14912,20590,68892
5/9/2022 9 p.m. EDT,27776,23617,39600,33382,86305,89260,13058,39666,16299,28612,15086,19945,66247
5/9/2022 10 p.m. EDT,29463,22973,38521,31246,85022,88590,12342,39654,15790,27913,15008,19615,64576
5/9/2022 11 p.m. EDT,31155,21167,37344,28146,80384,85481,11279,39664,14731,25880,14708,18381,62404
5/10/2022 12 a.m. EDT,32249,19444,34938,24837,76886,79819,10362,39522,13697,23739,14315,16801,58366
5/10/2022 1 a.m. EDT,31447,18198,32502,22445,73538,75168,9949,38097,12966,22272,13334,15473,54220
5/10/2022 2 a.m. EDT,29540,17569,30567,20652,71277,71309,9376,35723,12524,21440,12328,14614,50819
5/10/2022 3 a.m. EDT,27556,17306,29309,19479,69973,68571,9403,33833,12295,21050,11281,13876,48734
5/10/2022 4 a.m. EDT,26352,17304,28411,18820,69514,66902,9508,32748,12235,20728,10606,13567,46860
5/10/2022 5 a.m. EDT,25519,17794,27786,18713,70137,66059,9570,32301,12457,20707,10121,13427,45628
5/10/2022 6 a.m. EDT,24923,19103,27594,19480,72387,66929,10331,32163,13172,21052,9794,13715,45392
5/10/2022 7 a.m. EDT,24735,21231,28406,21297,77634,69543,11412,32645,14274,21971,9675,14643,46601
5/10/2022 8 a.m. EDT,25279,22148,29808,22403,81096,73601,11539,34274,14959,23207,9788,15607,48375
5/10/2022 9 a.m. EDT,26730,22288,31216,23883,81997,77332,10751,36965,14875,23952,10127,16229,49418
5/10/2022 10 a.m. EDT,28182,22213,32321,25566,82082,79902,10135,39346,14683,24704,10270,16591,50894
5/10/2022 11 a.m. EDT,28860,22164,33677,27138,82373,82392,10013,40286,14539,25442,10368,17402,53058
5/10/2022 12 p.m. EDT,28184,22104,35168,28753,83062,85520,9926,40107,14515,26204,10672,18120,55530
5/10/2022 1 p.m. EDT,27187,22038,36685,30219,84102,88359,10150,39537,14502,27019,10853,18930,58301
5/10/2022 2 p.m. EDT,26645,22504,38097,31711,85550,91475,10080,39014,14607,28093,11242,19881,60816
5/10/2022 3 p.m. EDT,25654,22975,39483,33148,87380,94468,9937,38222,14698,29309,11838,20827,63616
5/10/2022 4 p.m. EDT,25212,23510,40566,34595,89225,96550,9922,37903,14970,30451,12568,21817,65843
5/10/2022 5 p.m. EDT,25100,24382,41425,35713,91659,98309,10428,37567,15423,31800,13235,22535,67673
5/10/2022 6 p.m. EDT,25263,24981,41943,36046,93714,99497,11345,37346,15843,32529,13948,23193,68730
5/10/2022 7 p.m. EDT,25259,25308,41841,35244,94345,100022,12365,37479,16035,32460,14636,23336,68661
5/10/2022 8 p.m. EDT,26189,24950,41124,33140,93929,99108,12815,37786,16147,31516,15372,22744,66946
5/10/2022 9 p.m. EDT,27714,24696,39704,31679,93750,97151,12944,38078,16231,30284,15528,21886,64108
5/10/2022 10 p.m. EDT,29492,23872,38516,29702,91599,95847,12303,38406,15714,29172,15292,21278,62046
5/10/2022 11 p.m. EDT,31106,21844,37085,26621,86313,92087,11208,38500,14649,27038,14898,19747,59697
5/11/2022 12 a.m. EDT,32144,19859,34613,23439,81736,85758,10242,38696,13596,24560,14429,17954,55438
5/11/2022 1 a.m. EDT,31556,18414,32153,20667,77340,80411,9637,37378,12840,22941,13478,16320,51375
5/11/2022 2 a.m. EDT,29636,17530,30315,18979,74766,75909,9300,35178,12382,22210,12528,15202,48026
5/11/2022 3 a.m. EDT,27753,17147,29002,17881,72756,72962,9403,33293,12101,21664,11457,14402,45235
5/11/2022 4 a.m. EDT,26549,17017,28027,17284,72200,70937,9395,32238,12011,21260,10687,13981,43491
5/11/2022 5 a.m. EDT,25757,17327,27379,17308,72623,69625,9467,31730,12224,21140,10166,13822,42297
5/11/2022 6 a.m. EDT,25253,18402,27163,18305,74498,69885,10184,31692,12894,21680,9846,14030,42016
5/11/2022 7 a.m. EDT,25035,20205,27777,20182,78915,72158,11306,32260,14037,22760,9704,14888,42986
5/11/2022 8 a.m. EDT,25500,21369,29065,21324,82644,75859,11702,33767,14866,23112,9846,15904,44868
5/11/2022 9 a.m. EDT,26777,21618,30513,22803,84634,79986,11214,36408,15047,23938,10206,16531,46064
5/11/2022 10 a.m. EDT,28281,21791,31800,24607,86198,83338,10642,38806,14979,24843,10301,17264,48015
5/11/2022 11 a.m. EDT,28717,22027,33229,26463,88120,87027,10527,39698,14841,25869,10410,18439,50929
5/11/2022 12 p.m. EDT,28406,22123,35101,28169,89901,91429,10285,39519,14901,27086,10619,19606,54254
5/11/2022 1 p.m. EDT,27158,22663,37056,29714,92351,95502,9855,39059,14981,28372,10794,20844,56999
5/11/2022 2 p.m. EDT,25921,23359,38778,31146,94413,99009,10193,38449,15055,29921,11138,22120,59702
5/11/2022 3 p.m. EDT,24865,23910,40481,32560,96092,102009,10315,38096,15251,31402,11733,23186,62824
5/11/2022 4 p.m. EDT,24242,24725,41853,33813,97684,104161,10628,37951,15601,32974,12460,24120,65117
5/11/2022 5 p.m. EDT,23964,25695,42870,34691,99074,105614,11156,37879,16102,34378,13151,24786,66847
5/11/2022 6 p.m. EDT,24163,26300,43486,34838,100082,106193,12052,38062,16614,35251,13824,25280,68297
5/11/2022 7 p.m. EDT,24561,26238,43382,34005,99623,106088,12767,38515,16891,35047,14215,25225,68456
5/11/2022 8 p.m. EDT,25699,25904,42680,32645,97919,104559,13055,39050,16924,33984,14677,24503,66896
5/11/2022 9 p.m. EDT,27418,25491,41064,31426,96395,101548,13141,39453,16884,32628,14716,23740,64046
5/11/2022 10 p.m. EDT,29206,24459,39603,29689,93696,99130,12472,39516,16288,31370,14353,23045,61617
5/11/2022 11 p.m. EDT,31068,22470,38104,26792,87550,94332,11406,39665,15119,29117,14060,21424,59049
5/12/2022 12 a.m. EDT,32110,20401,35461,23670,82803,87712,10364,39528,13971,26464,13764,19448,54956
5/12/2022 1 a.m. EDT,31542,18932,32898,21224,78479,81593,9683,37925,13164,24362,12853,17747,50425
5/12/2022 2 a.m. EDT,29536,18019,30855,19447,75217,77223,9280,35436,12658,23650,12031,16506,46794
5/12/2022 3 a.m. EDT,27740,17465,29465,18283,73143,73823,9060,33545,12313,22741,11089,15603,44171
5/12/2022 4 a.m. EDT,26471,17289,28443,17715,71808,71527,9256,32324,12128,22148,10453,15001,42272
5/12/2022 5 a.m. EDT,25589,17436,27769,17672,72245,70305,9358,31653,12307,21998,9992,14646,41138
5/12/2022 6 a.m. EDT,24965,18483,27566,18635,75227,70733,9952,31517,12968,22419,9698,14803,40793
5/12/2022 7 a.m. EDT,24831,20166,28235,20391,79470,73236,11070,31889,14061,23230,9617,15563,41916
5/12/2022 8 a.m. EDT,25111,21304,29538,21580,83852,76970,11672,33117,15007,23824,9789,16564,43634
5/12/2022 9 a.m. EDT,26585,21925,31141,23225,85615,80490,11524,35604,15372,24885,10121,17493,44722
5/12/2022 10 a.m. EDT,28042,22343,32733,25072,87736,84109,11151,38185,15508,25918,10203,18477,46720
5/12/2022 11 a.m. EDT,28263,22914,34315,26921,89665,88052,10712,39609,15510,27313,10164,19689,49327
5/12/2022 12 p.m. EDT,28080,23309,36170,28720,91394,92698,10660,39925,15566,28748,10246,21050,52483
5/12/2022 1 p.m. EDT,27491,23663,37991,30389,93465,97180,10602,39847,15760,30313,10258,22297,55251
5/12/2022 2 p.m. EDT,26737,24149,39657,31903,95472,101125,10754,39886,16073,31909,10450,23333,58406
5/12/2022 3 p.m. EDT,26244,24419,41267,33190,97327,104022,10979,39660,16209,33345,10734,24100,61521
5/12/2022 4 p.m. EDT,25881,24742,42402,34149,99020,106239,11296,39477,16511,34603,11219,24853,64079
5/12/2022 5 p.m. EDT,25832,25045,43132,34661,101034,108067,11999,39378,17137,35541,11845,25420,66165
5/12/2022 6 p.m. EDT,26199,25112,43413,34590,102011,109165,12867,39368,17702,35694,12531,25517,67723
5/12/2022 7 p.m. EDT,26694,24947,42763,33596,101533,108924,13535,39490,17886,35036,13234,25105,67794
5/12/2022 8 p.m. EDT,27493,24722,41673,32032,99726,106806,13744,39896,17778,33763,13999,24237,66108
5/12/2022 9 p.m. EDT,29549,24849,39885,31165,98109,103202,13820,40108,17739,32444,14238,23232,63248
5/12/2022 10 p.m. EDT,31294,24186,38099,29529,95205,99983,13123,40054,17122,31253,14226,22372,60831
5/12/2022 11 p.m. EDT,32414,22544,36473,26871,88843,94603,11999,40059,15966,29143,13877,20774,58285
5/13/2022 12 a.m. EDT,32983,20713,33848,24016,83575,87977,10898,40110,14774,26795,13420,18896,54521
5/13/2022 1 a.m. EDT,32290,19561,31278,21670,79222,81830,10149,38758,13857,24948,12538,17371,50168
5/13/2022 2 a.m. EDT,30159,18796,29412,19986,75341,77144,9690,36436,13291,24134,11709,16191,46460
5/13/2022 3 a.m. EDT,28245,18299,28078,18886,73330,73566,9705,34733,12905,23282,10809,15457,43824
5/13/2022 4 a.m. EDT,26752,18075,27058,18311,72268,70915,9694,33651,12715,22696,10141,15044,41918
5/13/2022 5 a.m. EDT,25889,18190,26370,18252,72440,69532,9894,33252,12786,22565,9730,14713,40667
5/13/2022 6 a.m. EDT,25415,19099,26143,19160,74841,69775,10231,33171,13333,23064,9479,14890,40347
5/13/2022 7 a.m. EDT,25151,20638,26610,20873,79153,71927,11234,33325,14402,23650,9397,15603,41472
5/13/2022 8 a.m. EDT,25331,21590,27755,22290,83413,74752,12014,34545,15496,24178,9574,16672,43081
5/13/2022 9 a.m. EDT,26265,22173,29097,24174,85418,78537,12188,36974,16108,25067,9863,17471,44454
5/13/2022 10 a.m. EDT,27322,22649,29922,26202,87716,82142,11940,39521,16329,26107,9986,18270,46458
5/13/2022 11 a.m. EDT,28270,23264,30916,28279,90225,85540,11773,40693,16435,27063,9998,19263,49047
5/13/2022 12 p.m. EDT,28067,23761,32002,30402,92499,89292,11651,40667,16539,28064,10231,20238,52045
5/13/2022 1 p.m. EDT,27567,24104,33260,32333,94540,92872,12024,40240,16742,28959,10290,21308,54995
5/13/2022 2 p.m. EDT,27128,24711,34460,33883,96455,96261,12008,39705,17157,30083,10637,22236,57883
5/13/2022 3 p.m. EDT,26783,25039,35716,35028,98276,99424,12042,39103,17517,31077,11217,23012,60793
5/13/2022 4 p.m. EDT,27186,25513,36773,35735,99421,101479,12371,38748,17876,31824,12052,23371,62513
5/13/2022 5 p.m. EDT,27963,25969,37671,36071,100615,102587,13250,38237,18136,32381,13029,23442,64241
5/13/2022 6 p.m. EDT,28976,26147,38533,35783,101093,102532,14129,38246,18468,32550,14034,23140,65189
5/13/2022 7 p.m. EDT,30016,25841,38691,34663,100060,101157,14611,38699,18529,32178,14989,22315,64990
5/13/2022 8 p.m. EDT,32307,25067,38064,32711,97821,97749,14666,39384,18348,30694,15902,21347,63645
5/13/2022 9 p.m. EDT,33877,24741,36514,31421,95596,93958,14580,39712,18002,29467,16101,20377,61120
5/13/2022 10 p.m. EDT,35047,24084,34940,29707,92868,90711,13985,39705,17380,28586,15928,19796,58992
5/13/2022 11 p.m. EDT,35259,22500,33658,27476,88236,86726,12957,39526,16374,26927,15237,18712,56697
5/14/2022 12 a.m. EDT,35168,20778,31711,24949,83574,81034,11910,39435,15270,24928,14464,17394,53620
5/14/2022 1 a.m. EDT,34081,19322,29616,22618,79070,75156,11387,38050,14374,23019,13460,16037,50143
5/14/2022 2 a.m. EDT,31973,18359,27912,20738,75697,70848,10845,36056,13709,22016,12579,14966,47025
5/14/2022 3 a.m. EDT,29764,17713,26744,19514,72909,67506,10690,34194,13276,21294,11540,14143,44379
5/14/2022 4 a.m. EDT,28163,17321,25915,18769,71730,65360,10502,32896,13009,20663,10779,13562,42363
5/14/2022 5 a.m. EDT,26790,17306,25310,18403,70981,64228,10518,32070,12940,20758,10192,13518,40615
5/14/2022 6 a.m. EDT,25796,17502,25005,18561,71362,63953,10581,31644,13000,20873,9833,13497,39619
5/14/2022 7 a.m. EDT,25154,17888,24993,18978,72369,64164,10697,31589,13253,21116,9628,13665,39381
5/14/2022 8 a.m. EDT,24961,18644,25146,20206,74903,65108,10722,31945,13859,21319,9588,13810,39619
5/14/2022 9 a.m. EDT,25172,20126,25986,23045,78956,68217,10907,32632,14498,22426,9546,14784,40751
5/14/2022 10 a.m. EDT,25146,21380,27621,26213,81779,72245,11020,33748,15028,23770,9371,16080,43633
5/14/2022 11 a.m. EDT,25445,22476,29506,29074,83310,76354,11203,35358,15395,25509,9511,17257,47434
5/14/2022 12 p.m. EDT,25723,23492,31439,31729,85956,80306,11532,36386,15864,27150,10080,18394,50765
5/14/2022 1 p.m. EDT,26084,24331,33234,34253,88124,83888,11881,36938,16288,28904,10575,19596,54062
5/14/2022 2 p.m. EDT,26263,24973,35009,36345,89759,86804,12343,36978,16540,30442,11349,20563,57281
5/14/2022 3 p.m. EDT,26588,25643,36587,37697,90877,89413,12926,36882,16716,31692,12341,21420,60025
5/14/2022 4 p.m. EDT,26792,26352,37846,38488,91920,90953,13560,36700,17043,32830,13497,22190,62741
5/14/2022 5 p.m. EDT,28024,27003,38828,38646,92743,92146,14309,36623,17202,33708,14727,22826,64684
5/14/2022 6 p.m. EDT,29459,27264,39477,38176,93150,92696,14770,37030,17340,33924,15966,23098,65921
5/14/2022 7 p.m. EDT,31396,27030,39498,37014,91943,92246,14830,37824,17304,33338,16930,22815,65970
5/14/2022 8 p.m. EDT,33644,26141,38660,34899,89870,90653,14782,38443,17146,31926,17751,22041,64564
5/14/2022 9 p.m. EDT,35849,25490,37021,33212,88262,87477,14751,38709,17119,30535,17990,20915,61789
5/14/2022 10 p.m. EDT,37412,24572,35393,31390,86061,84848,14156,38654,16676,29510,17572,20243,59345
5/14/2022 11 p.m. EDT,37367,22937,33946,29068,82060,81321,13183,38322,15863,27671,16435,19063,57027
5/15/2022 12 a.m. EDT,36599,21132,32005,26568,77552,76548,12160,37933,14900,25514,15213,17667,53802
5/15/2022 1 a.m. EDT,35314,19511,29973,24154,73449,71618,11385,36821,14094,23623,14004,16257,50538
5/15/2022 2 a.m. EDT,33037,18465,28083,22502,71687,67995,11125,34826,13485,22361,12955,15157,47485
5/15/2022 3 a.m. EDT,30504,17794,26822,21208,70512,64893,10738,32883,13056,21793,11869,14488,44787
5/15/2022 4 a.m. EDT,28558,17379,25804,20372,69166,63063,10481,31378,12797,21380,11023,13932,42522
5/15/2022 5 a.m. EDT,26916,17199,25189,19799,68643,61841,10375,30567,12647,21001,10316,13541,40908
5/15/2022 6 a.m. EDT,25765,17308,24870,19661,68807,61195,10427,29950,12655,20575,9847,13463,39745
5/15/2022 7 a.m. EDT,25008,17252,24721,19827,68704,61359,10538,29682,12739,20749,9556,13456,39289
5/15/2022 8 a.m. EDT,24507,18137,24570,20719,70299,61355,10516,29897,13170,21061,9414,13535,38779
5/15/2022 9 a.m. EDT,24385,19778,25128,23441,74017,64145,10941,30311,13816,22558,9310,14522,39260
5/15/2022 10 a.m. EDT,23719,21554,26585,26877,76076,68180,11243,31053,14386,24073,9264,15600,42326
5/15/2022 11 a.m. EDT,23763,23268,28192,30198,77750,72324,11450,32279,14781,26003,9528,16804,46235
5/15/2022 12 p.m. EDT,24292,24911,29782,33260,81047,76196,11622,33832,15189,27864,10079,18088,50146
5/15/2022 1 p.m. EDT,24566,26665,31229,35948,84180,79645,11797,35064,15529,29837,10898,19517,54387
5/15/2022 2 p.m. EDT,24823,27803,32410,37555,86895,82755,11913,35826,15941,31501,11994,20866,58521
5/15/2022 3 p.m. EDT,25715,28705,33411,38141,89314,84934,12119,36262,16247,32915,13324,22008,62085
5/15/2022 4 p.m. EDT,26539,29367,34322,38483,91973,86348,12623,36918,16663,34004,14730,22817,64576
5/15/2022 5 p.m. EDT,27255,29745,34878,38594,94408,87243,13428,37580,17143,34281,16067,23635,66616
5/15/2022 6 p.m. EDT,28185,29887,35414,37770,96474,87455,14411,38274,17642,34103,17302,23775,68100
5/15/2022 7 p.m. EDT,29392,29444,35604,36724,96226,87473,14953,39151,17867,33408,18297,23431,68570
5/15/2022 8 p.m. EDT,31539,28362,35102,34899,94331,86083,14922,40145,17745,32260,19109,22246,67612
5/15/2022 9 p.m. EDT,33613,27935,33943,33733,93020,83854,14746,40830,17634,31239,19192,21050,65071
5/15/2022 10 p.m. EDT,34658,26777,32729,31951,90654,82296,13936,40566,17075,30091,18606,20433,62549
5/15/2022 11 p.m. EDT,34883,24677,31682,29289,85448,79099,12750,40081,15987,27918,17432,19177,60332
5/16/2022 12 a.m. EDT,34715,22425,29782,26227,79766,73882,11598,39696,14884,25494,16393,17525,55962
5/16/2022 1 a.m. EDT,33314,20648,27774,23625,76326,69081,11082,37970,14053,23371,15135,16210,51048
5/16/2022 2 a.m. EDT,30951,19469,26170,21788,74414,65916,10605,35285,13518,22602,13879,15069,46929
5/16/2022 3 a.m. EDT,28570,18808,25204,20578,72710,63494,10305,33011,13194,21583,12580,14454,44059
5/16/2022 4 a.m. EDT,26925,18544,24581,19849,71579,62366,10192,31495,12998,21056,11658,13978,42153
5/16/2022 5 a.m. EDT,25735,18704,24228,19684,72158,62237,10403,30520,13092,21042,11023,13872,41169
5/16/2022 6 a.m. EDT,25082,19749,24347,20515,74451,63657,11050,30035,13713,21723,10549,14115,40980
5/16/2022 7 a.m. EDT,24721,21437,25057,22103,79465,66890,11914,30187,14878,22891,10266,15007,41905
5/16/2022 8 a.m. EDT,24944,22651,26304,23343,82856,70675,12523,31202,16039,24319,10308,16082,44015
5/16/2022 9 a.m. EDT,26117,23733,27713,25279,85401,74174,12557,33260,16720,25137,10536,16795,44880
5/16/2022 10 a.m. EDT,27360,25196,28810,27654,86924,76225,12329,35760,17192,26785,10795,17552,46926
5/16/2022 11 a.m. EDT,28460,26977,29994,30231,88751,78388,12350,37624,17599,28660,11246,18375,49907
5/16/2022 12 p.m. EDT,28674,28856,31183,32853,90960,80919,12726,38628,17961,30701,12087,19306,52991
5/16/2022 1 p.m. EDT,28593,30384,32463,35360,92491,83371,13382,39456,18278,32700,12716,20097,56439
5/16/2022 2 p.m. EDT,28427,31867,33768,37691,93487,85436,13907,40171,18362,34690,13662,20813,59911
5/16/2022 3 p.m. EDT,28339,32710,35105,39193,94556,87515,14097,40887,18146,36467,14717,21343,63299
5/16/2022 4 p.m. EDT,28791,33140,36249,39598,95493,89053,14315,41601,18309,37636,15917,21850,66354
5/16/2022 5 p.m. EDT,29163,33098,37261,39718,96718,90293,15010,42002,18531,38320,17036,22198,68650
5/16/2022 6 p.m. EDT,30061,32971,38049,39917,97748,91322,15631,42480,18451,38585,17927,22497,70188
5/16/2022 7 p.m. EDT,31039,32378,38275,39265,96677,91592,15660,42641,18163,37867,18571,22253,70282
5/16/2022 8 p.m. EDT,32469,31274,37792,37475,94072,90645,15310,42987,17857,36461,19178,21575,68722
5/16/2022 9 p.m. EDT,34123,29928,36550,35876,91842,88190,14975,43117,17526,34701,19181,20491,65928
5/16/2022 10 p.m. EDT,35284,28340,35073,33691,88997,86333,14035,42725,16798,33385,18856,19778,63412
5/16/2022 11 p.m. EDT,35455,25663,33738,30424,82871,82873,12768,42307,15697,31035,17830,18459,60751
5/17/2022 12 a.m. EDT,35596,23062,31340,27087,78404,77115,11648,41532,14507,28214,16822,16825,56375
5/17/2022 1 a.m. EDT,34307,21035,28918,24244,74989,71577,11107,39631,13582,25626,15428,15307,52025
5/17/2022 2 a.m. EDT,31857,19717,27213,22322,72119,68087,10556,36836,12941,24397,14074,14386,48220
5/17/2022 3 a.m. EDT,29385,18816,26247,20975,70065,65615,10124,34506,12567,23572,12718,13604,45331
5/17/2022 4 a.m. EDT,28021,18311,25431,20226,69254,64218,9940,32984,12408,22872,11736,13371,43285
5/17/2022 5 a.m. EDT,27011,18399,25095,19990,69924,63524,10066,32184,12528,22490,11063,13256,42378
5/17/2022 6 a.m. EDT,26245,19229,25144,20718,72545,64400,10562,31991,13115,22833,10636,13502,42318
5/17/2022 7 a.m. EDT,25851,20504,25948,22425,77171,67054,11287,32160,14228,23602,10376,14391,43668
5/17/2022 8 a.m. EDT,26154,21681,27227,23898,81044,71052,11684,33076,15152,24302,10455,15259,45481
5/17/2022 9 a.m. EDT,27175,22615,28522,26170,83122,74277,11263,35258,15542,25259,10699,15911,46471
5/17/2022 10 a.m. EDT,28459,23441,29701,28936,83025,76231,10759,37760,15661,26671,11000,16607,48410
5/17/2022 11 a.m. EDT,29894,24362,30770,31762,83387,78541,10716,39405,15708,28184,11386,17525,51486
5/17/2022 12 p.m. EDT,30178,25186,32104,34715,84563,81036,11121,39919,15941,29836,12000,18383,54390
5/17/2022 1 p.m. EDT,29961,26284,33578,37264,86615,83453,11823,40258,16195,31468,12639,19248,58059
5/17/2022 2 p.m. EDT,26846,27633,34911,39614,88375,85612,11974,40544,16334,33213,13455,20144,61462
5/17/2022 3 p.m. EDT,27900,28838,36299,41312,89677,87861,11821,40908,16333,34712,14333,21050,64611
5/17/2022 4 p.m. EDT,27373,30114,37372,42340,91152,89378,11987,41480,16454,36084,15318,21833,67213
5/17/2022 5 p.m. EDT,27958,31223,38292,42860,92598,90591,12440,41818,16697,37300,16281,22611,69504
5/17/2022 6 p.m. EDT,28735,31690,39005,42867,93697,91304,13095,41952,17098,37666,17213,23041,70816
5/17/2022 7 p.m. EDT,29916,31378,38951,41622,93369,91272,13565,42215,17183,37009,17935,22914,70510
5/17/2022 8 p.m. EDT,31560,30250,38483,39568,91612,89886,13637,42618,17002,35683,18559,22128,68676
5/17/2022 9 p.m. EDT,33042,28776,37433,37796,90215,87628,13571,42872,16865,33797,18624,21123,65830
5/17/2022 10 p.m. EDT,34747,27029,36382,35366,88034,86509,12801,42628,16396,32449,18322,20486,63563
5/17/2022 11 p.m. EDT,35377,24337,35242,32123,82155,83115,11663,41958,15275,29754,17450,18981,61148
5/18/2022 12 a.m. EDT,35582,21902,33223,28908,77568,77603,10606,41355,14155,26900,16646,17229,57052
5/18/2022 1 a.m. EDT,34380,19979,30641,26156,74506,72271,9884,39462,13290,24838,15407,15811,52768
5/18/2022 2 a.m. EDT,32548,18903,28657,24134,71842,68673,9439,36651,12807,24317,14182,14651,49261
5/18/2022 3 a.m. EDT,30094,18293,27434,22793,70433,66207,9486,34300,12487,23380,12826,13988,46942
5/18/2022 4 a.m. EDT,28312,17918,26684,21915,69692,64834,9424,32905,12312,22869,11885,13669,45092
5/18/2022 5 a.m. EDT,26969,18079,26154,21507,69826,64368,9657,31953,12430,22562,11219,13543,43967
5/18/2022 6 a.m. EDT,26200,18983,26024,22194,72733,65110,10038,31641,13016,22906,10752,13658,43681
5/18/2022 7 a.m. EDT,25602,20505,26775,23740,77120,68314,10951,31768,14083,24172,10463,14549,44784
5/18/2022 8 a.m. EDT,25951,21655,27939,25075,79472,72347,11255,32684,14808,24751,10509,15340,46356
5/18/2022 9 a.m. EDT,27109,22651,29018,25894,80754,75528,10687,34923,14975,25370,10742,15902,47273
5/18/2022 10 a.m. EDT,28581,23898,30357,27234,80891,77503,10033,37531,14891,26730,10981,16652,49339
5/18/2022 11 a.m. EDT,29435,25149,31847,33550,81914,79296,9962,39396,14816,28409,11399,17433,51777
5/18/2022 12 p.m. EDT,30065,26651,33532,36813,82881,81372,9910,40317,14837,30382,12134,18468,54506
5/18/2022 1 p.m. EDT,29577,28125,35142,39600,83755,83299,9925,40614,14896,32551,12765,19630,57470
5/18/2022 2 p.m. EDT,28854,29622,36756,41531,84709,85292,9905,40855,15185,34698,13586,20812,60808
5/18/2022 3 p.m. EDT,28709,30994,38476,42895,85807,87306,10092,41227,15488,36640,14566,21746,63708
5/18/2022 4 p.m. EDT,29348,32445,39998,43998,87044,88715,10580,41606,15934,38188,15515,22783,66077
5/18/2022 5 p.m. EDT,30045,33368,41294,44386,88273,89682,11457,41957,16482,39290,16512,23518,68237
5/18/2022 6 p.m. EDT,31998,33639,42038,44266,88984,90514,12612,42638,16813,39669,17389,23962,69936
5/18/2022 7 p.m. EDT,33624,33073,42094,43002,88563,90923,13160,43176,16811,39123,17909,24087,70261
5/18/2022 8 p.m. EDT,35721,31844,41338,40599,87706,90222,13306,44035,16666,37723,18489,23600,68732
5/18/2022 9 p.m. EDT,37292,30524,39829,38777,87798,88345,13370,44268,16647,35977,18471,22777,65994
5/18/2022 10 p.m. EDT,38399,28910,38046,36458,85788,86891,12643,43865,16096,34611,18124,22326,63533
5/18/2022 11 p.m. EDT,38428,26523,36491,33356,80759,83498,11535,43116,15092,32071,17348,20783,61226
5/19/2022 12 a.m. EDT,38297,23992,33900,29896,77761,78207,10528,42758,14057,29392,16608,19081,57197
5/19/2022 1 a.m. EDT,36828,22009,31375,27110,75110,73367,10141,41031,13309,27100,15481,17651,52995
5/19/2022 2 a.m. EDT,34123,20857,29312,25012,72503,69688,9746,38365,12771,26098,14269,16507,49624
5/19/2022 3 a.m. EDT,31487,20102,28064,23540,71127,67141,9542,36056,12507,25319,12960,15815,46919
5/19/2022 4 a.m. EDT,29345,19648,27086,22547,70560,65937,9489,34498,12389,24656,11961,15342,45138
5/19/2022 5 a.m. EDT,28184,19788,26533,22224,71046,65376,9714,33652,12471,24473,11234,15168,44128
5/19/2022 6 a.m. EDT,27286,20772,26275,22855,74008,66450,10306,33167,13129,25001,10742,15350,43733
5/19/2022 7 a.m. EDT,26725,22560,26800,24285,78095,69358,11230,33287,14319,25657,10427,16206,44934
5/19/2022 8 a.m. EDT,26711,23934,28249,25679,81004,73238,12200,34470,15497,26335,10446,17247,46617
5/19/2022 9 a.m. EDT,27587,25219,29637,28018,83051,76617,12670,36684,16226,27897,10683,18094,47307
5/19/2022 10 a.m. EDT,29250,26919,30823,30732,84948,79176,12960,39177,16654,29934,10927,19545,49266
5/19/2022 11 a.m. EDT,30773,29007,32226,34186,86892,81933,13118,40901,16835,32316,11322,20993,52296
5/19/2022 12 p.m. EDT,31654,31226,34002,37414,88888,84968,13199,41266,16817,34757,11782,22641,55456
5/19/2022 1 p.m. EDT,31539,33361,35760,39672,91047,87890,13206,41822,16865,36880,12354,23851,58596
5/19/2022 2 p.m. EDT,31388,35168,37349,42034,93254,90455,13117,41865,16692,39058,13138,24914,61702
5/19/2022 3 p.m. EDT,31300,36479,39229,43550,95580,92823,12934,42094,16441,40581,14102,25718,64811
5/19/2022 4 p.m. EDT,31104,37436,40572,44476,97151,94274,12898,42372,16218,41545,15033,26353,67641
5/19/2022 5 p.m. EDT,31783,38062,41426,44903,99603,95282,13059,42577,16102,42160,16087,26704,69795
5/19/2022 6 p.m. EDT,32826,38095,42047,44483,101567,95810,13352,42642,16401,41933,16927,26788,71183
5/19/2022 7 p.m. EDT,33449,37419,41952,43160,101672,95082,13346,42836,16549,40936,17504,26255,70999
5/19/2022 8 p.m. EDT,34300,36155,40971,41113,100156,93331,13280,43211,16540,39439,18002,25265,68855
5/19/2022 9 p.m. EDT,35745,34852,39515,39538,98612,91100,13191,43370,16532,37804,17836,24152,65949
5/19/2022 10 p.m. EDT,36317,32962,38252,36934,96098,89668,12492,42900,16067,36418,17386,23594,63748
5/19/2022 11 p.m. EDT,36536,30168,37123,34107,90144,86685,11484,42173,15063,34078,16707,22235,61638
5/20/2022 12 a.m. EDT,36295,27287,34920,30841,85421,81283,10784,41624,14001,31145,16101,20483,58103
5/20/2022 1 a.m. EDT,35058,24937,32578,28069,81157,76285,10160,40078,13189,28498,14986,18823,54196
5/20/2022 2 a.m. EDT,32718,23304,30811,25956,77432,72831,9734,37671,12720,27128,13803,17599,50512
5/20/2022 3 a.m. EDT,30217,22344,29503,24377,75323,70132,9521,35539,12416,26217,12568,16785,48187
5/20/2022 4 a.m. EDT,28688,21632,28528,23180,74035,68627,9462,34416,12242,25656,11614,16241,46573
5/20/2022 5 a.m. EDT,27445,21567,27928,22771,74295,67701,9693,33644,12417,25345,10900,15982,45588
5/20/2022 6 a.m. EDT,26595,22141,27866,23362,77081,68443,10117,33306,12994,25444,10396,16142,45507
5/20/2022 7 a.m. EDT,26234,23473,28365,24801,81562,71520,11034,33672,14062,26586,10158,16726,46580
5/20/2022 8 a.m. EDT,26172,24929,29448,25987,85753,75389,11729,34900,15012,27287,10177,17936,48519
5/20/2022 9 a.m. EDT,27073,26651,30638,27972,87243,79555,11905,37088,15525,28415,10387,19007,49760
5/20/2022 10 a.m. EDT,28522,28847,31775,29936,90410,83042,11746,39390,15761,30261,10608,20104,51591
5/20/2022 11 a.m. EDT,29719,31262,32703,31923,94338,86150,11047,40807,15947,32503,10940,21282,54367
5/20/2022 12 p.m. EDT,30222,33421,33731,33745,98218,89314,10582,41072,16217,34552,11510,22631,57617
5/20/2022 1 p.m. EDT,29967,35299,34431,35207,101747,91968,10380,40809,16547,36510,11867,23704,60741
5/20/2022 2 p.m. EDT,29535,36743,34920,36563,105107,94724,10532,40231,16476,38118,12474,24619,63787
5/20/2022 3 p.m. EDT,29018,37751,35635,37450,107594,96877,10741,39792,16420,39209,13143,25379,66618
5/20/2022 4 p.m. EDT,29029,38283,36177,37862,109920,97987,11184,39357,16722,39991,13967,26190,68288
5/20/2022 5 p.m. EDT,29091,38630,36482,37389,112158,98735,11824,38975,17267,40403,14861,26399,69348
5/20/2022 6 p.m. EDT,29122,38327,36733,36515,113154,98919,12645,38693,17561,40065,15656,26578,69787
5/20/2022 7 p.m. EDT,29429,37675,36249,34815,111561,97900,13105,38713,17593,38779,16314,26123,69562
5/20/2022 8 p.m. EDT,30543,36141,35223,33047,108488,95943,13254,38928,17377,37080,16747,25008,67502
5/20/2022 9 p.m. EDT,31076,34222,33984,31821,105651,92939,13321,39003,17229,35350,16577,23775,64780
5/20/2022 10 p.m. EDT,31925,32768,33077,30233,102535,91081,12788,38775,16828,34192,16095,22907,62606
5/20/2022 11 p.m. EDT,32516,30371,32453,28280,97371,88058,12111,38380,15979,32061,15349,21532,60709
5/21/2022 12 a.m. EDT,33037,27754,31038,26328,92290,83060,11231,38248,15032,30084,14791,20072,57910
5/21/2022 1 a.m. EDT,32447,25163,29224,24465,87702,77867,11013,37566,14225,27952,13918,18512,55104
5/21/2022 2 a.m. EDT,30813,23910,27720,23160,83408,73716,10592,35674,13608,26708,13123,17258,51913
5/21/2022 3 a.m. EDT,28894,22743,26609,22264,80217,70780,10612,33913,13253,25546,12144,16528,49385
5/21/2022 4 a.m. EDT,27371,21684,25751,21666,78127,68526,10517,32632,13017,25325,11355,15832,47422
5/21/2022 5 a.m. EDT,26350,21621,25273,21399,76996,67076,10573,31941,12989,24842,10743,15406,46108
5/21/2022 6 a.m. EDT,25828,21541,24985,21505,76874,66964,10514,31670,13128,24768,10322,15283,45371
5/21/2022 7 a.m. EDT,25000,21615,25112,21962,77625,67485,10918,31769,13494,24585,10028,15393,45255
5/21/2022 8 a.m. EDT,25151,22436,25382,23037,81168,68498,11547,32391,14259,24154,9860,15839,45516
5/21/2022 9 a.m. EDT,25079,24110,26012,25781,85620,71283,11902,33309,15058,25800,9762,17089,46927
5/21/2022 10 a.m. EDT,25593,26272,26902,28997,89155,74835,12076,34436,15569,27996,9711,18609,49346
5/21/2022 11 a.m. EDT,26189,28301,27639,31961,95187,77922,11502,35660,16198,30270,10008,20137,52256
5/21/2022 12 p.m. EDT,26097,30176,28247,34407,100884,79929,10964,36413,17079,32419,10725,21627,55669
5/21/2022 1 p.m. EDT,25983,31772,28496,36564,105185,81924,10760,36352,17980,34280,11154,22780,58946
5/21/2022 2 p.m. EDT,25748,33079,28599,38496,108485,83011,11276,35999,18795,35771,11733,23882,61943
5/21/2022 3 p.m. EDT,25612,33521,28604,39843,111339,83190,12146,35654,19393,36531,12369,24619,64332
5/21/2022 4 p.m. EDT,25275,33532,28537,40726,112615,82947,13268,35305,19910,36977,13024,25079,66024
5/21/2022 5 p.m. EDT,25507,33089,28531,40753,113291,82404,14499,35090,20644,36720,13748,25058,66891
5/21/2022 6 p.m. EDT,25988,32252,28564,39737,113342,81402,15544,35133,21190,36336,14544,24847,66813
5/21/2022 7 p.m. EDT,27066,30838,28656,37950,111564,80607,16033,35545,21247,35473,15298,24260,65245
5/21/2022 8 p.m. EDT,28463,29441,28460,35465,107950,79093,15873,36177,20822,34238,15941,23290,62114
5/21/2022 9 p.m. EDT,29545,28636,28070,34026,104626,77687,15620,36808,20421,33066,16016,21914,59039
5/21/2022 10 p.m. EDT,30678,27689,27776,32226,100912,76928,14899,37085,19744,32011,15740,20952,57097
5/21/2022 11 p.m. EDT,31685,25967,27551,30079,95560,74962,13826,36954,18712,30222,15093,19600,55092
5/22/2022 12 a.m. EDT,32006,24096,26558,27789,90685,71368,12958,36723,17619,28275,14461,18167,52267
5/22/2022 1 a.m. EDT,31272,22430,25308,25636,85948,68071,12073,35974,16567,26281,13580,16776,48934
5/22/2022 2 a.m. EDT,29754,21196,24164,23962,82003,66077,11728,34436,15686,25380,12791,15641,45849
5/22/2022 3 a.m. EDT,27998,20304,23498,22773,79261,64056,11586,32729,15057,24177,11848,14900,43174
5/22/2022 4 a.m. EDT,26788,19863,23098,22119,77298,63039,11274,31515,14587,23583,11100,14410,41023
5/22/2022 5 a.m. EDT,25906,19536,22878,21794,75815,61549,11132,30852,14309,23113,10464,14091,39249
5/22/2022 6 a.m. EDT,25248,19410,22806,21849,75498,61316,11062,30505,14159,22818,10045,13903,37618
5/22/2022 7 a.m. EDT,24651,19612,22956,22148,75419,61006,11190,30610,14244,22645,9730,13891,37086
5/22/2022 8 a.m. EDT,24490,20566,23131,23138,77827,61512,11519,31046,14845,22740,9548,14115,36895
5/22/2022 9 a.m. EDT,24188,22236,23573,26047,82251,63618,11328,31602,15820,24096,9399,14988,37397
5/22/2022 10 a.m. EDT,24239,23989,24352,29624,85503,66068,11926,32559,16983,26084,9435,16374,38705
5/22/2022 11 a.m. EDT,24511,25766,25075,33057,89344,68149,12828,33863,18075,28465,9713,17248,40378
5/22/2022 12 p.m. EDT,24227,27481,25540,35998,92270,69173,13755,34779,18953,30416,10063,18309,41630
5/22/2022 1 p.m. EDT,23977,29158,25851,38326,95628,69955,14593,35090,19443,32388,10534,19109,42869
5/22/2022 2 p.m. EDT,23676,30508,25994,40216,98661,70757,14982,35151,19871,33916,11207,19797,44344
5/22/2022 3 p.m. EDT,23448,31424,26107,41750,100941,70997,15460,35149,20287,34887,11932,20207,45931
5/22/2022 4 p.m. EDT,23458,32365,26145,42822,102895,71233,16280,35205,20693,35527,12629,20270,47591
5/22/2022 5 p.m. EDT,24057,33015,26368,43486,103995,71733,17363,35372,20997,35780,13373,20377,49125
5/22/2022 6 p.m. EDT,25352,33202,26710,43500,103977,72553,18286,35774,21189,35700,14135,20135,50530
5/22/2022 7 p.m. EDT,26637,32390,27127,42309,101832,73276,18556,36680,20785,34708,14905,19788,51259
5/22/2022 8 p.m. EDT,28866,31097,27244,40103,98679,73359,18268,37498,20205,33408,15683,19098,51058
5/22/2022 9 p.m. EDT,30889,30050,27091,38517,96135,73109,17778,38152,19860,32486,15857,18740,49853
5/22/2022 10 p.m. EDT,32468,28754,27088,36460,93345,73396,16582,38269,19300,31495,15768,18457,49076
5/22/2022 11 p.m. EDT,32814,26461,27154,33496,87867,71974,14987,38286,18061,29503,15234,17633,48088
5/23/2022 12 a.m. EDT,33110,24233,26008,30311,82930,68430,13569,38111,16773,27370,14635,16419,45542
5/23/2022 1 a.m. EDT,32426,22437,24658,27625,79192,64597,12501,36882,15728,25297,13642,15353,42291
5/23/2022 2 a.m. EDT,30517,21107,23688,25626,75855,62874,11798,34558,14946,24779,12643,14539,39587
5/23/2022 3 a.m. EDT,28346,20341,23169,24335,73578,61863,11577,32610,14321,24157,11542,14084,37714
5/23/2022 4 a.m. EDT,26631,19966,22925,23521,72409,61523,11223,31318,13978,23645,10751,13832,36553
5/23/2022 5 a.m. EDT,26028,19994,22934,23349,72641,61757,11182,30658,13909,23656,10203,13773,36292
5/23/2022 6 a.m. EDT,25342,21004,23285,24154,74955,63222,11551,30420,14316,23931,9809,14269,36483
5/23/2022 7 a.m. EDT,24777,22446,24161,25630,78747,66585,11945,30598,15218,25046,9653,15167,38133
5/23/2022 8 a.m. EDT,25051,23756,25551,27016,81653,70158,12327,31657,15945,25880,9775,15915,40211
5/23/2022 9 a.m. EDT,26194,24928,26749,29217,83655,73024,12098,33567,16255,26630,10070,16715,41357
5/23/2022 10 a.m. EDT,27990,26195,27484,31913,84362,74121,11659,35875,16253,27343,10233,17148,42349
5/23/2022 11 a.m. EDT,29469,27662,27949,34713,85691,75228,11296,37579,16217,28323,10543,17626,43584
5/23/2022 12 p.m. EDT,30896,28831,28410,37348,86513,76230,11496,38069,16265,29286,11146,17853,45170
5/23/2022 1 p.m. EDT,30920,29779,28591,39691,87397,76828,11491,38206,16388,30302,11630,18072,47284
5/23/2022 2 p.m. EDT,30509,30173,28771,41594,88243,77381,11462,38441,16553,31020,12256,18078,49437
5/23/2022 3 p.m. EDT,30361,30475,28828,42858,88847,77847,11566,38385,16822,31567,12911,18180,51792
5/23/2022 4 p.m. EDT,30189,30643,28828,43903,88991,78139,12131,38496,17218,31972,13767,18080,53761
5/23/2022 5 p.m. EDT,30820,30542,28952,44565,89825,78141,13085,38552,17744,32216,14651,18241,55568
5/23/2022 6 p.m. EDT,31535,30184,29007,44561,89969,77936,13887,38869,18091,32045,15426,18346,56306
5/23/2022 7 p.m. EDT,33022,29653,28914,43500,88810,78037,14244,39339,17911,31493,15889,18287,56075
5/23/2022 8 p.m. EDT,34452,28740,28696,41192,87588,77711,14221,40197,17676,30793,16435,18054,54750
5/23/2022 9 p.m. EDT,35889,28012,28335,39354,87160,77302,14162,40714,17567,30245,16429,17928,52924
5/23/2022 10 p.m. EDT,36865,26957,28306,36963,85314,77544,13390,40695,17047,29750,16187,17998,52130
5/23/2022 11 p.m. EDT,37210,24742,27821,33732,81139,75667,12169,40239,15910,27970,15727,17299,50667
5/24/2022 12 a.m. EDT,37089,22612,26530,30371,77027,71748,11018,39693,14762,25934,15238,16209,47649
5/24/2022 1 a.m. EDT,35806,21100,25179,27639,73548,68028,10271,38157,13918,24453,14280,14971,44124
5/24/2022 2 a.m. EDT,33210,20046,24281,25592,71087,65381,10065,35649,13390,23520,13293,14367,41509
5/24/2022 3 a.m. EDT,30702,19523,23772,24200,69566,63907,9796,33515,13062,23010,12184,13875,39738
5/24/2022 4 a.m. EDT,28847,19263,23498,23316,68886,62950,9655,32183,12892,22497,11369,13592,38488
5/24/2022 5 a.m. EDT,27498,19335,23402,23046,69746,62781,9540,31381,13001,22475,10755,13614,38194
5/24/2022 6 a.m. EDT,26773,20340,23617,23823,72885,63928,10120,30999,13559,22724,10327,13935,38174
5/24/2022 7 a.m. EDT,26200,22104,24463,25394,77043,66419,11030,31162,14590,23663,10102,14812,39659
5/24/2022 8 a.m. EDT,26513,23139,25839,26793,79946,70395,11527,32325,15527,24665,10136,15674,41603
5/24/2022 9 a.m. EDT,27192,23990,26972,29010,82239,73468,11297,34489,15899,25691,10317,16341,42534
5/24/2022 10 a.m. EDT,28679,24616,27729,31543,82927,75004,10696,36863,15887,26970,10490,16817,43562
5/24/2022 11 a.m. EDT,29763,26107,28254,34267,83981,76278,10348,38326,15830,28405,10812,17390,44771
5/24/2022 12 p.m. EDT,30126,27310,28854,36820,84694,77672,10130,38677,15883,29998,11388,17928,46304
5/24/2022 1 p.m. EDT,30570,28280,29044,39079,84882,78771,10294,38599,15908,31643,11825,18565,46847
5/24/2022 2 p.m. EDT,30760,29242,29170,40978,85080,79558,10463,38707,16010,33282,12557,19073,47524
5/24/2022 3 p.m. EDT,31063,29792,29337,42318,85308,80485,10691,38844,16224,34652,13242,19698,48952
5/24/2022 4 p.m. EDT,32041,30313,29243,43279,85653,80978,11203,39133,16503,35598,14112,20231,50145
5/24/2022 5 p.m. EDT,33470,30539,29020,43725,86238,80968,11956,39215,16821,36384,14926,20748,51300
5/24/2022 6 p.m. EDT,35412,30611,28730,43468,86810,81052,12702,39471,17097,36347,15639,20891,52979
5/24/2022 7 p.m. EDT,37426,30078,28539,42373,86606,80982,13263,40015,17064,35567,16154,20565,53412
5/24/2022 8 p.m. EDT,39134,29086,28311,40100,85772,80687,13389,40756,16926,34423,16819,20242,52307
5/24/2022 9 p.m. EDT,40446,28199,28102,38208,85729,79955,13381,41350,16822,33292,16905,19919,50790
5/24/2022 10 p.m. EDT,41323,27167,28021,36161,84385,79834,12724,41638,16356,32109,16754,19595,50187
5/24/2022 11 p.m. EDT,41027,24940,27595,33059,79588,77511,11589,41096,15297,30115,16141,18802,49044
5/25/2022 12 a.m. EDT,40136,22697,26419,29727,76021,73359,10700,40643,14224,27720,15535,17483,45847
5/25/2022 1 a.m. EDT,38591,20985,25099,27102,73278,69792,10178,38978,13380,25519,14575,16147,42471
5/25/2022 2 a.m. EDT,35614,19869,24157,25145,71094,67467,9754,36435,12865,24795,14388,15377,39362
5/25/2022 3 a.m. EDT,32577,19281,23583,23747,69462,65828,9513,34307,12544,24136,13190,14800,37461
5/25/2022 4 a.m. EDT,30494,18937,23345,22857,68954,64694,9449,32771,12426,23517,11362,14458,36146
5/25/2022 5 a.m. EDT,28977,18853,23300,22574,69871,64175,9705,31978,12550,23599,10788,14388,34952
5/25/2022 6 a.m. EDT,27799,19606,23576,23236,72427,64939,10258,31631,13096,24065,10349,14633,34672
5/25/2022 7 a.m. EDT,27185,21000,24245,24701,76912,67530,10922,31834,14158,24726,10098,15337,36008
5/25/2022 8 a.m. EDT,27190,21947,25683,26139,79825,71712,11330,32739,15083,25353,10137,16232,38167
5/25/2022 9 a.m. EDT,27957,22443,26952,28528,81527,75037,10971,34705,15472,26245,10327,17057,39210
5/25/2022 10 a.m. EDT,29293,23068,27707,31212,82356,76967,10450,36810,15602,27023,10428,17841,40265
5/25/2022 11 a.m. EDT,30892,23441,28206,33895,83465,79035,10413,38427,15704,27879,10744,18799,41402
5/25/2022 12 p.m. EDT,32318,23847,28581,36409,84691,80571,10434,39121,15826,28755,11402,19631,42613
5/25/2022 1 p.m. EDT,33395,24131,28795,38419,86092,81942,10511,39246,15964,29556,11934,20478,43838
5/25/2022 2 p.m. EDT,34287,24788,28997,40157,87818,83206,10798,39498,16158,30479,12755,20887,45230
5/25/2022 3 p.m. EDT,34862,25286,29278,41501,89172,84017,10798,39811,16291,31327,13689,20984,46876
5/25/2022 4 p.m. EDT,35949,26043,29155,42554,90719,84477,11255,40202,16580,31814,14768,21045,48426
5/25/2022 5 p.m. EDT,37144,26484,29120,42985,92329,84713,12024,40713,17021,31918,15931,20987,49881
5/25/2022 6 p.m. EDT,38916,26812,29051,42621,93524,85106,12948,41340,17420,31542,16901,20735,51100
5/25/2022 7 p.m. EDT,40138,26664,29050,41455,92987,84717,13481,42188,17408,31007,17618,20413,51661
5/25/2022 8 p.m. EDT,41423,26267,28799,39536,91709,83661,13571,42954,17167,30267,18218,19882,51145
5/25/2022 9 p.m. EDT,42506,26143,28357,38132,90852,82210,13563,43419,17068,29749,18353,19300,49568
5/25/2022 10 p.m. EDT,42907,25574,28252,36052,89210,81703,12881,43415,16594,29327,18264,19156,48022
5/25/2022 11 p.m. EDT,42402,23776,27933,33225,84219,79355,11736,42721,15511,27849,17452,18404,46562
5/26/2022 12 a.m. EDT,41460,21877,26704,30127,79873,75010,10670,41793,14420,26030,16622,17341,43556
5/26/2022 1 a.m. EDT,39547,20439,25242,27364,76367,71182,10263,40306,13559,24346,15451,16190,40201
5/26/2022 2 a.m. EDT,36554,19579,24243,25536,73686,68554,9803,37457,12999,23842,14222,15422,37453
5/26/2022 3 a.m. EDT,33337,19100,23595,24168,71614,66601,9565,34951,12686,23551,12959,14781,35701
5/26/2022 4 a.m. EDT,30925,18947,23308,23361,70697,65265,9508,33316,12520,23187,11983,14555,34488
5/26/2022 5 a.m. EDT,29236,19069,23153,23128,71143,64979,9726,32241,12638,23088,11310,14234,34009
5/26/2022 6 a.m. EDT,28160,19785,23487,23905,73495,65605,10251,31817,13191,23502,10793,14517,34469
5/26/2022 7 a.m. EDT,27506,21262,24311,25312,78153,68105,10943,31912,14199,24101,10462,15227,35698
5/26/2022 8 a.m. EDT,27415,22404,25592,26629,81037,72001,11557,32551,15141,25013,10492,15948,37681
5/26/2022 9 a.m. EDT,28184,23170,26788,28752,83743,75558,11399,34173,15631,26297,10666,16712,39143
5/26/2022 10 a.m. EDT,29428,23876,27535,31299,85568,77904,10955,36373,15825,27321,11324,17378,41117
5/26/2022 11 a.m. EDT,30851,24555,28052,33885,87353,79685,10812,38117,15937,28337,11779,17917,43224
5/26/2022 12 p.m. EDT,31289,25390,28542,36351,88778,81217,10787,38848,16092,29149,12377,18291,45703
5/26/2022 1 p.m. EDT,31318,26144,28832,38564,90189,82629,10712,39591,16210,29876,13094,18672,48285
5/26/2022 2 p.m. EDT,31629,27279,29028,40431,91427,83825,10861,40328,16675,30281,14069,18852,50893
5/26/2022 3 p.m. EDT,32350,28575,29414,41849,92156,84870,11067,41020,17036,30446,15245,18935,53763
5/26/2022 4 p.m. EDT,32820,29388,29530,43134,92480,85016,11151,42112,17453,30368,16519,19046,56571
5/26/2022 5 p.m. EDT,33611,30015,29701,43642,93411,84747,12042,43122,17904,30310,17731,19002,58824
5/26/2022 6 p.m. EDT,34424,30026,29791,43268,93963,84573,12965,43834,18195,30247,18761,18978,60479
5/26/2022 7 p.m. EDT,35658,29726,29661,41694,93136,84149,13442,44597,18145,29852,19189,18890,61440
5/26/2022 8 p.m. EDT,36034,28923,29537,39509,92221,83292,13611,45237,17915,29291,19842,18432,60782
5/26/2022 9 p.m. EDT,36904,28507,29175,38041,91850,81678,13686,45222,17872,28793,20036,18126,58682
5/26/2022 10 p.m. EDT,36509,27634,28778,36123,90204,80817,13137,44619,17416,28480,19712,18038,55855
5/26/2022 11 p.m. EDT,36058,25722,28416,33217,85274,78480,12102,43770,16387,27107,18670,17360,53613
5/27/2022 12 a.m. EDT,35896,23803,27072,30094,81016,74113,11084,42813,15296,25425,17647,16353,49802
5/27/2022 1 a.m. EDT,34442,22158,25596,27429,77952,69804,10718,41085,14443,24157,16334,15105,46015
5/27/2022 2 a.m. EDT,32239,21081,24498,25480,75112,68034,10279,38426,13880,23225,15195,14341,42800
5/27/2022 3 a.m. EDT,30099,20487,23794,24183,73370,66170,10051,36042,13525,22363,13926,13865,40333
5/27/2022 4 a.m. EDT,29220,20163,23408,23401,72783,64931,9983,34093,13355,21887,12893,13537,39009
5/27/2022 5 a.m. EDT,27938,20358,23219,23240,73225,64443,10204,32981,13450,21803,12072,13435,37908
5/27/2022 6 a.m. EDT,27231,21228,23375,23881,75626,65053,10820,32443,13975,22275,11485,13735,37659
5/27/2022 7 a.m. EDT,26544,22639,24060,25189,79313,66893,11658,32321,15062,22751,11098,14248,38614
5/27/2022 8 a.m. EDT,26433,23825,25158,26460,82400,69587,12662,32804,16246,23485,11049,15002,40165
5/27/2022 9 a.m. EDT,27314,24789,26215,28912,85423,72659,13113,34214,17163,24927,11153,15843,41682
5/27/2022 10 a.m. EDT,28385,25603,27024,32041,87315,74977,13329,36204,17705,26456,11613,16262,44174
5/27/2022 11 a.m. EDT,29777,26238,27923,35064,89213,76568,13510,38083,18029,27986,12249,16747,47172
5/27/2022 12 p.m. EDT,31284,26885,28800,37530,91221,78182,13530,39635,18364,29474,12965,17353,50315
5/27/2022 1 p.m. EDT,31153,27391,29583,39150,92205,79534,13384,40861,18677,30883,13864,17669,53920
5/27/2022 2 p.m. EDT,30689,28008,30399,40493,92266,80665,13504,41781,19017,32114,14944,17855,57317
5/27/2022 3 p.m. EDT,29656,28661,31386,41022,92210,81361,13652,42700,19312,32951,16074,17972,60540
5/27/2022 4 p.m. EDT,29261,29208,32384,40934,92338,82082,14260,43361,19413,33577,17265,17976,63208
5/27/2022 5 p.m. EDT,29624,29373,33359,40620,92181,82202,15160,43650,19620,33960,18348,18051,65325
5/27/2022 6 p.m. EDT,30247,29168,34214,39858,91154,82186,15680,43728,19475,33879,19201,17963,66672
5/27/2022 7 p.m. EDT,31363,28758,34557,38333,89464,81776,15566,43813,18933,33180,19470,17815,66850
5/27/2022 8 p.m. EDT,32552,27986,34384,36487,87783,80626,15309,43384,18451,31673,19889,17428,65740
5/27/2022 9 p.m. EDT,33404,26999,33583,35012,86908,78821,15080,42765,18054,29954,19995,17033,63162
5/27/2022 10 p.m. EDT,33713,26292,32230,33581,85293,77477,14378,41988,17533,28994,19277,17042,59878
5/27/2022 11 p.m. EDT,33859,24724,31397,31338,81725,75361,13344,41363,16626,27243,18253,16411,57200
5/28/2022 12 a.m. EDT,34224,22813,29907,28966,78946,71372,12325,40818,15633,25215,17355,15429,53641
5/28/2022 1 a.m. EDT,33501,21083,28013,26667,74552,67621,11733,39474,14689,23243,16095,14252,50083
5/28/2022 2 a.m. EDT,31847,19828,26528,24832,71223,65051,11201,37335,14054,22002,14989,13469,46367
5/28/2022 3 a.m. EDT,29710,18974,25464,23392,69093,63212,10938,35373,13660,20863,13737,12843,43755
5/28/2022 4 a.m. EDT,28131,18385,24734,22430,68211,61658,10910,33865,13400,20611,12750,12579,41626
5/28/2022 5 a.m. EDT,26932,18110,24228,21821,67833,60560,10896,32813,13338,20525,11969,12484,40228
5/28/2022 6 a.m. EDT,25879,18188,23979,21731,68183,60547,10994,32208,13413,20413,11352,12444,39251
5/28/2022 7 a.m. EDT,25340,18240,24098,21861,68843,61056,11277,31787,13687,20333,10900,12520,39338
5/28/2022 8 a.m. EDT,24993,19151,24099,23034,71068,61840,11720,32042,14330,20581,10678,12786,39217
5/28/2022 9 a.m. EDT,25185,20821,24894,26098,72345,64289,11887,32328,15142,21629,10500,13383,40257
5/28/2022 10 a.m. EDT,25298,22499,26097,29451,75126,65665,12510,33134,15769,23006,10571,14309,43244
5/28/2022 11 a.m. EDT,25865,24069,27319,32439,77288,67836,12514,34539,16249,24684,10943,15012,46691
5/28/2022 12 p.m. EDT,27239,25437,28650,34923,79587,70160,12590,36022,16471,26305,11623,15611,50444
5/28/2022 1 p.m. EDT,26968,26580,29889,37142,81068,72089,12662,37010,16710,27915,12472,16178,54416
5/28/2022 2 p.m. EDT,26984,27653,31155,38945,81457,74071,12971,37802,16469,29331,13322,16669,57859
5/28/2022 3 p.m. EDT,26691,28533,32562,40269,82523,75699,13228,38048,16214,30700,14286,17093,60913
5/28/2022 4 p.m. EDT,25966,29427,33783,40998,84020,77444,13275,38322,16177,31939,15205,17700,63520
5/28/2022 5 p.m. EDT,25513,30085,35018,41388,85362,79339,13268,38465,16232,32805,16089,18208,65575
5/28/2022 6 p.m. EDT,25659,30404,36068,41180,86809,81398,13416,38715,16515,33261,16860,18599,66892
5/28/2022 7 p.m. EDT,26634,30051,36567,39737,87303,82401,13614,39193,16795,32873,17305,18725,67189
5/28/2022 8 p.m. EDT,27532,28945,36317,37136,86214,82062,13546,39550,16833,31675,17893,18427,66007
5/28/2022 9 p.m. EDT,28726,27449,35204,34925,84416,80108,13508,39791,16763,29913,18020,17576,63633
5/28/2022 10 p.m. EDT,29866,26278,33826,33012,83377,78160,13093,39574,16562,28757,17478,17241,60863
5/28/2022 11 p.m. EDT,30487,24332,33028,47483,79603,76382,12227,39059,15806,26861,16640,16460,58754
5/29/2022 12 a.m. EDT,30753,22293,31510,31775,76172,72872,11431,38779,14865,24793,15906,15432,55620
5/29/2022 1 a.m. EDT,30367,20548,29688,25458,72692,68633,10739,37675,13982,22850,14836,14334,52266
5/29/2022 2 a.m. EDT,29110,19204,28193,23496,69612,65701,10161,35932,13316,21630,14057,13538,49244
5/29/2022 3 a.m. EDT,27836,18273,27061,22002,68021,63342,9766,34110,12874,20904,13068,12909,46688
5/29/2022 4 a.m. EDT,26637,17672,26232,20920,67111,61791,9561,32776,12594,20235,12213,12529,44787
5/29/2022 5 a.m. EDT,25613,17353,25645,20302,66431,60562,9504,31793,12496,20245,11590,12317,43610
5/29/2022 6 a.m. EDT,24912,17264,25313,19969,66471,60082,9436,31253,12480,20107,11079,12397,42198
5/29/2022 7 a.m. EDT,24495,17299,25141,20013,66639,59769,9548,31051,12597,19663,10725,12422,41672
5/29/2022 8 a.m. EDT,24347,18333,24883,21238,68069,60099,9986,31145,12943,20093,10501,12710,41379
5/29/2022 9 a.m. EDT,24614,20415,25661,24396,69543,62483,9738,31387,13427,21495,10293,13568,42003
5/29/2022 10 a.m. EDT,24531,22587,27274,28066,73187,66117,9907,32181,13816,23288,10265,14693,44842
5/29/2022 11 a.m. EDT,24429,24595,28966,31372,76522,69959,9758,33581,14286,25506,10608,15733,48461
5/29/2022 12 p.m. EDT,24380,26482,30696,34616,80290,73282,9956,34917,14673,27717,11127,16860,51879
5/29/2022 1 p.m. EDT,24134,28162,32371,37504,83871,76611,10158,35827,14963,29705,11637,17995,55377
5/29/2022 2 p.m. EDT,23421,29577,34014,39569,87074,79928,10323,36186,15138,31332,12260,19015,58760
5/29/2022 3 p.m. EDT,22623,30655,35269,40607,89879,82701,10663,36622,15412,32576,12898,19976,61426
5/29/2022 4 p.m. EDT,22279,31406,36268,40787,93001,85262,11233,36521,15880,33421,13585,20820,63532
5/29/2022 5 p.m. EDT,22121,32167,37195,40370,96141,87586,12154,36400,16496,34162,14281,21569,65229
5/29/2022 6 p.m. EDT,22440,32660,37722,39153,98354,89260,13199,36414,17119,34469,14943,21969,66395
5/29/2022 7 p.m. EDT,23709,32222,37903,37552,98806,90043,13669,36448,17433,34187,15614,22026,66427
5/29/2022 8 p.m. EDT,25450,31015,37368,35524,96558,89226,13682,36644,17289,33062,16237,21377,65030
5/29/2022 9 p.m. EDT,27310,29399,36343,33881,93136,86600,13504,37241,17037,31342,16222,20253,62643
5/29/2022 10 p.m. EDT,29550,28095,35071,32066,90669,84339,13068,37565,16757,30235,15884,19416,60295
5/29/2022 11 p.m. EDT,29886,25958,34244,29597,86135,82256,12213,37262,16020,28364,15311,18337,58517
5/30/2022 12 a.m. EDT,30553,23728,32767,27032,81676,77876,11265,37187,15061,26349,14793,16976,55492
5/30/2022 1 a.m. EDT,30452,21917,30986,24745,77027,73403,10488,36355,14210,24527,14038,15569,52336
5/30/2022 2 a.m. EDT,29026,20460,29373,22853,74268,69836,9910,34742,13604,23342,13331,14543,49500
5/30/2022 3 a.m. EDT,27432,19448,28089,21634,71758,67282,9766,32948,13196,22790,12415,13879,47023
5/30/2022 4 a.m. EDT,25962,18851,27183,20834,70067,65432,9719,31681,12969,22064,11637,13416,45355
5/30/2022 5 a.m. EDT,25076,18680,26505,20459,69381,64354,9712,30968,12925,21623,11080,13175,44344
5/30/2022 6 a.m. EDT,24603,18837,26110,20600,69532,63558,9758,30763,12983,21237,10670,13011,44119
5/30/2022 7 a.m. EDT,24370,19037,26072,20790,69730,63421,9849,30868,13256,21038,10393,13015,44505
5/30/2022 8 a.m. EDT,24149,20064,25901,21531,71704,63813,9917,31511,13863,21496,10285,13319,44413
5/30/2022 9 a.m. EDT,24433,22148,26529,23891,74995,67010,10109,32136,14541,23180,10135,14389,44819
5/30/2022 10 a.m. EDT,24542,24379,28051,27294,81268,72312,10373,33094,15228,25351,10169,15963,47268
5/30/2022 11 a.m. EDT,25312,26914,30024,30802,88100,77830,10727,34268,15961,28084,10433,17632,50619
5/30/2022 12 p.m. EDT,25546,29278,31800,34222,94702,82791,11206,35412,16935,30866,10865,19340,54246
5/30/2022 1 p.m. EDT,25312,31145,33345,36988,100372,87291,11795,36109,17695,33242,11438,20931,57299
5/30/2022 2 p.m. EDT,24418,32606,34599,39250,105089,90740,12421,36429,18347,34961,12129,21938,59778
5/30/2022 3 p.m. EDT,24078,33835,35710,40113,109245,93606,13039,36437,19019,36006,12819,22929,62165
5/30/2022 4 p.m. EDT,23945,34615,36445,40726,113095,96211,14018,36324,19665,36586,13505,23550,64116
5/30/2022 5 p.m. EDT,24166,35209,37280,40623,116891,98585,15374,36176,20472,36906,14263,24100,65726
5/30/2022 6 p.m. EDT,24696,35582,37908,39985,119441,100545,16647,36223,21210,36624,14959,15880,44934
5/30/2022 7 p.m. EDT,26083,23391,28808,17380,119499,101373,17245,36649,21497,35402,15548,24198,66973
5/30/2022 8 p.m. EDT,27744,33703,37604,37151,117097,100205,17130,37297,21246,33738,16249,23696,65790
5/30/2022 9 p.m. EDT,29870,32112,36433,34661,112895,97225,16875,37821,20944,32158,16403,22672,63719
5/30/2022 10 p.m. EDT,31433,30534,35092,32796,108719,94126,16104,37863,20413,31204,16160,21801,61599
5/30/2022 11 p.m. EDT,31999,27851,34135,30078,101340,90962,14709,37848,19141,29238,15588,20436,60066
5/31/2022 12 a.m. EDT,32527,25131,32245,27262,94723,85595,13405,37655,17838,26907,15122,18783,56958
5/31/2022 1 a.m. EDT,32034,23036,30178,24739,89817,80160,12569,36515,16779,24821,14071,17197,53505
5/31/2022 2 a.m. EDT,30211,21713,27430,22881,85719,75992,12166,34402,16097,24060,13148,16048,50471
5/31/2022 3 a.m. EDT,28090,20769,26574,21627,82462,72703,11789,32375,15574,23002,12058,15259,48219
5/31/2022 4 a.m. EDT,26596,20018,26605,20896,80510,70819,11814,31090,15333,22640,11233,14528,46705
5/31/2022 5 a.m. EDT,25494,19940,26252,20737,80174,69846,12036,30512,15367,22592,10622,14469,45850
5/31/2022 6 a.m. EDT,24733,20551,26159,21454,82504,70662,12317,30299,15910,22867,10232,14676,45654
5/31/2022 7 a.m. EDT,24454,21746,27011,22821,87829,73122,13232,30568,17200,23690,10028,15235,46542
5/31/2022 8 a.m. EDT,24777,23509,26940,24394,94941,77216,14228,31785,18817,24617,10139,16276,47715
5/31/2022 9 a.m. EDT,25859,25338,28558,26800,100794,82184,14555,33971,20176,26232,10322,17737,49071
5/31/2022 10 a.m. EDT,26990,27358,31122,29422,106130,87071,14538,36323,21270,28200,10691,19334,51769
5/31/2022 11 a.m. EDT,28612,29690,32326,32126,112738,91648,14418,37575,22268,30248,11087,20890,54640
5/31/2022 12 p.m. EDT,29228,31896,33478,34682,119227,96083,14710,37789,23195,32512,11510,22640,58018
5/31/2022 1 p.m. EDT,29015,34025,34536,37180,124526,100017,14655,37621,24046,34666,12035,24125,61541
5/31/2022 2 p.m. EDT,28596,35922,35491,38949,128821,103016,14717,37560,24896,36812,12801,25293,64559
5/31/2022 3 p.m. EDT,28482,36984,36441,40184,132116,105548,14903,37649,25576,38473,13673,26146,67199
5/31/2022 4 p.m. EDT,28788,37876,37213,40814,135147,106974,15317,37931,26273,39611,14582,26832,69309
5/31/2022 5 p.m. EDT,29090,38315,37935,40966,137783,107797,15975,37925,26831,40117,15538,27272,71015
5/31/2022 6 p.m. EDT,29910,38458,38459,40277,138849,108233,16524,38181,27046,40015,16401,27380,71697
5/31/2022 7 p.m. EDT,31249,37974,38423,38689,137380,107460,16522,38648,26636,39173,16764,27270,71507
5/31/2022 8 p.m. EDT,32995,36742,37798,36374,133470,105803,16057,39291,25860,37816,17412,26527,70067
5/31/2022 9 p.m. EDT,34875,34772,36757,34785,128083,102531,15528,39775,24725,36022,17840,25252,67491
5/31/2022 10 p.m. EDT,36076,32845,35624,33119,122765,99466,14551,39901,23208,34697,17640,24275,64775
5/31/2022 11 p.m. EDT,36283,29922,34617,30413,114020,95878,13121,39663,20992,32236,16907,22552,62678
6/1/2022 12 a.m. EDT,36240,26860,32785,27444,106292,89862,11825,39193,18954,29535,16205,20671,58994
6/1/2022 1 a.m. EDT,35205,24468,30582,24815,99768,84197,11204,37850,17358,27068,14986,18832,54938
6/1/2022 2 a.m. EDT,32884,22853,28849,20929,93912,79551,10951,35416,16276,25614,13758,17391,51366
6/1/2022 3 a.m. EDT,30354,21933,27606,20232,89898,76887,10879,33287,15526,24509,12572,16401,48641
6/1/2022 4 a.m. EDT,28695,21233,26654,19881,86943,74552,10784,31721,15045,23682,11536,15738,46730
6/1/2022 5 a.m. EDT,27493,21037,26049,19824,86002,73044,10937,30934,14932,23362,10902,15425,45373
6/1/2022 6 a.m. EDT,26422,21675,25847,23359,87694,73429,10937,30558,15304,23679,10460,15477,45078
6/1/2022 7 a.m. EDT,25784,22894,26368,25242,91319,74895,11670,30643,16292,24452,10209,15781,45805
6/1/2022 8 a.m. EDT,25922,24500,27350,26801,96306,77892,12448,31468,17319,25319,10258,16691,47366
6/1/2022 9 a.m. EDT,26887,26245,28414,29095,100205,81830,12638,33114,17890,26855,10441,17977,48092
6/1/2022 10 a.m. EDT,28195,28524,29536,31741,104578,84648,12606,35321,18102,29233,10785,19611,50251
6/1/2022 11 a.m. EDT,30019,31022,30605,34265,109053,87646,12655,37033,18342,31920,11172,21436,53341
6/1/2022 12 p.m. EDT,30757,33457,31692,36786,113865,91359,12754,37591,18765,34613,11827,23437,56836
6/1/2022 1 p.m. EDT,30405,35687,32537,38789,118045,94123,12707,37690,19071,37039,12481,25022,60360
6/1/2022 2 p.m. EDT,30431,37567,33157,40699,121217,96225,13018,37746,19243,39004,13310,26090,63692
6/1/2022 3 p.m. EDT,30870,38691,33737,41849,124099,98291,13253,37893,19316,40503,14336,26974,66637
6/1/2022 4 p.m. EDT,31983,39395,33844,42332,126485,99069,12997,38119,19226,41383,15400,27499,68218
6/1/2022 5 p.m. EDT,33093,39966,33829,42444,127096,99289,13182,38467,19186,41849,16438,27752,68332
6/1/2022 6 p.m. EDT,34773,39867,33681,41945,126177,99276,13485,38941,19213,41782,17400,27716,67486
6/1/2022 7 p.m. EDT,36261,37817,33210,40845,123101,97969,13667,39662,18921,41099,17777,27361,66601
6/1/2022 8 p.m. EDT,37754,39843,32529,39624,118600,95548,13618,40393,18619,39723,18391,26570,65337
6/1/2022 9 p.m. EDT,39490,36091,31604,38293,113743,92297,13485,40928,18286,37704,18715,25229,62989
6/1/2022 10 p.m. EDT,40194,34357,30687,37132,109071,89898,12833,40916,17698,36195,18415,24102,60624
6/1/2022 11 p.m. EDT,39733,31389,30210,34566,101522,86763,11740,40596,16645,33607,17536,22490,58294
6/2/2022 12 a.m. EDT,39021,28331,28745,31599,94931,81410,10730,40015,15495,30827,16625,20742,54843
6/2/2022 1 a.m. EDT,37618,25829,26960,24451,89930,76686,10271,38451,14654,28189,15301,19031,50973
6/2/2022 2 a.m. EDT,34767,24243,25656,22548,86202,73257,10507,35801,14071,25670,13882,17646,47692
6/2/2022 3 a.m. EDT,31809,23248,24973,21409,83258,70579,10340,33488,13703,25018,12590,16694,45396
6/2/2022 4 a.m. EDT,29778,22488,24415,20604,81607,68623,10302,31902,13502,24306,11748,15972,43730
6/2/2022 5 a.m. EDT,28346,22299,24003,20421,81483,67908,10441,30925,13589,23933,11050,15583,42379
6/2/2022 6 a.m. EDT,27163,22839,24110,21045,83827,68529,10584,30376,14144,24225,10515,15498,42142
6/2/2022 7 a.m. EDT,26921,23935,24721,22529,87774,70849,11491,30379,15324,24493,10276,16334,42070
6/2/2022 8 a.m. EDT,26928,25415,25845,24143,91773,73554,12394,31275,16534,24486,10307,16981,43334
6/2/2022 9 a.m. EDT,27705,27328,27055,26552,94459,76624,12666,32743,17281,25439,10471,18210,44330
6/2/2022 10 a.m. EDT,28685,29592,27737,29233,97303,78860,12607,34838,17763,27586,10791,19349,45947
6/2/2022 11 a.m. EDT,29959,32276,28440,32121,100653,81565,12355,36443,18187,29715,11251,20843,47934
6/2/2022 12 p.m. EDT,31212,34800,29247,34921,104441,84178,12084,37111,18714,34395,12015,22235,50278
6/2/2022 1 p.m. EDT,31347,37116,29920,36160,107951,86059,12486,37592,19200,35515,12732,23324,52803
6/2/2022 2 p.m. EDT,31789,38856,30660,39416,111175,88318,13056,38172,19579,37272,13634,23920,55389
6/2/2022 3 p.m. EDT,31731,39722,31634,40896,113308,90248,13039,38817,19874,38456,14808,24184,57971
6/2/2022 4 p.m. EDT,32129,39911,32397,41288,114246,91531,13282,39600,20256,38676,16059,24105,60579
6/2/2022 5 p.m. EDT,34231,39917,33030,41119,113944,92014,13711,40327,20616,38552,17227,23615,62850
6/2/2022 6 p.m. EDT,35442,39120,33609,40567,112091,91813,14046,41179,20542,37627,17962,23087,64272
6/2/2022 7 p.m. EDT,36771,38052,33740,39329,109398,91229,14068,42073,20194,36324,18315,22375,64628
6/2/2022 8 p.m. EDT,37862,36621,33417,37221,106029,89813,14002,42850,19727,35002,18921,21676,63300
6/2/2022 9 p.m. EDT,38799,34942,32604,35431,102983,87579,13956,43102,19397,33819,19084,20809,60853
6/2/2022 10 p.m. EDT,38790,33360,31405,33349,100078,85459,13362,42678,18820,32883,18762,20589,58447
6/2/2022 11 p.m. EDT,38266,30661,30733,30567,93992,82708,12265,41809,17578,30870,17860,19646,56272
6/3/2022 12 a.m. EDT,37845,27996,29158,29878,88914,77784,11255,41128,16331,28671,17023,18246,52686
6/3/2022 1 a.m. EDT,36554,25660,27305,25218,84588,73133,10896,39611,15346,26392,15663,16878,48867
6/3/2022 2 a.m. EDT,33935,23865,25790,23326,81518,70225,10847,36894,14672,26302,14197,15945,45522
6/3/2022 3 a.m. EDT,31461,22889,24752,22016,78997,67689,10589,34481,14227,25762,12881,15337,43052
6/3/2022 4 a.m. EDT,29668,22189,24181,21196,77476,65937,10488,32859,13968,25088,12011,14817,41252
6/3/2022 5 a.m. EDT,28248,21866,23995,20959,77756,65093,10660,31991,13980,24709,11490,14614,40278
6/3/2022 6 a.m. EDT,27355,22403,24049,21636,79777,65666,10987,31484,14444,24994,10988,14805,39745
6/3/2022 7 a.m. EDT,26811,23379,24682,22906,83108,67772,11555,31372,15502,25287,10693,15306,40745
6/3/2022 8 a.m. EDT,26841,24938,25565,24020,86944,70707,12439,31932,16515,25743,10709,15954,41986
6/3/2022 9 a.m. EDT,27748,26473,26850,25640,88866,73731,12925,33211,17016,27194,10798,16845,43351
6/3/2022 10 a.m. EDT,29163,28090,27846,27729,90167,76242,12993,35001,17252,29028,11114,17861,45513
6/3/2022 11 a.m. EDT,30490,29799,28912,30037,92544,78876,12861,36675,17520,31260,11644,18750,48258
6/3/2022 12 p.m. EDT,31698,31525,30027,32019,95118,81291,12559,37977,17753,33485,12451,19715,51254
6/3/2022 1 p.m. EDT,31762,32903,31152,33531,97115,83711,12291,38908,17971,35596,13216,20572,53992
6/3/2022 2 p.m. EDT,31485,33974,32228,34309,99350,85787,12189,39816,18200,37239,14155,21364,56244
6/3/2022 3 p.m. EDT,31289,34332,33431,34446,101180,87960,12228,40660,18497,38357,15148,22007,58701
6/3/2022 4 p.m. EDT,31112,33909,34437,34376,102845,89421,12459,41315,18953,38762,16234,22596,60595
6/3/2022 5 p.m. EDT,32392,33079,35261,34201,104386,90562,12908,41713,19445,38785,17371,22863,61865
6/3/2022 6 p.m. EDT,33339,31868,35713,33755,104950,91587,13578,41910,19691,38302,18309,22949,62232
6/3/2022 7 p.m. EDT,34398,30492,35469,32610,103385,91258,13996,42213,19496,36832,18687,22667,61555
6/3/2022 8 p.m. EDT,35162,29135,34746,31393,100139,89709,13944,42525,19052,34949,18977,21949,59598
6/3/2022 9 p.m. EDT,35699,28068,33475,30630,95792,86765,13792,42370,18544,33211,18853,20659,57326
6/3/2022 10 p.m. EDT,35646,27204,32165,29574,92551,83568,13257,41770,18067,32266,18409,19699,55178
6/3/2022 11 p.m. EDT,35384,25586,31312,27723,87263,80747,12285,40787,17039,30398,17670,18568,53254
6/4/2022 12 a.m. EDT,35568,23727,29785,25677,82464,75834,11303,40113,15911,28313,16852,17229,50236
6/4/2022 1 a.m. EDT,34795,21949,27875,22514,76751,70990,10538,38877,14896,26361,15756,15774,46949
6/4/2022 2 a.m. EDT,32758,20456,26257,21051,72894,67543,10613,36663,14142,24714,14610,14703,44238
6/4/2022 3 a.m. EDT,30785,19598,25215,19990,70975,65315,10361,34534,13608,23799,13334,13987,41989
6/4/2022 4 a.m. EDT,29117,19025,24398,19369,70027,63574,10004,33006,13256,23260,12345,13467,40194
6/4/2022 5 a.m. EDT,27867,18549,24007,19130,69379,62659,9999,31975,13126,22994,11575,13241,39144
6/4/2022 6 a.m. EDT,26688,18935,23811,19233,69736,62524,9914,31219,13110,22966,10908,13123,38586
6/4/2022 7 a.m. EDT,26008,19062,23946,19735,70183,62873,10249,31008,13419,22578,10545,13262,38457
6/4/2022 8 a.m. EDT,25804,19911,24088,20605,72788,63875,10396,31169,13962,22800,10286,13509,38513
6/4/2022 9 a.m. EDT,26051,21322,24756,22620,75143,66659,10652,31405,14492,24302,10109,14455,39400
6/4/2022 10 a.m. EDT,26405,22808,25757,25052,77348,68538,10590,32139,14850,26286,10228,15465,41694
6/4/2022 11 a.m. EDT,26979,24411,27092,27187,80398,71893,10292,33497,15200,28232,10765,16651,44754
6/4/2022 12 p.m. EDT,28088,25777,28451,28938,83151,74781,10038,34961,15558,30369,11612,17761,48010
6/4/2022 1 p.m. EDT,28719,26921,29745,30175,85856,77597,10090,36332,15866,32266,12363,18778,51270
6/4/2022 2 p.m. EDT,29177,27940,30934,31206,88027,79883,10355,37344,16071,33741,13302,19835,54092
6/4/2022 3 p.m. EDT,28595,28671,32015,32368,90087,82035,10683,38005,16298,34988,14314,20669,55611
6/4/2022 4 p.m. EDT,28131,29304,32914,33345,92827,83645,11247,38773,16589,35874,15283,21385,58686
6/4/2022 5 p.m. EDT,29958,29940,33726,34223,95410,85229,12013,39184,17028,36420,16346,22015,61212
6/4/2022 6 p.m. EDT,28304,30135,34338,34784,97135,86170,12899,39583,17497,36470,17148,22433,62706
6/4/2022 7 p.m. EDT,29037,29833,34628,34456,96850,86164,13553,40020,17781,35980,17625,22291,62503
6/4/2022 8 p.m. EDT,32051,28736,34313,32948,93999,84829,13574,40308,17622,34451,18247,21602,61738
6/4/2022 9 p.m. EDT,31305,27291,33389,31501,89832,82435,13371,40283,17294,32565,18430,20370,59942
6/4/2022 10 p.m. EDT,31784,26245,32246,30030,87203,80243,12904,39690,17067,31406,18038,19169,57806
6/4/2022 11 p.m. EDT,32303,24294,31370,28158,82377,77856,11991,39142,16248,29462,17191,18102,56254
6/5/2022 12 a.m. EDT,32801,22328,29906,26013,77429,73395,10981,38922,15249,27254,16382,16630,53457
6/5/2022 1 a.m. EDT,32258,20534,28066,24246,73359,69460,10163,37700,14312,25150,15412,15491,50465
6/5/2022 2 a.m. EDT,30824,19336,26469,22400,70513,66346,9653,35807,13613,23822,14363,14439,47489
6/5/2022 3 a.m. EDT,29299,18534,25192,21060,68927,64800,9619,33833,13119,22668,13298,13808,44980
6/5/2022 4 a.m. EDT,27859,17899,24417,20195,67944,63260,9416,32561,12817,22171,12342,13333,42885
6/5/2022 5 a.m. EDT,26552,17719,24108,19698,67342,62000,9619,31575,12683,21976,11644,12943,41374
6/5/2022 6 a.m. EDT,25837,17554,23976,19553,67172,61706,9593,31039,12603,21811,11052,12870,40660
6/5/2022 7 a.m. EDT,25468,17564,23951,19664,67285,61843,9664,30759,12735,21286,10659,12849,40139
6/5/2022 8 a.m. EDT,25211,18413,23795,20911,69246,61628,9706,30711,12977,21307,10370,13139,39545
6/5/2022 9 a.m. EDT,25211,20030,24471,23987,72378,63453,9647,30817,13319,22891,10085,14051,40407
6/5/2022 10 a.m. EDT,25296,21743,25858,27399,73756,66530,9618,31440,13671,25140,10106,15183,43787
6/5/2022 11 a.m. EDT,25894,23221,27216,30554,75697,70463,9738,32978,13930,27220,10532,16383,47885
6/5/2022 12 p.m. EDT,26852,24689,28529,33573,78256,74562,9796,34623,14223,29406,11533,17798,51629
6/5/2022 1 p.m. EDT,27116,25998,29780,36362,80667,78117,9776,35916,14528,31425,12366,19345,55217
6/5/2022 2 p.m. EDT,26918,27208,30943,38498,83489,81150,9728,37100,14835,33355,13358,20585,58692
6/5/2022 3 p.m. EDT,27023,28112,31930,40099,86441,83617,10064,38037,15260,34597,14392,21660,62025
6/5/2022 4 p.m. EDT,26651,29091,32774,41160,90089,85382,10660,38738,15807,35522,15417,22584,64869
6/5/2022 5 p.m. EDT,27063,29926,33525,41615,93889,86885,11513,39364,16512,36101,16411,23052,66873
6/5/2022 6 p.m. EDT,27895,30485,34039,41558,96749,88108,12679,39970,17191,36357,17389,23442,68040
6/5/2022 7 p.m. EDT,29514,30139,34220,40645,97356,88659,13505,40585,17536,35864,18052,23578,67993
6/5/2022 8 p.m. EDT,31229,29162,33948,38766,95331,87753,13670,41415,17434,34715,18766,22962,66832
6/5/2022 9 p.m. EDT,33296,27721,33134,36929,92234,85710,13525,41741,17271,33093,19210,21840,64339
6/5/2022 10 p.m. EDT,34566,26602,32202,35235,89846,83890,12981,41639,16956,32185,19012,21090,61835
6/5/2022 11 p.m. EDT,34902,24403,31487,32503,84686,81150,11860,40849,16035,30158,18264,19828,59774
6/6/2022 12 a.m. EDT,35119,21998,30013,29442,79702,76730,10962,40017,14974,27667,17441,18215,56330
6/6/2022 1 a.m. EDT,34578,20106,28176,26665,77135,72272,10728,38684,14163,25466,16161,16562,52535
6/6/2022 2 a.m. EDT,32444,19028,26588,24665,74298,69694,10288,36159,13591,24227,14803,15448,49290
6/6/2022 3 a.m. EDT,30075,18350,25590,23304,72172,67724,10345,33956,13230,23501,13545,14859,47059
6/6/2022 4 a.m. EDT,28271,17985,25013,22462,71330,66158,10312,32321,13067,23083,12745,14439,45578
6/6/2022 5 a.m. EDT,26862,18076,24663,22344,72034,65889,10529,31361,13202,23137,12000,14349,45060
6/6/2022 6 a.m. EDT,25947,18986,24831,23007,74550,66428,11094,30961,13757,23281,11434,14581,44706
6/6/2022 7 a.m. EDT,25518,20117,25520,24223,78323,68434,11573,31078,14922,23935,11160,15069,45579
6/6/2022 8 a.m. EDT,25772,21591,26612,25825,82108,72171,11611,31978,16051,24714,11142,16084,46800
6/6/2022 9 a.m. EDT,26776,22862,28002,28563,84906,76644,11501,33745,16647,26502,11259,17423,48145
6/6/2022 10 a.m. EDT,28383,24144,29437,31292,87083,80086,11278,36270,17039,28448,11723,18604,50749
6/6/2022 11 a.m. EDT,30282,25756,30930,34646,90451,83427,11209,38132,17339,30719,12390,19784,54093
6/6/2022 12 p.m. EDT,30949,27380,32630,38060,93434,86641,11364,39108,17757,33111,13260,20917,57587
6/6/2022 1 p.m. EDT,30785,28876,34323,40562,96311,89800,11662,40025,18198,35234,14169,22028,61094
6/6/2022 2 p.m. EDT,31006,30340,36121,41932,99201,92397,12261,40689,18671,36961,15246,22859,64425
6/6/2022 3 p.m. EDT,31902,31452,37733,42225,101591,94126,12816,41337,19221,37925,16457,23365,67723
6/6/2022 4 p.m. EDT,32488,32676,39033,42125,104174,95133,13434,41927,19823,38223,17658,23761,70133
6/6/2022 5 p.m. EDT,33562,33734,40197,41605,106507,94976,14263,42397,20320,37667,18730,23620,71510
6/6/2022 6 p.m. EDT,34897,33679,40771,41024,107608,101567,15063,43013,20553,37177,19616,23465,72376
6/6/2022 7 p.m. EDT,36114,33231,40855,40013,106088,94702,15311,43403,20217,36657,19963,23066,72374
6/6/2022 8 p.m. EDT,37605,31958,40323,38217,102620,93109,15193,43661,19639,35524,20624,22327,71515
6/6/2022 9 p.m. EDT,39236,30325,39153,36457,99343,90845,14975,43863,19241,34477,21143,21657,69556
6/6/2022 10 p.m. EDT,39994,28863,37633,34537,96277,89005,14277,43642,18682,33617,20921,21472,66946
6/6/2022 11 p.m. EDT,39515,26336,36292,31585,89967,86083,13000,42678,17466,31529,19996,20439,64520
6/7/2022 12 a.m. EDT,38903,23807,34048,28456,84884,80980,11773,41981,16195,29072,19004,19060,60463
6/7/2022 1 a.m. EDT,37570,21852,31599,25685,81093,76992,11203,40192,15157,26881,17516,17721,55928
6/7/2022 2 a.m. EDT,34841,20702,29628,23738,77373,73195,10717,37661,14484,25975,16188,16875,52249
6/7/2022 3 a.m. EDT,32052,19954,28280,22457,75686,70952,10531,35247,13998,25364,14708,16191,49528
6/7/2022 4 a.m. EDT,30145,19425,27442,21716,74765,69367,10371,33403,13712,24636,13543,15868,47509
6/7/2022 5 a.m. EDT,28480,19489,26747,21590,75130,68503,10506,32323,13764,24437,12640,15709,46304
6/7/2022 6 a.m. EDT,27407,20115,26643,22293,77391,69620,10494,31777,14306,24833,11929,15828,45983
6/7/2022 7 a.m. EDT,26810,21408,27201,23603,81476,72327,11541,31880,15496,25174,11526,16478,46532
6/7/2022 8 a.m. EDT,26994,22852,28119,24980,85519,75159,12168,32860,16676,26200,11452,17320,47618
6/7/2022 9 a.m. EDT,27823,24416,29217,27204,87976,78034,12103,34571,17436,27498,11635,18242,49065
6/7/2022 10 a.m. EDT,29557,26054,30333,30305,89730,80797,11849,36940,17959,28976,12126,19229,51870
6/7/2022 11 a.m. EDT,31031,27642,31401,33523,92027,83933,11880,38523,18382,30886,12801,20297,54844
6/7/2022 12 p.m. EDT,31517,29486,32728,36584,94857,87118,12384,39281,18847,32886,13710,21354,57973
6/7/2022 1 p.m. EDT,31372,30957,34068,39202,97343,89775,12749,39769,19090,34840,14730,22454,61143
6/7/2022 2 p.m. EDT,31696,32336,35490,41143,99721,92269,13205,40150,19359,36682,15915,23597,64612
6/7/2022 3 p.m. EDT,32353,33422,36995,42061,101164,94436,13745,41219,19686,38307,17133,24415,67957
6/7/2022 4 p.m. EDT,33380,34276,38320,42157,101851,95607,14100,42205,19880,39348,18386,24910,70692
6/7/2022 5 p.m. EDT,34980,34968,39337,42194,102904,96645,14432,43019,20046,40033,19497,25020,72060
6/7/2022 6 p.m. EDT,36651,35393,39973,41959,103307,97226,15151,43917,19940,39951,20370,24585,72762
6/7/2022 7 p.m. EDT,38637,35134,39969,40690,102253,97052,15412,44977,19510,39273,20731,23681,72772
6/7/2022 8 p.m. EDT,39695,34088,39418,38879,100489,95945,15247,45778,19184,38155,21273,22622,71962
6/7/2022 9 p.m. EDT,40667,32905,38305,36847,98416,93364,15108,46071,18840,36589,21567,21782,69632
6/7/2022 10 p.m. EDT,41074,31541,36799,35051,95863,90771,14482,45393,18293,35650,21248,21302,67031
6/7/2022 11 p.m. EDT,40506,29133,35604,32228,90546,87823,13271,44178,17155,33353,20279,20442,64589
6/8/2022 12 a.m. EDT,39704,26591,33709,29236,85952,82799,12128,43155,16063,30685,19208,18878,60526
6/8/2022 1 a.m. EDT,38287,24704,31504,26475,82157,77811,11508,41281,15179,28244,17693,17675,56333
6/8/2022 2 a.m. EDT,35474,23389,29649,24379,79353,73933,11365,38537,14588,27292,16169,16781,52518
6/8/2022 3 a.m. EDT,32642,22514,28053,23199,77557,71152,11289,35906,14218,26486,14810,16101,49899
6/8/2022 4 a.m. EDT,30502,21896,27043,22338,76099,69337,11242,34174,14088,25710,13810,15684,48035
6/8/2022 5 a.m. EDT,28878,21794,26296,22098,76482,68510,11444,33223,14230,25398,12976,15457,46755
6/8/2022 6 a.m. EDT,27921,22375,26166,22554,78970,69166,11768,32435,14859,25367,12348,15602,46339
6/8/2022 7 a.m. EDT,27305,23451,26850,23807,83406,71398,12506,32251,16130,26175,11930,16315,46960
6/8/2022 8 a.m. EDT,27347,24858,27779,25547,89188,73986,13543,32743,17372,26723,11835,17184,47868
6/8/2022 9 a.m. EDT,28293,26277,29064,28130,91545,77057,13945,34201,18051,27893,11875,18134,49355
6/8/2022 10 a.m. EDT,29758,27797,30046,31270,93588,79781,13886,36267,18391,29324,12385,19080,52297
6/8/2022 11 a.m. EDT,31652,29851,30876,34676,96733,82654,13736,38102,18788,30996,13192,20093,55226
6/8/2022 12 p.m. EDT,32869,32345,31695,37880,100782,85524,13511,39315,19172,32602,14289,21263,58515
6/8/2022 1 p.m. EDT,32645,34505,32390,40316,104542,88386,13614,40200,19457,34223,15341,22234,61495
6/8/2022 2 p.m. EDT,33191,35802,33087,42237,107812,90406,13724,40861,19776,35790,16558,23086,63560
6/8/2022 3 p.m. EDT,33996,36468,33626,43153,110450,92156,13990,41844,20078,37313,17822,24028,65613
6/8/2022 4 p.m. EDT,34709,36719,34105,43151,112661,93016,14417,42892,20577,38502,19167,24776,67380
6/8/2022 5 p.m. EDT,36213,36276,34802,42521,114356,93553,15308,43896,21200,39434,20455,25244,68679
6/8/2022 6 p.m. EDT,38065,35946,35428,41341,115132,93864,16254,44884,21678,40025,21308,25328,69679
6/8/2022 7 p.m. EDT,39713,35102,35562,39714,112977,93203,16681,45790,21642,39698,21461,24766,69710
6/8/2022 8 p.m. EDT,41078,33643,35338,37880,108522,92081,16445,46487,21191,38597,21542,23845,68305
6/8/2022 9 p.m. EDT,42332,32379,34442,36143,104988,89843,16072,46580,20701,37011,21384,22780,66030
6/8/2022 10 p.m. EDT,42720,31220,33113,34388,101414,87402,15312,45802,20111,35867,20768,21970,63533
6/8/2022 11 p.m. EDT,41418,29081,32230,31732,94855,84793,13963,44720,18820,33696,19990,20796,61315
6/9/2022 12 a.m. EDT,40517,26721,30517,28859,89277,80292,12662,43861,17474,30864,18969,19418,57556
6/9/2022 1 a.m. EDT,39039,24920,28486,26609,84936,76091,11852,42034,16370,28487,17614,17939,53339
6/9/2022 2 a.m. EDT,36106,23675,26831,24783,81926,72446,11337,39210,15629,27729,16183,16769,49682
6/9/2022 3 a.m. EDT,33441,22844,25787,23575,80020,69998,11375,36562,15152,27006,14889,15995,46994
6/9/2022 4 a.m. EDT,31218,22318,25077,22826,78631,68157,11345,34619,14868,26149,13966,15640,45203
6/9/2022 5 a.m. EDT,29672,22369,24712,22660,78848,67358,11496,33322,14927,25802,13189,15319,44032
6/9/2022 6 a.m. EDT,28413,23098,24771,23439,81327,68131,11709,32684,15536,26335,12630,15397,43582
6/9/2022 7 a.m. EDT,27765,24121,25384,24726,84852,70593,12539,32361,16783,26861,12296,15941,44298
6/9/2022 8 a.m. EDT,27855,25483,26331,26442,89518,72937,13633,32916,17971,27359,12296,16798,45547
6/9/2022 9 a.m. EDT,28501,26905,27689,29243,91828,76204,14335,34316,18788,28329,12372,17797,47124
6/9/2022 10 a.m. EDT,29926,28567,29106,32146,94031,78871,14550,36608,19394,30112,12688,18680,49355
6/9/2022 11 a.m. EDT,31866,30567,30466,35076,96723,81876,14439,38839,19850,32165,13495,19663,52410
6/9/2022 12 p.m. EDT,33191,32701,32004,37517,98593,84845,14456,40177,20276,34102,14486,20750,56182
6/9/2022 1 p.m. EDT,33530,34629,33532,39398,100175,87668,14511,41196,20402,35917,15656,21767,60223
6/9/2022 2 p.m. EDT,34346,36313,35016,40137,101844,90428,14759,42248,20439,37542,16886,22568,64052
6/9/2022 3 p.m. EDT,35016,37175,36598,39235,102942,92861,14811,43525,20504,38848,18182,23187,67629
6/9/2022 4 p.m. EDT,36195,37833,37603,38699,104043,98310,15117,44714,20639,39643,19459,23673,70461
6/9/2022 5 p.m. EDT,37832,37988,38204,38695,105083,99637,15587,45971,20843,39309,20538,24117,71916
6/9/2022 6 p.m. EDT,39726,37680,38501,38431,105326,95176,16157,47099,21014,38712,21298,24164,72599
6/9/2022 7 p.m. EDT,42133,36704,38318,37619,103591,95636,16317,47795,20636,37838,21478,23971,72571
6/9/2022 8 p.m. EDT,44148,35144,37644,36303,100510,94708,16007,48327,20067,36635,21786,23119,71825
6/9/2022 9 p.m. EDT,45306,33182,36423,35238,96540,91813,15498,48318,19416,34807,21808,21927,69552
6/9/2022 10 p.m. EDT,45075,31573,35133,34003,93864,89379,14814,47540,18923,33826,21319,20982,66835
6/9/2022 11 p.m. EDT,44114,28942,34178,31612,88203,86665,13545,46290,17706,31798,20449,19746,64440
6/10/2022 12 a.m. EDT,42964,26185,32318,28886,83488,81625,12235,45180,16334,29463,19507,18154,60687
6/10/2022 1 a.m. EDT,41354,23835,30114,26422,79647,76629,11229,43146,15211,26775,17997,16752,56495
6/10/2022 2 a.m. EDT,38302,22225,28529,24626,76018,73202,11254,40039,14425,26006,16526,15502,52613
6/10/2022 3 a.m. EDT,35116,21117,27438,23397,73621,70580,11006,37316,13924,25185,15177,14858,49620
6/10/2022 4 a.m. EDT,32788,20495,26387,22690,72185,68757,10802,35361,13642,24311,14175,14420,47437
6/10/2022 5 a.m. EDT,31110,20210,25766,22533,72413,68061,10902,34064,13695,24019,13443,14172,46054
6/10/2022 6 a.m. EDT,29623,20481,25755,23150,74411,68665,11101,33344,14142,24166,12835,14343,45579
6/10/2022 7 a.m. EDT,28692,21193,26102,24219,77571,70535,11947,33251,15237,24450,12507,14781,46021
6/10/2022 8 a.m. EDT,28601,22470,26960,25812,82009,73240,12093,33770,16259,25080,12384,15538,47046
6/10/2022 9 a.m. EDT,29171,23980,28187,28573,84184,76835,12036,34999,16872,26322,12414,16470,48282
6/10/2022 10 a.m. EDT,30839,25306,29496,31639,85708,79186,12080,37245,17163,28142,12703,17309,50604
6/10/2022 11 a.m. EDT,32946,26653,30760,34646,88787,81415,12172,39580,17489,30219,13574,17999,53525
6/10/2022 12 p.m. EDT,34990,27774,32295,37315,91807,83912,12204,41171,17825,32280,14579,18884,56825
6/10/2022 1 p.m. EDT,36471,29102,33804,39284,94217,85597,12426,42648,18045,34086,15735,19511,60692
6/10/2022 2 p.m. EDT,37721,30352,35410,39837,96728,86916,12675,44131,18326,35649,17044,19944,64361
6/10/2022 3 p.m. EDT,38860,31567,37050,39715,98453,88359,13085,45502,18495,36824,18403,20371,68167
6/10/2022 4 p.m. EDT,40207,32307,38563,39224,99731,88911,13468,46844,18899,37430,19808,20591,71315
6/10/2022 5 p.m. EDT,42622,32960,39767,37929,100585,89060,14175,48008,19296,37812,21157,21069,72793
6/10/2022 6 p.m. EDT,45004,33037,40852,36604,100186,88998,14828,48826,19507,37037,22131,21430,73516
6/10/2022 7 p.m. EDT,47022,32205,40995,35148,97731,87976,14869,49515,19318,35677,22574,21426,73880
6/10/2022 8 p.m. EDT,48322,30720,40394,33511,94451,86111,14639,49979,18956,33894,23005,20874,73458
6/10/2022 9 p.m. EDT,49117,29194,39255,32495,92041,83892,14437,49802,18633,32432,23046,20147,71446
6/10/2022 10 p.m. EDT,48958,28010,37503,31414,90206,82178,13964,48812,18273,31501,22506,19585,68404
6/10/2022 11 p.m. EDT,47780,26037,36077,29372,86427,80196,12963,47229,17347,29908,21417,18779,65905
6/11/2022 12 a.m. EDT,45571,23852,34154,27176,81900,76345,12111,45767,16284,27906,20302,17375,62191
6/11/2022 1 a.m. EDT,43749,21951,31990,25122,77510,72064,11119,43774,15275,26017,18915,16008,58606
6/11/2022 2 a.m. EDT,40611,20623,30149,23403,73968,69270,10367,41156,14547,24612,17417,15040,54867
6/11/2022 3 a.m. EDT,37313,19719,28699,22187,72152,66788,10285,38565,14072,23829,16001,14255,51855
6/11/2022 4 a.m. EDT,34662,19182,27707,21405,71707,65230,10075,36497,13750,23335,15075,13896,49395
6/11/2022 5 a.m. EDT,32694,19015,26962,21028,71743,64278,10037,35200,13628,23018,14231,13635,47739
6/11/2022 6 a.m. EDT,30911,19081,26564,21126,71824,63673,10109,34145,13635,22676,13498,13513,46379
6/11/2022 7 a.m. EDT,29718,19175,26501,21419,71701,64173,10313,33649,13882,22347,12959,13638,46026
6/11/2022 8 a.m. EDT,29114,20132,26601,22675,72259,65120,10595,33478,14442,22795,12577,13892,46012
6/11/2022 9 a.m. EDT,28899,21759,27672,25694,74917,67741,10773,33688,15038,24208,12251,14797,46724
6/11/2022 10 a.m. EDT,28887,23695,29595,29074,78327,71311,10763,34889,15630,26333,12404,15980,50101
6/11/2022 11 a.m. EDT,30191,25867,31930,32008,81252,75065,10762,36840,16180,28888,13299,17390,54540
6/11/2022 12 p.m. EDT,31662,27778,34331,34457,83912,78977,11040,39374,16592,31578,14423,18762,59013
6/11/2022 1 p.m. EDT,32462,29384,36643,36328,85420,82418,11236,41540,16871,33827,15811,20068,63435
6/11/2022 2 p.m. EDT,33881,30557,38708,37341,86879,85487,11658,43081,16850,35966,17299,21292,67166
6/11/2022 3 p.m. EDT,34795,31378,40446,37455,87554,87953,12026,44300,17027,37330,18729,22269,70517
6/11/2022 4 p.m. EDT,36272,32018,41876,36992,88501,89930,12178,45255,17117,38322,20099,23208,72887
6/11/2022 5 p.m. EDT,38551,32620,43124,35922,89327,91455,12485,46049,17115,38810,21204,23880,73886
6/11/2022 6 p.m. EDT,39764,32892,43895,35827,89948,92365,13204,46839,17335,38954,22101,24348,74375
6/11/2022 7 p.m. EDT,41237,32527,43971,34485,89868,92467,13724,47551,17532,38473,22500,24313,74330
6/11/2022 8 p.m. EDT,42553,31350,43171,33171,88586,90944,13784,48107,17532,37278,22773,23701,73838
6/11/2022 9 p.m. EDT,43963,30105,41859,32388,86740,88618,13689,48218,17287,35544,22644,22454,72069
6/11/2022 10 p.m. EDT,44551,29016,40116,31313,85787,86759,13328,47516,17035,34264,21801,21515,69222
6/11/2022 11 p.m. EDT,43603,27137,38665,29488,82680,84372,12468,46123,16308,32231,20639,20270,66680
6/12/2022 12 a.m. EDT,42111,25108,36662,27168,79628,80165,11524,44798,15397,29978,19529,18783,63310
6/12/2022 1 a.m. EDT,40455,23275,34736,25056,75704,75467,10724,43169,14563,27801,18604,17213,59574
6/12/2022 2 a.m. EDT,37755,21851,32796,23369,72204,72446,10146,40544,13940,26499,16897,15997,55874
6/12/2022 3 a.m. EDT,34943,20945,31303,22217,70328,70411,10113,37910,13474,25638,15532,15234,52946
6/12/2022 4 a.m. EDT,32415,20260,30179,21374,69414,68593,9893,35638,13196,24997,14765,14767,50847
6/12/2022 5 a.m. EDT,30785,19934,29301,20989,69030,66956,9840,34179,13045,24419,14012,14391,48960
6/12/2022 6 a.m. EDT,29466,19995,28773,20966,69308,66172,9772,33196,12993,24036,13380,14070,47689
6/12/2022 7 a.m. EDT,28539,20045,28332,21145,69315,65963,9911,32617,13107,23688,12906,14051,47195
6/12/2022 8 a.m. EDT,27900,21165,28171,22416,70028,66809,9799,32237,13559,23853,12565,14267,46152
6/12/2022 9 a.m. EDT,27430,23353,29155,25497,72809,70135,10065,32224,14155,25473,12169,15481,46551
6/12/2022 10 a.m. EDT,27182,25740,31208,29251,76825,75092,10378,33327,14735,28386,12379,17125,49924
6/12/2022 11 a.m. EDT,27407,28153,33537,32693,80752,79498,10880,35166,15302,31146,13230,18970,54189
6/12/2022 12 p.m. EDT,28268,30762,35767,35783,83940,83766,11354,37626,15668,34120,14462,20940,58594
6/12/2022 1 p.m. EDT,28988,33152,38000,38124,86482,87851,11733,39692,16007,36435,15850,22757,63035
6/12/2022 2 p.m. EDT,30079,34718,40098,39790,88812,91115,12087,41521,16198,38399,17240,24210,67159
6/12/2022 3 p.m. EDT,31138,35723,41753,40767,91662,93746,12313,42845,16367,39671,18639,25330,70390
6/12/2022 4 p.m. EDT,32423,36360,43084,41545,94539,96024,12777,43604,16802,40838,19936,26084,72932
6/12/2022 5 p.m. EDT,33508,37006,44209,42034,97692,98307,13600,44088,17210,41452,21131,26658,74035
6/12/2022 6 p.m. EDT,34326,37189,45036,42009,100660,100703,14139,44704,17674,41857,21811,27021,74654
6/12/2022 7 p.m. EDT,35736,36697,45631,40945,101560,101896,14530,45259,17920,41592,22282,26787,74911
6/12/2022 8 p.m. EDT,36951,35533,45402,39060,100140,101848,14560,45891,17911,40776,22583,26406,74405
6/12/2022 9 p.m. EDT,37941,34125,44497,37489,98194,100052,14501,46170,17856,39071,22634,25785,72675
6/12/2022 10 p.m. EDT,38370,32897,42877,35919,96289,97424,14032,45588,17679,37849,22104,24873,69513
6/12/2022 11 p.m. EDT,37932,30536,41648,33088,92245,94521,13038,44449,16918,35573,21081,23593,67324
6/13/2022 12 a.m. EDT,37227,28097,39550,30316,87622,89539,12059,43533,15900,32849,20058,21976,63643
6/13/2022 1 a.m. EDT,36119,26038,37011,27545,83215,84410,11590,41862,15077,30372,18662,20379,59498
6/13/2022 2 a.m. EDT,33741,24557,34908,25609,80542,80540,11511,39115,14523,29031,17389,19288,55715
6/13/2022 3 a.m. EDT,31317,23584,33453,24206,79064,77366,11405,36590,14140,28222,16237,18353,53008
6/13/2022 4 a.m. EDT,29374,22933,32349,23479,77908,75389,11340,34791,13978,27327,15385,17716,51002
6/13/2022 5 a.m. EDT,27839,22790,31654,23323,78220,74747,11489,33696,14122,26936,14620,17366,49730
6/13/2022 6 a.m. EDT,26883,23411,31407,23933,80300,75390,11661,33160,14742,27021,13915,17487,49146
6/13/2022 7 a.m. EDT,26496,24520,31888,25056,85136,77602,12570,33136,16002,27522,13458,18021,49595
6/13/2022 8 a.m. EDT,26638,26350,32811,26685,91184,81002,13462,34040,17370,28350,13278,19086,50342
6/13/2022 9 a.m. EDT,27666,28620,34506,29736,96115,86010,13759,35832,18282,31024,13212,20634,51692
6/13/2022 10 a.m. EDT,29793,31422,36634,33043,100519,90997,13856,38469,18916,33854,13617,22595,54392
6/13/2022 11 a.m. EDT,31577,34593,38742,36435,106865,96086,14113,40715,19514,37054,14697,24607,58091
6/13/2022 12 p.m. EDT,32324,37357,40991,39417,113488,101461,14412,41876,20042,39858,15573,26599,62021
6/13/2022 1 p.m. EDT,32510,39477,43324,41946,120380,106231,14756,42748,20698,42252,16567,28327,65961
6/13/2022 2 p.m. EDT,30239,40893,45495,43863,125596,110153,15131,43318,21071,44181,17624,29568,69235
6/13/2022 3 p.m. EDT,32428,42026,47239,44993,129507,113040,15425,43718,21248,45532,18603,30466,72004
6/13/2022 4 p.m. EDT,32426,42660,48306,45933,132066,114604,16027,44265,21807,46494,19727,31021,74079
6/13/2022 5 p.m. EDT,32857,43205,48951,46561,134517,115833,16870,44692,22554,46996,20270,31274,74279
6/13/2022 6 p.m. EDT,33569,43262,49207,46459,135773,116006,17825,45248,22910,47009,20802,31311,74525
6/13/2022 7 p.m. EDT,34381,42640,49025,45667,133185,115235,18262,45700,22811,46367,21202,31012,74429
6/13/2022 8 p.m. EDT,35958,41544,48374,43675,128988,113777,17928,46176,22243,45277,21473,30443,73346
6/13/2022 9 p.m. EDT,37723,40174,47050,41782,123462,110763,17238,46291,21492,43695,21529,29497,71381
6/13/2022 10 p.m. EDT,38125,38132,45142,39641,118476,107432,16253,45547,20694,42497,20988,28677,68322
6/13/2022 11 p.m. EDT,37738,35411,43704,36471,110574,103835,14676,44442,19146,39737,20091,27201,66476
6/14/2022 12 a.m. EDT,37225,32547,41283,33131,104013,98225,13506,43347,17448,36682,19120,25292,62601
6/14/2022 1 a.m. EDT,36627,30202,38629,30304,97232,92971,12429,41555,16101,34499,17831,23347,58545
6/14/2022 2 a.m. EDT,34491,28560,36375,28065,91853,88410,12104,38464,15244,33094,16267,21821,55059
6/14/2022 3 a.m. EDT,32009,27354,34664,26467,88419,84729,11732,36061,14683,31738,15002,20732,52523
6/14/2022 4 a.m. EDT,31527,26452,33290,25453,86103,82358,11622,34355,14357,30641,14093,19848,50654
6/14/2022 5 a.m. EDT,29750,25944,32478,25124,85753,81012,11653,33092,14341,30053,13300,19345,49386
6/14/2022 6 a.m. EDT,28465,26317,32153,25547,87638,81521,12062,32490,14758,30175,12695,19258,49198
6/14/2022 7 a.m. EDT,27654,27145,32482,26572,91684,83141,12574,32420,15898,30583,12293,19487,49570
6/14/2022 8 a.m. EDT,27227,28389,33329,28000,96201,86418,12868,33197,16930,31190,12174,20253,50193
6/14/2022 9 a.m. EDT,27111,29719,34935,30706,99787,91689,12552,34863,17565,33012,12157,21695,51446
6/14/2022 10 a.m. EDT,28119,31038,36910,33754,103333,97159,12534,37323,17827,35855,12504,23241,53885
6/14/2022 11 a.m. EDT,30524,32117,38879,37255,107550,102071,12578,38934,17966,38869,13240,24799,57143
6/14/2022 12 p.m. EDT,31895,33128,40951,40563,111430,107238,12792,39637,18267,41728,14157,26600,60486
6/14/2022 1 p.m. EDT,32210,34313,42763,43630,115369,112118,13104,39816,18768,43674,15019,28109,63855
6/14/2022 2 p.m. EDT,31786,35904,44260,45666,118847,116381,13627,39959,19366,44819,15888,29300,67025
6/14/2022 3 p.m. EDT,31856,37125,45631,47019,121333,120152,14261,40160,19923,45065,16847,29847,69636
6/14/2022 4 p.m. EDT,31932,37984,46445,47931,124887,122234,14966,40561,20677,44972,17888,29726,71613
6/14/2022 5 p.m. EDT,32851,38720,47183,48184,127984,123840,15944,40972,21605,44316,18740,30031,72822
6/14/2022 6 p.m. EDT,33861,39181,47435,47749,130438,124781,16702,41453,22263,43504,19522,30072,73552
6/14/2022 7 p.m. EDT,35606,38852,47155,46046,130652,124716,17116,42083,22355,42403,20084,29773,73193
6/14/2022 8 p.m. EDT,37454,38021,46336,43469,127962,123011,16950,42892,21974,41095,20631,29399,71402
6/14/2022 9 p.m. EDT,39127,36636,45054,41459,123263,119560,16389,43399,21173,39813,20875,28618,68721
6/14/2022 10 p.m. EDT,40416,35281,43212,39199,119182,115558,15626,43218,20479,38901,20451,27738,66399
6/14/2022 11 p.m. EDT,40645,32734,41882,35949,111897,111545,14238,42226,19120,36670,19438,26330,64379
6/15/2022 12 a.m. EDT,40197,30139,39619,32478,105278,104955,12866,41291,17542,33956,18484,24309,60850
6/15/2022 1 a.m. EDT,39236,27585,36815,29705,99722,98238,12134,39546,16302,31466,17079,22634,57153
6/15/2022 2 a.m. EDT,37834,26107,34525,27447,94393,93172,11713,36979,15466,29979,15717,21040,53918
6/15/2022 3 a.m. EDT,35174,24899,33027,25853,90575,88718,11547,34634,14897,28881,14275,19989,51552
6/15/2022 4 a.m. EDT,30867,24209,31867,24804,88575,85612,11333,33072,14558,28383,13298,19086,50050
6/15/2022 5 a.m. EDT,29251,23903,31122,24394,88013,83452,11429,32056,14522,27423,12449,18277,49061
6/15/2022 6 a.m. EDT,28126,24323,30758,24858,89829,82972,11679,31596,14916,27552,11929,18379,48618
6/15/2022 7 a.m. EDT,27428,25385,31123,25885,93855,84441,12485,31746,16201,28305,11557,18605,49208
6/15/2022 8 a.m. EDT,27474,27087,32068,27264,99137,87493,13099,32620,17513,29196,11442,19407,50372
6/15/2022 9 a.m. EDT,28338,29207,33473,29927,105786,92830,12863,34397,18329,31070,11474,21104,51674
6/15/2022 10 a.m. EDT,29566,31892,35278,33258,111366,98430,12788,36516,18959,33889,11924,23088,53788
6/15/2022 11 a.m. EDT,31415,34765,37010,36705,116742,103401,12834,38128,19571,36781,12644,25161,56761
6/15/2022 12 p.m. EDT,32077,37180,38796,40072,122200,109059,13039,38774,20183,40049,13399,27087,60016
6/15/2022 1 p.m. EDT,32504,39316,40341,43104,127534,113897,13262,39274,20555,43106,14356,28723,62970
6/15/2022 2 p.m. EDT,33580,40815,41851,45697,132271,118200,13564,39750,21085,45368,15382,29854,65842
6/15/2022 3 p.m. EDT,34605,42099,43173,47391,135571,121108,13983,40323,21563,46738,16468,30392,68519
6/15/2022 4 p.m. EDT,36058,42759,44109,48414,137938,122822,14640,40971,22217,24714,17727,30544,70600
6/15/2022 5 p.m. EDT,37425,42792,44836,48906,139443,123271,15423,41630,22853,24714,18945,30724,71757
6/15/2022 6 p.m. EDT,39033,42695,45335,48483,139955,123240,16177,42515,23218,24714,19901,30784,72613
6/15/2022 7 p.m. EDT,41151,42326,45364,46921,138614,122269,16396,43561,22915,46130,20346,30424,72663
6/15/2022 8 p.m. EDT,42794,41062,44807,44306,135465,120575,16030,44534,22240,44350,20988,30056,71684
6/15/2022 9 p.m. EDT,43688,39319,43469,42216,130459,117249,15675,45225,21487,42599,21325,29120,69467
6/15/2022 10 p.m. EDT,43693,37729,41770,39522,126274,113174,15017,45046,20886,41166,20942,28249,66828
6/15/2022 11 p.m. EDT,42469,34624,40554,36591,119133,108741,13734,44208,19624,38374,19762,26756,64858
6/16/2022 12 a.m. EDT,41153,31862,38338,33222,112380,102501,12438,43045,18187,35288,18456,24816,61384
6/16/2022 1 a.m. EDT,39617,29241,35855,30293,106452,96324,11733,41230,17024,32677,16911,23084,57456
6/16/2022 2 a.m. EDT,36778,27632,33711,28170,101105,91320,11175,38331,16205,31106,15370,21491,53929
6/16/2022 3 a.m. EDT,33782,26304,32236,26512,96598,87326,10810,35747,15697,29868,13910,20440,51322
6/16/2022 4 a.m. EDT,33288,25327,31113,25449,93824,84530,10906,34019,15393,29110,13010,19452,49340
6/16/2022 5 a.m. EDT,31188,25036,30365,25027,93016,82656,10811,32812,15414,28309,12285,18956,48067
6/16/2022 6 a.m. EDT,29801,25373,30028,25420,94798,82686,11248,32162,15979,28532,11640,18668,47561
6/16/2022 7 a.m. EDT,28614,26230,30399,26359,98377,84445,12105,32098,17208,29061,10261,18849,47837
6/16/2022 8 a.m. EDT,27882,27623,31362,27943,103965,87825,12729,32901,18465,29644,11227,19792,48774
6/16/2022 9 a.m. EDT,28098,29333,33232,30768,107592,92017,12998,34348,19169,31472,11287,21232,49780
6/16/2022 10 a.m. EDT,28865,31497,35549,34004,110892,96687,13113,36590,19575,34236,11787,23083,52576
6/16/2022 11 a.m. EDT,30414,33792,37996,37769,114933,101789,13572,38588,19955,37365,12548,25060,56068
6/16/2022 12 p.m. EDT,32089,36071,40279,41247,119196,107044,13492,39854,20401,39777,13454,26925,60021
6/16/2022 1 p.m. EDT,33694,38224,42390,44296,123172,111778,13380,40761,20693,43031,14591,28517,63950
6/16/2022 2 p.m. EDT,33567,40055,44321,46538,126379,115590,13614,41913,20980,44650,16019,29819,67623
6/16/2022 3 p.m. EDT,33176,40815,46086,47979,128733,118480,13743,43075,21166,46525,17581,30635,71193
6/16/2022 4 p.m. EDT,33810,40074,47241,48735,130421,119821,13716,44254,21453,47290,19278,31213,73735
6/16/2022 5 p.m. EDT,34919,38216,48100,48976,131295,120681,14029,45546,21695,24714,20602,31586,74814
6/16/2022 6 p.m. EDT,36278,36241,48425,48504,130952,120888,14491,46807,21568,47142,21618,31617,75125
6/16/2022 7 p.m. EDT,38077,34117,48258,47015,128987,120338,14789,48099,21075,46219,22309,31190,74881
6/16/2022 8 p.m. EDT,39332,32359,47672,44739,126183,117941,14756,49096,20615,44964,22776,30512,74182
6/16/2022 9 p.m. EDT,40452,31129,46392,42587,122291,114765,14647,49557,20365,43331,22800,29340,71832
6/16/2022 10 p.m. EDT,40589,29918,44523,40403,117995,111035,14112,48958,19870,41973,22236,28511,68748
6/16/2022 11 p.m. EDT,40456,27930,43046,37385,112217,106994,13132,47474,18804,39279,21184,27095,66044
6/17/2022 12 a.m. EDT,39529,25679,40553,34170,106322,100596,12130,46035,17619,36158,20212,25161,62040
6/17/2022 1 a.m. EDT,38534,23935,37839,31353,100751,94348,11425,44275,16619,33625,18741,23271,57710
6/17/2022 2 a.m. EDT,37028,22611,35242,28833,95128,89069,11497,41376,15947,31881,17382,21698,53848
6/17/2022 3 a.m. EDT,34521,21916,33485,27112,90887,84829,11456,38507,15495,30621,15984,20478,50646
6/17/2022 4 a.m. EDT,32059,21454,31962,26089,89429,81922,11381,36326,15265,29590,14806,19476,48428
6/17/2022 5 a.m. EDT,30395,21486,30800,25633,88652,80064,11562,34965,15322,29221,13901,19075,46747
6/17/2022 6 a.m. EDT,28971,22184,30163,26026,90501,79911,11723,34063,15799,29157,13473,19137,45903
6/17/2022 7 a.m. EDT,28091,23165,30378,26710,93036,80424,12429,33689,16995,29236,13150,19315,46113
6/17/2022 8 a.m. EDT,27499,24813,31053,27709,99287,82745,13478,34209,18337,29804,12983,20197,46613
6/17/2022 9 a.m. EDT,27686,26972,32611,30135,105721,87143,14175,35439,19330,31462,12949,21776,47782
6/17/2022 10 a.m. EDT,28505,29518,34617,33283,111087,90224,14408,37799,20078,34231,13232,23449,50781
6/17/2022 11 a.m. EDT,29577,32289,36963,36567,117974,93827,14579,40164,20872,37297,14095,25573,54795
6/17/2022 12 p.m. EDT,30981,35159,39674,39745,123605,97628,14763,42046,21805,40231,15138,26138,59255
6/17/2022 1 p.m. EDT,31556,37811,42211,42452,127480,100943,15425,43618,22571,42898,16201,26665,63647
6/17/2022 2 p.m. EDT,31728,40024,44461,44543,130128,104122,16241,45148,23006,44930,17307,26960,67489
6/17/2022 3 p.m. EDT,32081,41472,46317,46207,131656,107481,16113,46172,23265,46149,18410,26294,70965
6/17/2022 4 p.m. EDT,31967,42227,47507,47101,132445,110242,16180,47139,23529,46913,19295,25829,73429
6/17/2022 5 p.m. EDT,31928,42090,48309,47874,132886,111902,16604,47955,23896,47043,19782,25756,74607
6/17/2022 6 p.m. EDT,31924,40436,48699,47621,133052,113184,17095,48572,24021,45519,20470,25990,74804
6/17/2022 7 p.m. EDT,31929,37628,48271,46443,130063,113061,17275,48792,23600,42579,20668,25949,74565
6/17/2022 8 p.m. EDT,32339,34785,47342,44286,124837,110808,16990,48664,22756,40895,20906,25518,73110
6/17/2022 9 p.m. EDT,33193,32851,45863,41991,118096,106886,16351,48050,21721,39010,20880,24683,70545
6/17/2022 10 p.m. EDT,33768,31159,43819,39650,112110,101835,15693,46769,20895,37693,20419,23937,67522
6/17/2022 11 p.m. EDT,34319,28704,42268,35738,104207,97215,14456,45302,19640,35472,19331,22791,64819
6/18/2022 12 a.m. EDT,34213,26412,40015,33440,96497,91112,13118,44290,18176,33047,18846,21172,61176
6/18/2022 1 a.m. EDT,34323,24369,37531,30756,88944,84959,12067,42595,16870,30714,17845,19553,57256
6/18/2022 2 a.m. EDT,33670,22761,35079,28358,83299,80805,11353,40076,15946,29255,16819,18392,53478
6/18/2022 3 a.m. EDT,31928,21620,33291,26546,79593,76890,10892,37531,15250,28149,15646,17298,50360
6/18/2022 4 a.m. EDT,29929,20928,31880,25286,76770,73984,10619,35500,14815,27054,14692,16590,47817
6/18/2022 5 a.m. EDT,28458,20424,30876,24499,75451,72083,10848,34443,14536,26703,13820,16207,45911
6/18/2022 6 a.m. EDT,27242,20300,30242,24173,74858,71078,10843,33584,14351,26380,13215,15873,44652
6/18/2022 7 a.m. EDT,26377,20293,30006,24156,75251,70156,11067,33177,14467,25659,12776,15888,44169
6/18/2022 8 a.m. EDT,25846,21522,30046,25287,78202,70442,10979,33027,14963,25658,12530,16307,43788
6/18/2022 9 a.m. EDT,25769,23728,31357,28436,81054,73466,11175,33438,15494,27459,12362,17484,44950
6/18/2022 10 a.m. EDT,25756,26198,33733,32313,82251,77621,11005,34890,15701,29888,12483,19242,48164
6/18/2022 11 a.m. EDT,26275,28531,36560,35933,84229,81727,10967,36971,15759,33050,13162,20900,51951
6/18/2022 12 p.m. EDT,27260,30401,39423,39538,85343,85601,11024,38586,15710,35957,13913,22266,56440
6/18/2022 1 p.m. EDT,27357,31835,42032,41681,85888,89021,11098,39923,15579,38435,14771,23413,60799
6/18/2022 2 p.m. EDT,26965,33024,43896,43455,86456,91657,11211,40988,15531,40313,15668,24170,64657
6/18/2022 3 p.m. EDT,26272,33848,45335,44173,87093,93761,11349,41553,15634,41566,16459,24857,67671
6/18/2022 4 p.m. EDT,25774,34652,46339,43770,87838,95822,11677,41893,15647,42439,17143,25277,70022
6/18/2022 5 p.m. EDT,25616,35281,47121,42930,89106,97945,11965,42221,15716,43065,17401,25713,71627
6/18/2022 6 p.m. EDT,25907,35373,47583,41839,90554,99268,12307,42380,15811,43032,17800,25640,72467
6/18/2022 7 p.m. EDT,26408,34721,47559,40175,89999,99732,12406,42660,15785,42319,18066,25092,72396
6/18/2022 8 p.m. EDT,27373,33137,46664,38138,88151,98460,12339,42688,15798,40786,17837,24226,71123
6/18/2022 9 p.m. EDT,28539,30821,45231,36432,84949,94991,12298,42718,15777,38472,17251,22646,68729
6/18/2022 10 p.m. EDT,30691,29055,43389,34636,82819,91203,11920,42144,15643,36707,16593,21419,65712
6/18/2022 11 p.m. EDT,31439,26646,42012,32231,79085,87858,11188,41223,15047,34383,16053,20132,63598
6/19/2022 12 a.m. EDT,31708,24081,39825,29943,75593,83234,10403,40728,14268,31643,15648,18494,60323
6/19/2022 1 a.m. EDT,31976,21758,37569,27698,72190,77935,9896,39631,13497,28989,14825,16985,56854
6/19/2022 2 a.m. EDT,31489,20145,35283,25882,69152,73208,9625,37632,12959,26745,14123,15590,53324
6/19/2022 3 a.m. EDT,30126,18949,33444,24551,66962,70082,9382,35315,12552,25445,13273,14612,50383
6/19/2022 4 a.m. EDT,28627,18172,32037,23580,66305,67974,9415,33854,12320,24908,12754,13947,47913
6/19/2022 5 a.m. EDT,27253,17816,30845,23015,65856,66608,9307,32723,12229,24297,12287,13465,46270
6/19/2022 6 a.m. EDT,26053,17654,30055,22880,65677,65716,9367,32019,12191,23814,11892,13201,44937
6/19/2022 7 a.m. EDT,25226,17536,29685,22978,65234,65018,9276,31659,12267,23342,11564,13085,44228
6/19/2022 8 a.m. EDT,24746,18517,29381,23771,67043,64943,9471,31628,12490,23242,11303,13394,43512
6/19/2022 9 a.m. EDT,24497,20127,30525,26783,69657,67810,9763,31876,12742,24798,11046,14274,44447
6/19/2022 10 a.m. EDT,24626,21417,32789,30838,70080,71909,9475,32938,12903,26441,11033,15577,47846
6/19/2022 11 a.m. EDT,25004,22476,35313,35008,71177,76262,9463,34521,13079,28537,11620,16765,52501
6/19/2022 12 p.m. EDT,25783,23715,37473,38523,72957,80576,9703,36225,13189,30619,12228,17880,57200
6/19/2022 1 p.m. EDT,25754,24571,39580,41403,74797,84420,9974,37364,13325,32798,12860,19008,61811
6/19/2022 2 p.m. EDT,25071,25617,41647,43033,76530,88166,10056,38249,13421,34609,13651,20107,65636
6/19/2022 3 p.m. EDT,24424,26857,43201,43402,78876,91642,10224,38626,13579,36410,14450,21095,68712
6/19/2022 4 p.m. EDT,24266,28096,44304,42617,81931,94637,10312,39057,13893,37870,15182,22124,70905
6/19/2022 5 p.m. EDT,24311,29374,45175,40977,85897,98087,10951,39257,14447,38896,15895,23015,72412
6/19/2022 6 p.m. EDT,25254,30106,45836,38735,89273,100499,11584,39567,15153,39318,16520,23573,73468
6/19/2022 7 p.m. EDT,26458,29964,45833,37326,90349,102011,11960,40251,15672,38956,17220,23667,73801
6/19/2022 8 p.m. EDT,27949,28812,45160,35988,89656,101373,12103,40762,15856,37785,17478,22988,72734
6/19/2022 9 p.m. EDT,30096,26973,43865,35158,87680,99117,12176,41160,15829,35507,17497,21618,70035
6/19/2022 10 p.m. EDT,31486,25779,42087,34173,86258,95737,11909,40918,15823,33826,16999,20442,66638
6/19/2022 11 p.m. EDT,32885,23641,40809,32002,82920,92754,11100,40154,15126,31584,16147,19267,64248
6/20/2022 12 a.m. EDT,33397,21421,38818,29392,78041,87601,10243,39637,14259,29032,15407,17887,60512
6/20/2022 1 a.m. EDT,33483,19635,36115,27331,75652,82154,9613,38618,13541,26737,14386,16163,56329
6/20/2022 2 a.m. EDT,32946,18530,33862,25591,73319,77325,9407,36434,13068,25186,13341,15177,52660
6/20/2022 3 a.m. EDT,31076,17957,32162,24393,71337,74088,9352,34320,12748,24361,12261,14382,49819
6/20/2022 4 a.m. EDT,28988,17782,30972,23671,70382,71955,9546,32834,12569,23821,11387,13848,47673
6/20/2022 5 a.m. EDT,27456,17745,30134,23513,70712,70888,9438,31853,12654,23531,10802,13789,46481
6/20/2022 6 a.m. EDT,26219,18404,29800,24010,72802,71372,9658,31396,13023,23830,10380,13892,45740
6/20/2022 7 a.m. EDT,25559,19337,30135,24903,74806,73536,10424,31542,13814,24221,10161,14454,45878
6/20/2022 8 a.m. EDT,25094,20518,30930,26408,77361,76587,10809,32305,14682,24814,10231,15245,46522
6/20/2022 9 a.m. EDT,25380,21961,32685,29361,81187,81564,10759,33877,15238,26443,10385,16268,48094
6/20/2022 10 a.m. EDT,26410,23315,34758,32786,84737,86559,10511,36076,15595,28747,10939,17387,51453
6/20/2022 11 a.m. EDT,28030,24678,36924,36284,87826,91769,10421,37775,15885,31586,11547,18822,55858
6/20/2022 12 p.m. EDT,29647,26063,39291,39411,90686,97523,10477,39067,16029,34256,12134,20440,60760
6/20/2022 1 p.m. EDT,30898,27535,41615,41607,93804,103156,10547,40072,16264,36798,13000,22032,65610
6/20/2022 2 p.m. EDT,31547,28965,43760,43131,97214,108406,10762,41011,16588,39120,14005,23623,69677
6/20/2022 3 p.m. EDT,32103,30465,45757,44340,100279,112788,11091,41591,17072,40751,15103,25030,73257
6/20/2022 4 p.m. EDT,33054,31425,47293,44735,103443,116417,11662,42108,17687,42015,16166,26223,75398
6/20/2022 5 p.m. EDT,34372,32358,48306,44122,106887,119247,12615,42784,18405,42735,16972,27002,76136
6/20/2022 6 p.m. EDT,35804,32686,48772,42749,109267,121082,13756,43402,19050,42818,17510,27372,76576
6/20/2022 7 p.m. EDT,38154,32459,48614,41038,109334,121203,14428,44014,19261,42311,18123,27323,76483
6/20/2022 8 p.m. EDT,40577,31283,47898,38908,107116,119962,14389,44941,19017,41027,18509,26548,75694
6/20/2022 9 p.m. EDT,42959,29793,46438,37286,103667,116339,14123,45543,18646,38912,18623,25256,73512
6/20/2022 10 p.m. EDT,44645,28580,44414,35494,100516,111502,13575,45305,18311,37286,18427,23920,70436
6/20/2022 11 p.m. EDT,44948,26149,42786,32772,96164,106887,12419,43966,17196,34619,17652,22091,68086
6/21/2022 12 a.m. EDT,44023,23517,40329,29687,90491,100334,11279,42885,15971,31715,16806,20082,64006
6/21/2022 1 a.m. EDT,42523,21639,37609,26914,85247,92799,10447,41078,14943,29167,15501,18455,59758
6/21/2022 2 a.m. EDT,40549,20342,35348,24959,80992,87774,10186,38408,14209,27591,14214,16991,55867
6/21/2022 3 a.m. EDT,37341,19559,33734,23539,78058,83334,9951,35839,13753,26166,12926,16096,52856
6/21/2022 4 a.m. EDT,34078,19215,32395,22617,76290,79933,10054,34084,13513,25638,12061,15532,50393
6/21/2022 5 a.m. EDT,31721,19197,31412,22331,76154,77838,10033,32898,13595,25177,11477,15175,48922
6/21/2022 6 a.m. EDT,30007,19873,30962,22882,78473,77938,10428,32293,14105,25155,11155,15410,48193
6/21/2022 7 a.m. EDT,28663,20944,31267,24003,82356,79340,11161,32265,15224,25863,10897,15892,48518
6/21/2022 8 a.m. EDT,28172,22319,32022,25353,87415,83014,11570,32965,16422,26579,10944,16706,49339
6/21/2022 9 a.m. EDT,28155,23579,33781,27819,92112,88168,11663,34043,17320,28302,11101,17942,50791
6/21/2022 10 a.m. EDT,29072,24927,35914,30671,94218,94017,11589,36187,17830,30734,11502,19509,53949
6/21/2022 11 a.m. EDT,30752,26464,38351,33557,98682,100281,11791,37981,18337,33799,12040,21303,57740
6/21/2022 12 p.m. EDT,32583,28333,40894,36244,103867,106597,12151,38773,18662,36850,12591,23445,61640
6/21/2022 1 p.m. EDT,33956,30459,43288,38410,109013,112529,12507,39560,19067,39618,13489,25482,65717
6/21/2022 2 p.m. EDT,34589,32304,45292,40100,113986,117829,12440,40267,19290,41871,14601,27018,69349
6/21/2022 3 p.m. EDT,36023,34052,47056,41341,118426,121882,12540,41046,19666,43566,15769,28216,72380
6/21/2022 4 p.m. EDT,37703,35616,48180,42327,122955,124528,13009,42198,20179,44786,16957,29244,74572
6/21/2022 5 p.m. EDT,39479,36879,48872,42953,126850,75389,13628,43274,20527,45540,17843,29975,75808
6/21/2022 6 p.m. EDT,41441,37419,48923,42957,129047,75389,14401,44272,20632,45493,18638,30413,76056
6/21/2022 7 p.m. EDT,43627,37132,48554,41909,128501,75389,14740,45401,20384,44792,19094,30092,75821
6/21/2022 8 p.m. EDT,45659,35669,47711,39637,125839,75389,14582,46594,20022,43577,19356,29349,74669
6/21/2022 9 p.m. EDT,47440,33680,46229,37633,121302,122025,14309,47252,19581,41469,19015,28055,72231
6/21/2022 10 p.m. EDT,48426,31892,44262,35634,116837,117139,13749,47163,19041,39846,18390,26709,68923
6/21/2022 11 p.m. EDT,48415,28986,42550,32718,111124,112094,12655,45927,17977,36918,17838,24990,66356
6/22/2022 12 a.m. EDT,47173,25971,39688,29517,103766,104428,11552,44558,16768,33770,17349,23040,62428
6/22/2022 1 a.m. EDT,45527,23784,36588,26749,97939,98388,10926,42511,15820,30931,16553,20876,58043
6/22/2022 2 a.m. EDT,43337,22251,34261,24676,92697,92365,11139,39462,15108,29478,15285,19479,54098
6/22/2022 3 a.m. EDT,39795,21226,32524,23288,88781,87494,10883,36732,14699,27939,14289,18446,51075
6/22/2022 4 a.m. EDT,36315,20528,31231,22401,86132,84083,11025,35212,14491,26913,13528,17514,48849
6/22/2022 5 a.m. EDT,33838,20320,30409,22137,85129,81995,10995,33983,14556,26302,12890,16943,47321
6/22/2022 6 a.m. EDT,32016,20960,30142,22663,86748,81708,11249,33226,15056,26257,12491,16983,46625
6/22/2022 7 a.m. EDT,30775,21596,30530,23687,90834,83642,12244,33036,16216,26666,12260,17428,47016
6/22/2022 8 a.m. EDT,29778,23214,31214,25027,94785,87000,12945,33652,17490,27723,12288,18228,47833
6/22/2022 9 a.m. EDT,29615,25061,32800,27240,99774,92138,13304,35149,18385,29579,12439,19749,49372
6/22/2022 10 a.m. EDT,30254,27140,34660,29806,104133,97112,13177,37144,18914,32232,12720,21482,52508
6/22/2022 11 a.m. EDT,31498,29842,36702,32606,110381,101836,13246,38750,19283,35553,13298,23776,56211
6/22/2022 12 p.m. EDT,33383,32695,39033,35242,116329,107208,13322,39820,19659,39164,14064,26017,60458
6/22/2022 1 p.m. EDT,34552,35574,41075,37812,121750,112184,13288,41262,19928,42227,14731,27772,64814
6/22/2022 2 p.m. EDT,36539,38083,42819,39981,125755,115786,13163,42394,20222,44526,15644,29192,68586
6/22/2022 3 p.m. EDT,37980,39816,44314,41628,127619,118878,13094,43584,20333,46276,16667,30082,71867
6/22/2022 4 p.m. EDT,39224,40792,45407,42899,128126,120904,13104,44577,20219,47323,17561,30232,73973
6/22/2022 5 p.m. EDT,40286,41817,46128,43603,126497,121974,13422,45363,20216,24714,18311,30606,75284
6/22/2022 6 p.m. EDT,42186,42006,46413,43654,124106,121985,13924,46423,20232,24714,19098,30725,75944
6/22/2022 7 p.m. EDT,44088,41716,46150,42819,121293,121384,14229,47197,19973,47281,19424,30308,75541
6/22/2022 8 p.m. EDT,45636,40247,45327,40811,117371,118958,14143,47971,19570,46024,19821,29809,74122
6/22/2022 9 p.m. EDT,46238,38124,44087,38616,113168,115073,13969,48196,19089,43946,20043,28723,71738
6/22/2022 10 p.m. EDT,46213,36040,42333,36546,108432,110234,13500,47588,18487,42271,19680,27558,68959
6/22/2022 11 p.m. EDT,45532,33248,40691,33460,102201,105021,12466,46197,17349,39757,18913,26172,66533
6/23/2022 12 a.m. EDT,44596,30102,38318,30120,96082,98085,11423,44919,16131,36752,18273,24058,62577
6/23/2022 1 a.m. EDT,43438,27614,35778,27158,91209,90998,11261,43076,15136,33936,17081,22207,58276
6/23/2022 2 a.m. EDT,41803,25958,33777,24883,87035,85237,11035,40484,14450,32500,15740,20631,54373
6/23/2022 3 a.m. EDT,39009,24800,32245,23377,83767,81257,10924,37522,14006,30951,14461,19448,51259
6/23/2022 4 a.m. EDT,35812,23978,31074,22363,81844,78165,10919,35253,13743,29804,13565,18758,48903
6/23/2022 5 a.m. EDT,33526,23657,30369,21928,81383,76080,10869,33724,13797,29192,12831,18128,47281
6/23/2022 6 a.m. EDT,31713,24107,30023,22429,83002,75729,11170,33700,14281,29323,12415,17953,46744
6/23/2022 7 a.m. EDT,30513,24906,30395,23450,86570,77143,11581,33322,15358,29568,12172,18316,47002
6/23/2022 8 a.m. EDT,30058,26078,31240,25005,91900,80918,12181,33633,16505,30212,12192,19019,47710
6/23/2022 9 a.m. EDT,30003,27726,32979,27846,95155,85652,12485,35071,17300,32007,12208,20345,49260
6/23/2022 10 a.m. EDT,30573,29393,34985,31171,96337,90732,12463,37190,17865,34477,12693,22134,52536
6/23/2022 11 a.m. EDT,32402,31720,37268,34819,99512,95591,12618,39271,18246,37903,13696,23940,56962
6/23/2022 12 p.m. EDT,34255,34049,39675,38389,102200,100561,13041,40898,18613,41467,14757,25699,61839
6/23/2022 1 p.m. EDT,36314,36008,41943,41616,104767,105413,13104,42274,18902,44398,15838,27247,66397
6/23/2022 2 p.m. EDT,37387,37962,43578,44251,106269,109727,13369,43583,19242,46407,17085,28379,70229
6/23/2022 3 p.m. EDT,38786,39265,44761,46248,106782,113598,13466,44883,19419,24714,18284,29062,73627
6/23/2022 4 p.m. EDT,39822,39848,45483,47628,108750,116448,13622,46247,19516,24714,19565,29442,75854
6/23/2022 5 p.m. EDT,41616,39700,45916,48332,111221,118449,14097,47629,19850,24714,20648,29672,76391
6/23/2022 6 p.m. EDT,45259,39448,46100,48202,112593,119286,14908,48716,20092,24714,21180,29677,76597
6/23/2022 7 p.m. EDT,46445,38662,46069,46570,111972,119098,15146,49678,19937,46707,20677,29340,76437
6/23/2022 8 p.m. EDT,47603,37245,45684,44270,109447,116999,14912,50177,19610,45554,19726,28386,76005
6/23/2022 9 p.m. EDT,48559,35120,44225,41903,105674,112995,14624,49818,19232,43768,18178,27027,74224
6/23/2022 10 p.m. EDT,49401,33508,42612,39866,101816,108371,14116,48675,18851,42250,17721,25645,71243
6/23/2022 11 p.m. EDT,49321,30897,41306,36819,96515,103725,13012,47261,17781,39546,17313,23817,68540
6/24/2022 12 a.m. EDT,48006,28325,39186,33725,91535,96840,11870,45745,16532,36811,16912,21766,64523
6/24/2022 1 a.m. EDT,44289,25942,36781,31045,86180,89775,11022,43787,15510,34235,16056,19867,60187
6/24/2022 2 a.m. EDT,43547,24283,34487,28970,82012,85116,10877,40923,14770,32562,15276,18497,56237
6/24/2022 3 a.m. EDT,40151,23288,32963,27516,78868,80843,10708,38292,14263,30804,14345,17230,53345
6/24/2022 4 a.m. EDT,36601,22572,31830,26592,77071,77954,10583,36325,13976,29809,13616,16475,50670
6/24/2022 5 a.m. EDT,33975,22336,31136,26234,76910,76262,10719,35015,13976,29257,13096,16025,48888
6/24/2022 6 a.m. EDT,31980,22735,30874,26639,78913,76317,11137,34121,14400,29335,12540,16022,48013
6/24/2022 7 a.m. EDT,30679,23449,31394,27417,82131,78109,11595,34007,15449,29566,12268,16266,48238
6/24/2022 8 a.m. EDT,29585,24787,32195,28888,86697,80481,12132,34417,16608,30071,12355,17053,48490
6/24/2022 9 a.m. EDT,29327,26397,33717,31853,90204,85287,12334,35462,17403,32021,12414,18467,49765
6/24/2022 10 a.m. EDT,30022,27807,35556,35457,93734,90490,12235,37666,17951,34313,12654,20036,53116
6/24/2022 11 a.m. EDT,31162,29472,37629,39010,97489,95895,12544,39872,18463,37037,13145,21938,57533
6/24/2022 12 p.m. EDT,33029,31323,39789,42442,101646,101322,13102,41573,19099,39856,13766,23873,62314
6/24/2022 1 p.m. EDT,34703,33156,42028,45225,106292,106873,13365,43050,19678,42308,14778,25528,66614
6/24/2022 2 p.m. EDT,36006,34822,44084,47356,110663,111734,13778,44311,20318,43978,15875,26783,70435
6/24/2022 3 p.m. EDT,37021,36246,45907,48546,114818,115342,14232,45350,20850,44795,16962,27692,73477
6/24/2022 4 p.m. EDT,38611,37282,47078,47937,118410,117996,14841,46417,21421,45057,18118,28514,75560
6/24/2022 5 p.m. EDT,40509,37752,47963,45286,121788,119615,15417,47412,21865,44960,19021,29013,76097
6/24/2022 6 p.m. EDT,43230,38069,48583,43512,123771,119966,16107,47595,22107,44638,19814,29200,76355
6/24/2022 7 p.m. EDT,45593,37390,48456,41077,122689,118927,16467,48071,21898,43706,20163,28913,76293
6/24/2022 8 p.m. EDT,47500,35904,47600,38414,119241,116408,16360,48546,21351,42184,20749,28012,75732
6/24/2022 9 p.m. EDT,48522,33962,46372,36618,113274,112428,15933,48595,20644,40346,20921,26677,73724
6/24/2022 10 p.m. EDT,49236,32541,44428,34853,107966,107336,15415,47987,20041,39086,20159,25465,70593
6/24/2022 11 p.m. EDT,48752,30167,43162,32538,101813,102966,14344,46606,18933,36948,19119,23944,67985
6/25/2022 12 a.m. EDT,47417,27656,41007,30209,96090,96499,13278,44980,17706,34329,18258,22181,64102
6/25/2022 1 a.m. EDT,43802,25344,38592,27927,89361,89881,12514,43225,16583,31955,17173,20325,60113
6/25/2022 2 a.m. EDT,42693,23748,36413,26081,84373,85545,12046,40847,15739,30628,16080,19026,56211
6/25/2022 3 a.m. EDT,39451,22578,34705,24753,80825,81347,11656,38057,15084,29375,14933,17947,53042
6/25/2022 4 a.m. EDT,36253,21571,33470,23976,78115,78280,11525,35997,14647,28847,14106,17150,50436
6/25/2022 5 a.m. EDT,34028,21132,32456,23551,76747,76644,11578,34373,14455,28127,13405,16591,48565
6/25/2022 6 a.m. EDT,31736,21061,31801,23486,76432,75545,11679,33324,14369,27773,12798,16349,47269
6/25/2022 7 a.m. EDT,29938,21145,31655,23692,77060,75373,12040,32660,14768,27410,12419,16179,46645
6/25/2022 8 a.m. EDT,28940,22151,31613,24572,80471,75955,12214,32734,15574,27449,12178,16620,45834
6/25/2022 9 a.m. EDT,28451,24243,32600,27092,85416,79153,12570,32965,16545,28539,11933,17962,46645
6/25/2022 10 a.m. EDT,28388,26514,34669,30289,90425,83665,12623,34053,17548,30569,12024,19910,50031
6/25/2022 11 a.m. EDT,28715,28574,37051,33653,96286,88457,12705,35668,18598,33303,12588,22032,54453
6/25/2022 12 p.m. EDT,30107,30491,39333,36558,101786,93405,13255,37355,19533,35757,13345,23907,58831
6/25/2022 1 p.m. EDT,30925,31880,41436,39015,106605,98284,13839,38819,20357,37798,14111,25507,62906
6/25/2022 2 p.m. EDT,31551,33175,43147,40847,110455,102193,14386,40171,20955,39304,15162,26602,66391
6/25/2022 3 p.m. EDT,32502,34348,44585,41811,113475,105035,15014,41423,21539,40347,16265,27469,69279
6/25/2022 4 p.m. EDT,33559,35384,45668,41756,116584,106663,15845,42662,22181,40966,17164,28133,71683
6/25/2022 5 p.m. EDT,35038,36171,46418,40993,119295,107737,16881,43774,22886,41066,17949,28479,73436
6/25/2022 6 p.m. EDT,37522,36407,46792,39665,120632,108391,17840,45203,23550,40532,18646,28681,74599
6/25/2022 7 p.m. EDT,39233,35737,46583,37924,119751,108029,18404,46586,23767,39750,19186,28513,74965
6/25/2022 8 p.m. EDT,41571,34208,45573,36113,116385,106500,18217,47644,23326,38273,19713,27745,73818
6/25/2022 9 p.m. EDT,43263,32506,43919,34948,111475,103142,17561,48238,22480,36678,19641,26559,71469
6/25/2022 10 p.m. EDT,44577,31043,41950,33721,107689,99859,16858,47902,21822,35704,18651,25525,68168
6/25/2022 11 p.m. EDT,45019,28854,40337,31696,102250,96635,15646,46954,20651,34054,17753,24278,65259
6/26/2022 12 a.m. EDT,43893,26528,38338,29220,97355,91357,14334,45556,19277,31936,17149,22622,61681
6/26/2022 1 a.m. EDT,40571,24398,35963,27064,91985,85754,13271,43832,17986,29780,16253,21073,57872
6/26/2022 2 a.m. EDT,39993,22833,33901,25293,87890,81950,12999,41164,17040,28026,15376,19752,54119
6/26/2022 3 a.m. EDT,37221,21698,32293,24032,84412,78990,12712,38485,16338,27026,14477,18770,50939
6/26/2022 4 a.m. EDT,34521,20807,31032,23080,81940,76506,12564,36234,15840,26470,13620,17954,48496
6/26/2022 5 a.m. EDT,32164,20261,30122,22521,80543,74969,12367,34482,15521,25497,12980,17239,46629
6/26/2022 6 a.m. EDT,30115,20138,29507,22330,79759,74008,12226,33472,15298,25139,12560,16743,45439
6/26/2022 7 a.m. EDT,28700,20020,29104,22321,79754,73267,12421,32837,15509,24884,12305,16757,44319
6/26/2022 8 a.m. EDT,27705,21110,28621,23417,82834,73146,12529,32580,16302,24844,12152,16747,43377
6/26/2022 9 a.m. EDT,27062,23392,29086,26606,88377,74623,12634,32449,17470,26469,11896,17901,44300
6/26/2022 10 a.m. EDT,26641,26082,30064,30327,93383,78425,13158,33337,18769,28660,11848,19475,47825
6/26/2022 11 a.m. EDT,27159,28349,31388,33633,98112,82904,13997,35080,20057,31355,12580,21054,52317
6/26/2022 12 p.m. EDT,28456,30454,32577,36665,103367,86443,14852,37163,21249,33813,13334,22607,56857
6/26/2022 1 p.m. EDT,28913,32336,33860,39374,108179,89257,15836,39215,22179,35982,14312,24049,61525
6/26/2022 2 p.m. EDT,29166,33857,35171,40973,112148,91745,16512,41038,22755,37768,15145,25045,65647
6/26/2022 3 p.m. EDT,29930,34796,36287,41647,115473,93916,16891,42704,23192,38941,16088,25498,69217
6/26/2022 4 p.m. EDT,31601,35362,37123,41494,118338,95329,17558,44215,23434,39525,16955,25508,71834
6/26/2022 5 p.m. EDT,33693,35752,37927,41083,120336,96891,18348,45595,23762,39951,17736,25457,73805
6/26/2022 6 p.m. EDT,36058,35920,38394,40123,120724,97877,19242,47136,23983,40033,18385,25233,75069
6/26/2022 7 p.m. EDT,38747,35355,38566,38838,118752,97770,19597,48601,23781,39629,18923,24541,75382
6/26/2022 8 p.m. EDT,41023,34376,37870,37045,115091,95567,19210,49850,23042,38519,19171,23602,74453
6/26/2022 9 p.m. EDT,43060,33113,36554,35656,110822,92442,18558,50492,22393,36896,18421,22692,72149
6/26/2022 10 p.m. EDT,44840,31959,35169,34130,107244,88973,17741,50276,21886,35842,17157,22239,69025
6/26/2022 11 p.m. EDT,45714,29753,34279,31717,101918,86060,16235,49265,20805,33737,16321,21246,66664
6/27/2022 12 a.m. EDT,44783,27282,32479,29101,96957,82432,14723,47683,19475,31437,15772,19941,62665
6/27/2022 1 a.m. EDT,41559,25306,30442,26590,92362,77559,13851,45632,18357,29200,14969,18653,58277
6/27/2022 2 a.m. EDT,40953,23976,28790,24695,87901,73320,13269,42527,17494,28122,14008,17569,54215
6/27/2022 3 a.m. EDT,37796,23038,27615,23436,84868,70763,12895,39436,16948,26830,12962,16772,51041
6/27/2022 4 a.m. EDT,34729,22592,26921,22688,83163,69148,12856,37177,16629,26055,12222,16291,48551
6/27/2022 5 a.m. EDT,32353,22550,26576,22527,83375,68221,12977,35888,16667,25607,11964,16132,46730
6/27/2022 6 a.m. EDT,30567,23230,26631,23168,85525,68659,13365,35066,17165,25969,11630,16309,46116
6/27/2022 7 a.m. EDT,29685,24288,27277,24262,89682,70139,14156,34782,18107,26785,11439,16883,46445
6/27/2022 8 a.m. EDT,28947,25590,28232,25882,94563,73305,14890,35191,19241,27868,11584,17632,47242
6/27/2022 9 a.m. EDT,28909,27171,29623,28748,98074,77090,15677,36298,20092,29202,11891,18724,47929
6/27/2022 10 a.m. EDT,29592,29002,30988,32011,99985,80521,16231,38083,20567,31365,12333,19601,50234
6/27/2022 11 a.m. EDT,31312,31210,32438,35265,103431,83905,16494,40266,20954,33706,12998,20574,53776
6/27/2022 12 p.m. EDT,33858,33064,33986,38215,106488,87142,16739,42445,21376,36296,13572,21788,58103
6/27/2022 1 p.m. EDT,35150,34430,35547,40758,108619,89575,16800,44382,21495,38464,14298,23048,62312
6/27/2022 2 p.m. EDT,36066,35292,37062,42635,110413,92258,16745,46295,21650,40398,15148,24174,66416
6/27/2022 3 p.m. EDT,37939,35646,38538,44143,111293,94998,16552,48287,21718,41603,15949,24863,70031
6/27/2022 4 p.m. EDT,39767,35822,39691,45010,111861,97094,16348,50403,21360,41804,16899,25647,72009
6/27/2022 5 p.m. EDT,41838,35657,40563,45445,112981,98562,16502,52311,21332,41259,17600,25947,71511
6/27/2022 6 p.m. EDT,44100,35476,41036,45333,113950,99363,16903,54049,21393,40382,18316,26117,70187
6/27/2022 7 p.m. EDT,46263,34861,40910,44296,112752,99535,16846,55546,21157,39166,18828,25904,68484
6/27/2022 8 p.m. EDT,48661,33502,40239,42068,109556,98498,16552,56599,20842,37736,19157,24877,66198
6/27/2022 9 p.m. EDT,50192,32117,38870,39568,104626,95474,16144,56830,20271,36204,19362,23599,63503
6/27/2022 10 p.m. EDT,51234,31089,37290,37526,100584,91923,15523,56107,19887,35228,19288,22597,61313
6/27/2022 11 p.m. EDT,51014,28921,36177,34485,94930,88499,14253,54185,18703,33583,18742,21147,59207
6/28/2022 12 a.m. EDT,49711,26538,34122,31423,89732,83267,13007,51806,17349,31240,18242,19428,55604
6/28/2022 1 a.m. EDT,46272,24499,31850,28512,84468,77966,12467,48740,16239,29039,17154,17446,51799
6/28/2022 2 a.m. EDT,45032,23121,29929,26451,80672,74421,11959,44850,15351,27871,15795,16361,48604
6/28/2022 3 a.m. EDT,41320,22255,28657,25077,77547,71885,11525,41397,14756,26883,14578,15508,46081
6/28/2022 4 a.m. EDT,37587,21738,27839,24131,75583,70018,11276,39155,14398,26402,13673,15048,44661
6/28/2022 5 a.m. EDT,35429,21650,27321,23774,75461,69241,11323,37408,14335,25926,12953,14863,43454
6/28/2022 6 a.m. EDT,33433,22303,27266,24313,77333,69842,11760,36160,14685,26101,12578,14875,43184
6/28/2022 7 a.m. EDT,31807,23205,27816,25316,80921,70777,12321,35675,15605,27019,12494,15371,43974
6/28/2022 8 a.m. EDT,31068,24331,28662,26818,85356,73165,12708,35972,16605,27483,12525,16153,45130
6/28/2022 9 a.m. EDT,30438,25280,29841,29505,88637,76768,12778,36977,17215,29024,12652,17135,46333
6/28/2022 10 a.m. EDT,31329,26251,31326,32528,90259,80218,12644,38918,17566,30840,13112,18129,48361
6/28/2022 11 a.m. EDT,32833,27576,32875,35709,91629,83431,12757,41231,17907,32537,13870,19272,51088
6/28/2022 12 p.m. EDT,35266,28779,34732,38793,94480,87425,13238,43297,18311,34639,14586,20584,54344
6/28/2022 1 p.m. EDT,37055,29892,36474,41267,98052,91133,13590,44789,18673,36633,15365,21795,57672
6/28/2022 2 p.m. EDT,38251,31080,38312,43366,101894,94643,13805,46317,19140,38481,16332,23115,60970
6/28/2022 3 p.m. EDT,39320,32048,40092,44840,105135,98129,14069,47816,19544,39642,17342,24115,63573
6/28/2022 4 p.m. EDT,40709,32879,41540,45700,108279,100827,14411,49586,19960,40309,18226,24911,65511
6/28/2022 5 p.m. EDT,43012,33480,42835,45995,111505,102911,15208,51234,20488,40295,19168,25578,66350
6/28/2022 6 p.m. EDT,44625,33413,43676,45473,113613,104108,16124,52296,21031,39577,20065,25594,66601
6/28/2022 7 p.m. EDT,46691,32846,43840,43949,113032,104416,16747,53310,21075,38293,20496,25056,65870
6/28/2022 8 p.m. EDT,48644,31824,43394,41762,109737,102912,16658,53688,20679,36819,21081,24399,64553
6/28/2022 9 p.m. EDT,49596,30796,42196,39645,104981,99547,16090,53363,19974,35352,21186,23333,62346
6/28/2022 10 p.m. EDT,50225,29863,40320,37688,100882,95485,15382,52471,19431,34423,20874,22513,59627
6/28/2022 11 p.m. EDT,50097,27808,38781,34793,95441,91734,14079,50866,18241,32552,20178,21274,57556
6/29/2022 12 a.m. EDT,48400,25540,36555,31736,90150,86415,12915,49082,16881,30564,19522,19579,53923
6/29/2022 1 a.m. EDT,44738,23762,33962,28926,84853,80447,12310,46774,15794,28573,18329,17928,50008
6/29/2022 2 a.m. EDT,43921,22668,31735,26851,80560,76306,11672,43762,15082,27537,16853,16769,46740
6/29/2022 3 a.m. EDT,40470,21862,30093,25432,77669,73101,11497,40823,14543,26744,15552,15964,44360
6/29/2022 4 a.m. EDT,37113,21421,28965,24441,75834,71047,11303,38846,14237,26358,14518,15387,42591
6/29/2022 5 a.m. EDT,34084,21308,28293,24037,76081,69881,11380,37506,14227,26141,13774,15138,41517
6/29/2022 6 a.m. EDT,32126,22095,28145,23439,78170,70531,11409,36291,14608,26465,13273,15084,41312
6/29/2022 7 a.m. EDT,30829,23233,28699,25449,81716,72533,12020,36016,15629,27226,12946,15451,42074
6/29/2022 8 a.m. EDT,29951,24376,29675,26710,86526,75531,12834,36404,16759,27434,12907,16230,43307
6/29/2022 9 a.m. EDT,29927,25560,31339,29435,89585,79585,13098,37718,17619,28853,13003,17298,44371
6/29/2022 10 a.m. EDT,30723,26798,33091,32408,92463,82515,13200,39769,18237,30236,13513,18509,46665
6/29/2022 11 a.m. EDT,32017,28179,35211,35597,96698,86076,13499,41662,18887,31902,14620,19838,50236
6/29/2022 12 p.m. EDT,33670,29489,37433,38709,101689,90616,13944,43301,19420,33509,15460,21420,54088
6/29/2022 1 p.m. EDT,35544,30803,39779,41309,106465,95332,13995,45383,19984,35179,16547,23075,58053
6/29/2022 2 p.m. EDT,36427,31872,41992,43036,111371,99904,14463,46934,20646,36837,17715,24478,61732
6/29/2022 3 p.m. EDT,37603,32612,43861,44090,115899,104013,14972,48359,21147,38134,18861,25623,65058
6/29/2022 4 p.m. EDT,38779,33296,45252,44825,120072,107232,15608,49635,21607,39098,19851,26747,67478
6/29/2022 5 p.m. EDT,40532,33830,46363,45188,123709,109661,16469,50358,22056,39688,20695,27423,69149
6/29/2022 6 p.m. EDT,42412,33995,46989,44803,125988,110820,17342,50707,22268,39398,21381,27861,70056
6/29/2022 7 p.m. EDT,44585,33800,46925,43720,125313,111150,17595,51612,21950,38203,21101,27801,69934
6/29/2022 8 p.m. EDT,46185,32917,46223,41348,121930,109866,17232,52271,21383,36562,20673,27030,68593
6/29/2022 9 p.m. EDT,47388,31696,44805,39510,116270,106577,16776,52291,20688,34998,20359,25803,66309
6/29/2022 10 p.m. EDT,47938,30742,42489,37516,111398,102446,16071,51763,20252,34121,19768,24699,63432
6/29/2022 11 p.m. EDT,47590,28505,40707,34636,105309,98466,14715,50286,19134,32405,18975,23334,61098
6/30/2022 12 a.m. EDT,46137,25860,38100,31542,98648,92957,13644,49062,17828,30382,18267,21479,57266
6/30/2022 1 a.m. EDT,42814,23869,35299,28979,92162,86845,12942,46149,16718,28648,17140,19732,53225
6/30/2022 2 a.m. EDT,42347,22539,32123,27016,87730,81933,12528,43116,15910,27477,15930,18316,49601
6/30/2022 3 a.m. EDT,39104,21684,31382,25517,84226,78104,12291,40130,15335,26347,14755,17343,46838
6/30/2022 4 a.m. EDT,35881,21133,30182,24594,81899,75640,12008,37932,14987,25657,13877,16746,45086
6/30/2022 5 a.m. EDT,33416,21063,29355,24327,81499,74500,12037,36450,14942,25460,13411,16455,43591
6/30/2022 6 a.m. EDT,31583,21679,28980,24794,83089,74834,12310,35459,15281,25893,12997,16473,43104
6/30/2022 7 a.m. EDT,30319,22576,29427,25747,86763,76730,12778,35566,16269,26777,12752,16984,43615
6/30/2022 8 a.m. EDT,29799,23965,29011,27208,92785,80003,13386,36092,17446,27393,12849,17705,44483
6/30/2022 9 a.m. EDT,29777,25625,31900,30009,97970,84843,13080,37349,18321,28695,12978,19260,45954
6/30/2022 10 a.m. EDT,30501,27619,33952,32917,102100,88636,12911,39225,19026,30327,13326,20909,48813
6/30/2022 11 a.m. EDT,31951,30019,36130,36028,107543,93544,12982,41137,19729,32184,13921,22702,52487
6/30/2022 12 p.m. EDT,33812,32518,38567,39166,113684,99068,13262,42836,20396,34296,14574,24571,56245
6/30/2022 1 p.m. EDT,34847,34435,41031,41599,119380,104326,13667,44355,21045,36199,15304,26095,59536
6/30/2022 2 p.m. EDT,35776,36038,43156,43521,124564,108681,14207,45592,21760,37917,16160,27395,62747
6/30/2022 3 p.m. EDT,35815,37044,45139,44651,128900,112096,14695,46561,22493,39329,17187,28288,65206
6/30/2022 4 p.m. EDT,36558,37604,46254,45075,132329,114443,15030,47469,23213,40104,18280,28813,67246
6/30/2022 5 p.m. EDT,37605,38021,47408,44713,135402,115736,16019,48701,24028,40533,19208,28944,68728
6/30/2022 6 p.m. EDT,38877,37709,47948,43202,136940,116575,17041,49530,24563,40205,20045,15880,44934
6/30/2022 7 p.m. EDT,40623,23391,28808,17380,135608,116716,17552,50260,24427,39298,20478,28182,69594
6/30/2022 8 p.m. EDT,42596,35413,47189,39165,131929,114925,17263,50886,23738,37943,20945,27428,68382
6/30/2022 9 p.m. EDT,44048,34009,45995,37618,125500,111222,16752,51081,22881,36471,21049,26291,66535
6/30/2022 10 p.m. EDT,45054,32765,44116,35966,119888,106949,16122,50621,22323,35387,20513,25314,64463
6/30/2022 11 p.m. EDT,44826,30416,42704,33355,113320,102800,14808,49257,21092,33513,19882,24078,62738
7/1/2022 12 a.m. EDT,43632,27912,40312,30587,106199,96811,13761,47712,19565,31551,19167,22256,59529
7/1/2022 1 a.m. EDT,42319,25575,37472,28149,99804,91320,12991,45554,18228,29207,17964,20537,55788
7/1/2022 2 a.m. EDT,40608,23955,35091,26254,93803,85602,12753,42265,17266,28117,16645,19178,52266
7/1/2022 3 a.m. EDT,37757,22845,33374,24842,89980,81588,12374,39248,16606,26986,15294,18050,49529
7/1/2022 4 a.m. EDT,34702,22055,32220,24015,87423,78952,12142,38096,16207,26551,14435,17130,47489
7/1/2022 5 a.m. EDT,32397,21839,31155,23722,86685,77344,12219,36732,16107,26138,13699,16738,46112
7/1/2022 6 a.m. EDT,31094,22224,30661,24215,88348,77494,12397,35827,16405,26456,13129,16786,45426
7/1/2022 7 a.m. EDT,29975,22976,30884,25118,91765,79120,12888,35548,17494,26604,12733,17062,45830
7/1/2022 8 a.m. EDT,29559,24406,31584,26487,98142,81416,13286,35818,19028,26617,12637,17889,45977
7/1/2022 9 a.m. EDT,29208,26023,33071,29282,103738,85925,13814,37131,20391,28132,12657,19199,46859
7/1/2022 10 a.m. EDT,30162,27782,35081,32491,109028,90141,14289,39026,21610,29882,13038,20911,49291
7/1/2022 11 a.m. EDT,31260,29599,37186,35793,116310,94355,14947,41039,22861,31686,13939,22796,52408
7/1/2022 12 p.m. EDT,32850,31524,39620,38915,123378,99002,15872,42848,23907,33411,14988,24388,55958
7/1/2022 1 p.m. EDT,33989,32829,41592,41275,128933,102916,16804,44317,24763,34906,15959,25925,59482
7/1/2022 2 p.m. EDT,34524,33845,43357,42814,132387,105384,17686,45588,25531,35908,17059,26925,62712
7/1/2022 3 p.m. EDT,34627,34280,44747,43220,133451,106870,18439,47006,25998,36626,18170,27619,65496
7/1/2022 4 p.m. EDT,34861,34573,45692,43187,133055,107257,19145,48378,26405,37100,19108,28299,67547
7/1/2022 5 p.m. EDT,35904,34634,46390,42213,132419,107052,19832,49471,26862,37466,19896,28741,68934
7/1/2022 6 p.m. EDT,37103,34086,46576,40921,130724,106839,20387,50560,26773,37638,20579,28921,70097
7/1/2022 7 p.m. EDT,38623,33096,46194,39300,127814,105881,20454,51484,26189,37218,20692,27998,70482
7/1/2022 8 p.m. EDT,40531,31372,45331,37313,123650,104000,20219,52481,25301,36100,20614,27579,69531
7/1/2022 9 p.m. EDT,41813,30224,44060,35984,119318,100846,19633,52630,24537,34618,20352,26436,67608
7/1/2022 10 p.m. EDT,42767,29452,42152,34632,115255,97327,18856,51893,23899,33491,19752,25329,65126
7/1/2022 11 p.m. EDT,42883,27707,40487,32439,109508,93813,17556,50445,22569,31819,18852,24070,63080
7/2/2022 12 a.m. EDT,41834,25832,38449,30094,103508,88869,16186,48508,21135,29723,18070,22453,59822
7/2/2022 1 a.m. EDT,39823,23860,36072,27923,97364,83724,15060,46234,19854,27676,16900,20767,56385
7/2/2022 2 a.m. EDT,38922,22570,34035,26197,92565,79178,14335,43343,18778,26655,15731,19367,53076
7/2/2022 3 a.m. EDT,36476,21737,32433,24935,89058,75357,14108,40490,18047,25545,14753,18115,50519
7/2/2022 4 a.m. EDT,33803,21026,31215,24047,86404,72824,13768,38392,17571,24642,14110,17293,48203
7/2/2022 5 a.m. EDT,31863,20746,30250,23545,84861,71222,13834,36774,17304,24085,13497,16655,46489
7/2/2022 6 a.m. EDT,30297,20774,29730,23428,84465,70430,13511,35895,17258,23804,12986,16323,45439
7/2/2022 7 a.m. EDT,29035,20761,29456,23498,84031,69974,13627,35316,17397,23843,12616,16160,44943
7/2/2022 8 a.m. EDT,28133,21432,29273,24562,86735,70581,13973,34976,18033,23680,12443,16459,44610
7/2/2022 9 a.m. EDT,27693,23163,30011,27535,91663,73556,14374,34933,18985,25059,12231,17674,45400
7/2/2022 10 a.m. EDT,27779,25249,31575,31112,95962,77780,14636,35944,19744,27442,12216,19440,48714
7/2/2022 11 a.m. EDT,27965,27575,33395,34469,101495,82062,15055,37605,20530,30222,12646,21507,53030
7/2/2022 12 p.m. EDT,29300,29646,35171,37514,107970,86464,15408,39705,21367,32970,13385,23388,57485
7/2/2022 1 p.m. EDT,30121,31524,36894,39685,112888,90244,15849,41734,21977,35133,14241,24835,61521
7/2/2022 2 p.m. EDT,30182,33369,38491,40515,116895,92945,15891,43604,22342,36801,15213,25903,64787
7/2/2022 3 p.m. EDT,30234,34702,39863,40202,120089,95008,16250,45305,22753,38042,16110,26307,67014
7/2/2022 4 p.m. EDT,30184,35855,41096,39657,122463,96168,16745,46529,23157,38919,17024,26598,68703
7/2/2022 5 p.m. EDT,30290,36453,42242,38790,123857,96752,17849,47826,23381,39403,17887,27067,70193
7/2/2022 6 p.m. EDT,31234,36561,42916,38069,123811,97108,18564,48860,23563,39432,18702,27308,71223
7/2/2022 7 p.m. EDT,32557,35938,43126,37116,121415,96924,18412,49570,23595,38712,19373,27153,71428
7/2/2022 8 p.m. EDT,33840,34517,42507,35763,116800,95344,17844,49873,23111,37211,19945,26201,70364
7/2/2022 9 p.m. EDT,35285,32921,41136,34743,111362,92425,17299,49868,22236,35516,20080,24889,68157
7/2/2022 10 p.m. EDT,36663,31634,39388,33629,107057,89574,16673,49319,21683,34417,19587,23963,65455
7/2/2022 11 p.m. EDT,36950,29592,38185,31650,102187,86925,15582,47933,20716,32649,18745,22765,63386
7/3/2022 12 a.m. EDT,36653,27567,36521,29468,97515,83365,14376,46251,19583,30917,17872,21202,60393
7/3/2022 1 a.m. EDT,36048,25755,34724,27377,92037,79277,13308,44271,18477,28790,16654,19799,56970
7/3/2022 2 a.m. EDT,35071,24194,32910,25725,87961,75205,12636,42239,17583,27491,15410,18609,53682
7/3/2022 3 a.m. EDT,33052,23031,31572,24500,84371,72354,12265,40132,16881,26467,14375,17389,51003
7/3/2022 4 a.m. EDT,30935,22110,30462,23669,81643,69986,12153,38203,16392,25451,13780,16811,48721
7/3/2022 5 a.m. EDT,29282,21452,29756,23125,79719,68070,11975,36694,16107,25187,13149,16287,47055
7/3/2022 6 a.m. EDT,27852,21053,29273,22984,78811,67189,11848,35389,15832,24795,12606,15971,45837
7/3/2022 7 a.m. EDT,26816,20904,29113,23040,78071,66468,11855,34647,15746,24491,12156,15827,45281
7/3/2022 8 a.m. EDT,26161,21762,28947,24031,80139,66542,12101,34293,16126,24115,11934,16086,44736
7/3/2022 9 a.m. EDT,25844,24254,29680,27356,84801,69563,12512,34095,16704,25904,11617,17251,45529
7/3/2022 10 a.m. EDT,25867,27237,31321,31273,88944,74680,12878,34763,17196,28608,11903,19129,48753
7/3/2022 11 a.m. EDT,26260,30009,33433,34805,94347,79401,12895,36593,17663,31760,12527,21037,53073
7/3/2022 12 p.m. EDT,27292,32558,35716,37758,98687,84652,12834,38847,18120,34588,13372,22794,57227
7/3/2022 1 p.m. EDT,27589,34741,38090,39866,103210,89430,12834,40932,18666,36723,14373,24216,61440
7/3/2022 2 p.m. EDT,27149,36439,40338,40728,107232,93348,13061,42850,19255,38300,15483,25047,65108
7/3/2022 3 p.m. EDT,26681,37694,42223,40275,110755,96555,13521,44169,19739,39230,16547,25634,68051
7/3/2022 4 p.m. EDT,26523,38276,43593,39651,114009,99205,14289,45209,20241,39473,17422,25669,70265
7/3/2022 5 p.m. EDT,26575,38032,44470,39000,116989,101526,14866,46117,20881,38797,18379,25439,71843
7/3/2022 6 p.m. EDT,26939,37030,44962,38275,118939,103342,15987,46711,21458,37636,18874,25171,72353
7/3/2022 7 p.m. EDT,27446,35999,44955,37058,118202,104237,16619,47008,21613,36643,19407,24794,72341
7/3/2022 8 p.m. EDT,28908,34483,44116,35421,114443,102987,16325,47301,21168,35399,19815,24108,71170
7/3/2022 9 p.m. EDT,30576,33093,42674,34450,108222,99541,15578,47362,20291,34026,20014,23115,68757
7/3/2022 10 p.m. EDT,32451,31783,40805,33289,102782,95339,14940,47060,19724,32994,19490,22470,65477
7/3/2022 11 p.m. EDT,33376,29733,39469,31516,97141,91930,14014,45691,18783,31690,18581,21508,62889
7/4/2022 12 a.m. EDT,33521,27813,37862,29395,92699,87794,12952,44517,17657,29985,17648,20395,59661
7/4/2022 1 a.m. EDT,33362,25910,36093,27271,87048,83195,11962,43295,16549,28114,16576,19129,56391
7/4/2022 2 a.m. EDT,32937,24465,34103,25470,82496,79096,11259,41164,15629,26823,15440,17931,53164
7/4/2022 3 a.m. EDT,31302,23401,32513,24182,78340,75594,11277,38770,14933,26007,14312,16919,50483
7/4/2022 4 a.m. EDT,29782,22518,31394,23242,75906,73047,11215,36841,14533,25106,13367,16311,48619
7/4/2022 5 a.m. EDT,28159,21818,30583,22829,74440,71447,11116,35477,14308,24555,12615,15959,47269
7/4/2022 6 a.m. EDT,27009,21940,30072,22790,73627,70670,11106,34583,14180,24462,12069,15738,46522
7/4/2022 7 a.m. EDT,26103,21778,29947,22863,73093,69779,11324,34253,14369,24364,11611,15565,46123
7/4/2022 8 a.m. EDT,25731,22379,29623,23836,75563,70132,11362,34300,14880,24156,11416,15697,45448
7/4/2022 9 a.m. EDT,25647,24153,30372,26840,80711,73611,11135,34312,15479,25768,11208,16977,45921
7/4/2022 10 a.m. EDT,25679,26432,32632,30661,85917,79298,11049,34933,16185,28156,11429,18848,49113
7/4/2022 11 a.m. EDT,26201,29110,35637,34643,92274,85718,11314,36737,16955,31468,12061,21000,53476
7/4/2022 12 p.m. EDT,27353,31329,38714,38212,98925,92263,11839,38747,17662,34646,12874,23058,57859
7/4/2022 1 p.m. EDT,27208,33536,41508,41092,104601,98008,12514,40692,18272,37196,14030,24828,62092
7/4/2022 2 p.m. EDT,26625,34797,43697,43004,108854,102348,12947,42490,18884,38666,15175,26135,65728
7/4/2022 3 p.m. EDT,26315,35589,45362,44285,112130,105568,13284,44046,19452,39566,16379,27070,68780
7/4/2022 4 p.m. EDT,26431,35895,46508,45092,115258,107904,13919,45256,20084,40279,17601,27754,71002
7/4/2022 5 p.m. EDT,26662,35195,47371,45491,117616,109570,14793,46319,20744,40683,18421,28211,72675
7/4/2022 6 p.m. EDT,27731,34898,47883,44744,119155,110600,15785,47215,21263,40653,18855,28493,73820
7/4/2022 7 p.m. EDT,29278,35075,47917,43170,118021,110610,16348,48274,21263,39907,19232,28376,74164
7/4/2022 8 p.m. EDT,31015,33666,47246,40820,114134,109171,16150,49076,20871,38493,19477,27671,73050
7/4/2022 9 p.m. EDT,32942,32096,45998,38598,108697,106449,15624,48767,20235,36607,19331,26464,70657
7/4/2022 10 p.m. EDT,34533,30424,43892,36540,104240,102857,14980,48235,19753,35022,18885,25285,67412
7/4/2022 11 p.m. EDT,35320,28132,42072,34950,99922,99224,14002,46850,19068,33195,18287,24009,64370
7/5/2022 12 a.m. EDT,35191,27380,40340,32638,95895,95534,12929,44952,18135,31614,17449,22870,61331
7/5/2022 1 a.m. EDT,34743,25464,38461,29984,91588,91312,12023,43013,17206,29377,16505,21307,58024
7/5/2022 2 a.m. EDT,33934,23865,36254,27827,86968,86757,11882,41095,16399,28153,15508,19925,54548
7/5/2022 3 a.m. EDT,32696,22857,34469,26253,83254,83013,11461,39211,15875,26870,14440,18855,51602
7/5/2022 4 a.m. EDT,30915,22266,33228,25273,81362,80252,11484,37124,15579,26363,13491,18178,49266
7/5/2022 5 a.m. EDT,29271,22073,32287,24910,81382,78814,11573,35778,15591,26025,12740,17707,48156
7/5/2022 6 a.m. EDT,27906,22679,31823,25324,83866,79127,11782,34979,16043,26096,12202,17621,47485
7/5/2022 7 a.m. EDT,27198,23677,32030,26191,87991,81177,12315,34491,16937,26722,11927,18002,48103
7/5/2022 8 a.m. EDT,27123,25051,32644,27610,91766,83655,12999,34909,18144,26980,11880,18675,48833
7/5/2022 9 a.m. EDT,27355,26975,34413,30566,96415,89378,13705,35936,19239,28900,11869,20453,50233
7/5/2022 10 a.m. EDT,28268,29063,36832,33864,102128,95927,14189,37846,20196,31302,12239,22304,53451
7/5/2022 11 a.m. EDT,29435,31412,39551,37363,108752,102078,14812,40199,21054,34138,12967,24579,57328
7/5/2022 12 p.m. EDT,31076,33876,42292,40649,115169,107904,15482,42205,21794,36931,13509,26619,61396
7/5/2022 1 p.m. EDT,32516,36290,44624,43204,120432,113230,15873,44159,22424,39433,14237,28318,65460
7/5/2022 2 p.m. EDT,33178,38237,46763,44917,123949,117380,16070,46036,22854,41341,15194,29361,68962
7/5/2022 3 p.m. EDT,33406,39690,48661,46141,125932,120818,16013,47769,22875,42674,16274,30251,72344
7/5/2022 4 p.m. EDT,33962,40558,49868,46593,127191,122488,16058,49328,22703,43468,17335,30753,74737
7/5/2022 5 p.m. EDT,34602,41117,50748,46584,128814,123528,16007,50447,22537,43968,18280,30947,76414
7/5/2022 6 p.m. EDT,36009,41133,51038,46009,129623,123646,16263,51103,22428,44065,19182,30875,77478
7/5/2022 7 p.m. EDT,37276,40368,50731,44718,128214,123020,16309,51579,22081,43402,19761,30425,77224
7/5/2022 8 p.m. EDT,38685,38297,49955,42603,125079,120999,16082,51797,21693,42027,20159,29521,76037
7/5/2022 9 p.m. EDT,39748,36111,48289,40692,121140,117532,15746,51512,21407,40309,20289,28432,74018
7/5/2022 10 p.m. EDT,40786,33928,46271,38880,117478,113445,15137,50860,21131,38987,19881,27215,70808
7/5/2022 11 p.m. EDT,41196,31422,44640,35993,111040,109100,14067,49648,20190,36723,19081,26004,68206
7/6/2022 12 a.m. EDT,40694,28788,42099,32864,105231,102283,13251,48225,18946,34201,18271,24210,63942
7/6/2022 1 a.m. EDT,39897,26890,39280,30111,99897,96211,12462,45803,17842,31927,16911,22377,59537
7/6/2022 2 a.m. EDT,38449,25495,37003,28047,95344,91546,12526,42397,17114,30733,15530,20886,55619
7/6/2022 3 a.m. EDT,35745,24256,35355,26542,91465,87459,12300,39613,16636,29707,14254,19836,52602
7/6/2022 4 a.m. EDT,33095,23462,33923,25587,89172,84409,12235,37192,16407,28698,13323,19189,50237
7/6/2022 5 a.m. EDT,31217,23317,32947,25187,88816,82505,12438,35825,16462,28315,12494,18582,48794
7/6/2022 6 a.m. EDT,29679,23675,32507,25753,91038,82394,12701,35146,17008,28506,11880,18528,48270
7/6/2022 7 a.m. EDT,28762,24293,32780,26659,95035,84021,13226,35186,18227,28968,11477,18782,48704
7/6/2022 8 a.m. EDT,28317,25595,33344,28036,100349,85658,14319,35709,19667,29010,11385,19594,49663
7/6/2022 9 a.m. EDT,28382,27460,34681,30928,105522,89571,15084,36899,20875,31078,11434,20996,50471
7/6/2022 10 a.m. EDT,29235,29659,36615,34232,109170,93558,15575,38646,21677,33780,12107,22763,53425
7/6/2022 11 a.m. EDT,30279,32377,38865,37576,113898,97849,15748,40705,22314,36695,12825,24986,57603
7/6/2022 12 p.m. EDT,31718,35248,41263,40376,118466,102324,15961,42501,22643,39544,13554,27036,61884
7/6/2022 1 p.m. EDT,32874,38005,43605,42979,122758,106498,16025,44089,22859,42074,14457,28819,65779
7/6/2022 2 p.m. EDT,33282,40280,45730,45064,125899,110128,16190,45562,23233,43646,15466,29910,69616
7/6/2022 3 p.m. EDT,33335,41684,47691,46219,127295,112810,16342,47156,23360,44827,16447,30425,73059
7/6/2022 4 p.m. EDT,33357,42442,48920,46373,127406,113631,16710,48670,23463,45450,17348,30465,75470
7/6/2022 5 p.m. EDT,33614,42542,49630,46338,128524,113835,17170,49734,23724,45796,18202,30050,76690
7/6/2022 6 p.m. EDT,34408,41755,49849,45439,128557,113955,17837,50408,23998,45809,18904,29371,77066
7/6/2022 7 p.m. EDT,35895,40669,49392,43487,126042,113717,18140,50968,23884,45154,19509,28717,76788
7/6/2022 8 p.m. EDT,37676,38822,48670,41082,122288,112249,17931,51416,23424,44162,20018,27765,75638
7/6/2022 9 p.m. EDT,39329,36850,47361,39098,118007,109092,17260,51249,22679,42294,20322,26928,73524
7/6/2022 10 p.m. EDT,40565,35047,45583,37295,113877,105990,16449,50476,22060,40795,20049,26078,70689
7/6/2022 11 p.m. EDT,41133,32331,44052,34540,107432,102601,15014,48843,20788,38439,19139,24818,68048
7/7/2022 12 a.m. EDT,40848,29598,41665,31674,101641,97025,13571,47459,19340,35790,18133,23291,64172
7/7/2022 1 a.m. EDT,40026,27600,39076,29070,96636,90861,12513,45588,18046,33135,16770,21629,59925
7/7/2022 2 a.m. EDT,38684,26089,36802,27008,92717,86348,12074,42348,17091,31678,15271,20459,56180
7/7/2022 3 a.m. EDT,35866,24958,35161,25634,89268,82538,11577,39373,16402,30808,13932,19524,53226
7/7/2022 4 a.m. EDT,33233,24160,33873,24803,87199,79960,11292,37102,16005,29746,12968,18878,51259
7/7/2022 5 a.m. EDT,31322,23900,32990,24491,86846,78327,11321,35715,15943,29163,12212,18508,49917
7/7/2022 6 a.m. EDT,29782,24061,32522,25039,88808,78549,11691,35136,16290,29354,11603,18371,49157
7/7/2022 7 a.m. EDT,28698,24864,32747,26001,92055,80602,12402,34884,17240,29566,11346,18697,49279
7/7/2022 8 a.m. EDT,28448,26257,33468,27425,96695,83074,12964,35191,18412,29945,11286,19363,49768
7/7/2022 9 a.m. EDT,28293,28161,34648,30181,100929,87138,13182,36318,19284,31621,11328,20575,50951
7/7/2022 10 a.m. EDT,29076,30441,36304,33476,103872,91369,13215,38214,19922,34142,11819,22106,54102
7/7/2022 11 a.m. EDT,30150,33319,38305,36831,108116,95646,13399,40332,20413,37400,12598,23974,57948
7/7/2022 12 p.m. EDT,31746,36170,40707,40122,112370,100865,14006,42249,20928,40462,13366,25770,62073
7/7/2022 1 p.m. EDT,33056,38730,43131,42893,116884,105713,14635,43995,21492,42765,14379,27381,66223
7/7/2022 2 p.m. EDT,32965,40665,45405,45052,121214,109793,15127,46023,22092,44110,15558,28396,70115
7/7/2022 3 p.m. EDT,32965,41596,47380,46445,123995,113292,15441,47928,22607,45052,16766,28711,73320
7/7/2022 4 p.m. EDT,33324,42180,48628,47143,125844,115640,15900,49251,23110,45430,17790,28701,75673
7/7/2022 5 p.m. EDT,34156,41792,49488,46981,127111,116354,16523,50462,23583,45516,18870,28473,76832
7/7/2022 6 p.m. EDT,35609,41220,49856,46062,127566,116427,17187,51586,23922,44697,19771,28122,77166
7/7/2022 7 p.m. EDT,37986,39910,49522,44200,125624,115806,17385,52347,23577,43144,20352,27451,76708
7/7/2022 8 p.m. EDT,39722,38369,48680,41709,121676,113692,17036,52912,22870,41449,20816,26555,75654
7/7/2022 9 p.m. EDT,41541,36705,47492,39685,116997,110579,16492,52893,22014,39811,21005,25468,73541
7/7/2022 10 p.m. EDT,42786,35199,45474,37821,113087,107263,15847,52034,21401,38506,20730,24861,70818
7/7/2022 11 p.m. EDT,43004,32833,43875,35165,107698,103871,14566,50527,20192,36290,19856,23799,68201
7/8/2022 12 a.m. EDT,42127,29918,41510,31994,101984,97648,13305,48638,18766,34144,18908,22495,64214
7/8/2022 1 a.m. EDT,40880,27797,38856,29261,96076,92159,12653,46333,17560,31788,17560,20977,59950
7/8/2022 2 a.m. EDT,39383,26318,36709,27275,91191,88115,12449,43130,16682,30791,16047,19806,56106
7/8/2022 3 a.m. EDT,36593,25184,35183,25838,87578,84481,12271,40136,16029,29615,14790,18992,53026
7/8/2022 4 a.m. EDT,33930,24368,33755,24921,85368,82041,12038,37776,15668,28684,13815,18408,50807
7/8/2022 5 a.m. EDT,31874,24057,32891,24681,85157,80640,12101,36110,15604,28496,13174,18024,49521
7/8/2022 6 a.m. EDT,30167,24199,32483,25143,87003,80802,12235,35175,15939,28293,12709,18003,48885
7/8/2022 7 a.m. EDT,29439,25010,32705,25987,90630,82965,12692,34800,16933,28818,12322,18426,49345
7/8/2022 8 a.m. EDT,28847,26169,33186,27263,95515,85673,13147,35182,18199,29101,12233,19182,49490
7/8/2022 9 a.m. EDT,28825,27916,34521,30127,99402,88722,13595,36292,19205,30889,12203,20632,50741
7/8/2022 10 a.m. EDT,29574,29854,36591,33280,102259,92310,13774,38355,19936,33708,12673,22393,54031
7/8/2022 11 a.m. EDT,30592,32169,38732,36764,105819,96773,13960,40582,20700,36936,13452,24508,58196
7/8/2022 12 p.m. EDT,32189,34404,40899,39954,110179,101328,14478,42702,21570,40194,14317,26512,62626
7/8/2022 1 p.m. EDT,33471,36168,43127,42497,114445,104880,14994,44624,22404,42688,15295,28253,67109
7/8/2022 2 p.m. EDT,33751,37919,45181,44617,117900,107551,15866,46577,23239,44261,16310,29410,71020
7/8/2022 3 p.m. EDT,34183,39240,47045,45814,119601,109652,16496,48425,23719,44939,17366,29816,74190
7/8/2022 4 p.m. EDT,34610,40086,48485,46254,120565,110443,16977,50242,23885,44798,18799,30483,76499
7/8/2022 5 p.m. EDT,36050,40145,49456,46119,121227,110690,17607,51757,24044,44291,20281,30627,77690
7/8/2022 6 p.m. EDT,37809,39374,49679,45772,120569,110571,18137,53176,23849,43281,21066,30285,78213
7/8/2022 7 p.m. EDT,40028,37603,48844,44682,117778,109579,18229,54240,23156,41920,21550,29439,78186
7/8/2022 8 p.m. EDT,41944,35520,47388,42580,113891,107392,17920,54594,22436,40327,21991,28269,77747
7/8/2022 9 p.m. EDT,43174,33916,45900,40588,110669,104162,17546,54504,21772,38667,22221,26894,76032
7/8/2022 10 p.m. EDT,44145,32315,44050,38630,107876,101025,16920,53569,21186,37476,21897,25970,72978
7/8/2022 11 p.m. EDT,44056,30141,42454,35922,102720,97404,15776,51743,20153,35211,21059,24747,70269
7/9/2022 12 a.m. EDT,43087,27879,40355,33067,97076,92841,14552,49812,18954,33114,20028,23148,66132
7/9/2022 1 a.m. EDT,41727,25917,37884,30577,92307,87192,13501,47578,17865,30989,18708,21687,62094
7/9/2022 2 a.m. EDT,40086,24434,35643,28546,88463,82775,12668,44428,17027,29553,17269,20371,58287
7/9/2022 3 a.m. EDT,36913,23474,33861,26960,85474,80055,12061,41426,16372,28790,16060,19393,54881
7/9/2022 4 a.m. EDT,34550,22878,32580,25907,82889,77557,11970,38826,15920,28161,15097,18857,52041
7/9/2022 5 a.m. EDT,32386,22455,31567,25235,81788,75715,11760,37019,15638,27635,14167,18256,50053
7/9/2022 6 a.m. EDT,30683,22404,30959,25046,81667,74825,11882,35872,15466,27478,13356,17891,48858
7/9/2022 7 a.m. EDT,29434,22444,30798,25047,81972,74864,12100,35108,15622,27546,12793,17748,48170
7/9/2022 8 a.m. EDT,28743,23234,30628,26161,84400,75128,12401,34804,16196,27364,12473,17657,47599
7/9/2022 9 a.m. EDT,28384,24954,31511,29505,87713,77295,12235,34917,16908,28347,12220,18094,48343
7/9/2022 10 a.m. EDT,28460,26943,33415,33220,91130,80244,12248,36190,17569,29844,12540,19032,51489
7/9/2022 11 a.m. EDT,28743,29272,35788,36939,94380,84360,12442,38410,18160,31935,13324,20256,56062
7/9/2022 12 p.m. EDT,29896,31510,38223,40025,97654,88392,12805,40904,18752,34046,14642,21676,60902
7/9/2022 1 p.m. EDT,31185,33523,40497,42127,100038,91987,13022,43251,19248,35498,15917,22924,65630
7/9/2022 2 p.m. EDT,31429,35209,42472,43336,101500,94717,13233,45363,19548,36656,17239,24268,69653
7/9/2022 3 p.m. EDT,31751,36563,44015,44060,101941,97248,13179,47267,19964,37473,18579,25498,73122
7/9/2022 4 p.m. EDT,32199,37622,45181,44556,102802,99553,13771,49163,20357,38507,19591,26413,75537
7/9/2022 5 p.m. EDT,32566,37746,46072,44878,103748,101308,14778,50701,20860,38968,20460,26746,76524
7/9/2022 6 p.m. EDT,33997,37319,46734,44612,104426,102697,15792,52295,21269,38957,21375,26786,77254
7/9/2022 7 p.m. EDT,36057,36064,46781,43354,103564,103586,16367,53501,21409,38104,22066,26251,77350
7/9/2022 8 p.m. EDT,38230,34606,46135,41237,101048,102548,16124,54433,20901,36655,22405,25161,76367
7/9/2022 9 p.m. EDT,40228,33383,44695,39226,97752,99528,15471,54459,20101,35227,22463,24014,74690
7/9/2022 10 p.m. EDT,41744,31858,42727,37311,95248,95755,14832,53655,19598,34142,21821,23018,71477
7/9/2022 11 p.m. EDT,42435,29778,41148,34735,91581,92318,13767,51663,18593,32478,20785,21916,68966
7/10/2022 12 a.m. EDT,41862,27651,39200,32245,87053,87016,12644,49614,17476,30446,19649,20559,65428
7/10/2022 1 a.m. EDT,40589,25565,36977,29774,82063,81954,11709,47357,16424,28597,18433,19205,61599
7/10/2022 2 a.m. EDT,38949,24054,34723,27929,78520,78350,11200,44558,15645,27187,17151,18141,57842
7/10/2022 3 a.m. EDT,36496,23071,33150,26563,76074,75416,11195,41679,14988,26312,15969,17236,54547
7/10/2022 4 a.m. EDT,33931,22354,31886,25579,74290,73073,11219,39329,14511,25774,15361,16687,51993
7/10/2022 5 a.m. EDT,31935,21970,30797,25022,72975,71310,11143,37438,14269,25282,14466,16255,50154
7/10/2022 6 a.m. EDT,30147,21844,30037,24782,72459,70282,10845,36136,14113,25051,13924,15986,48756
7/10/2022 7 a.m. EDT,28871,21858,29708,24813,72267,69799,11090,35154,14112,24768,13445,15951,47681
7/10/2022 8 a.m. EDT,27924,22266,29288,25619,74529,69933,11185,34789,14380,24608,13067,16051,46934
7/10/2022 9 a.m. EDT,27401,23407,30252,28888,78141,72211,10976,34515,14850,25499,12746,16783,47148
7/10/2022 10 a.m. EDT,27115,24387,32478,32576,80863,75783,10728,35366,15418,27440,12777,17751,50319
7/10/2022 11 a.m. EDT,27519,25173,34938,35826,84710,80164,11050,37678,16043,29494,13409,18758,54981
7/10/2022 12 p.m. EDT,28485,26011,37371,38656,89638,85023,11344,40242,16685,31693,14438,19898,59817
7/10/2022 1 p.m. EDT,29171,26529,39746,41067,94266,89757,11616,42862,17338,33923,15818,21148,64623
7/10/2022 2 p.m. EDT,29526,26900,41946,42332,98246,94139,11530,44890,17984,35708,16970,22413,69100
7/10/2022 3 p.m. EDT,30198,27053,43835,42876,101646,97912,12083,46835,18564,37106,18289,23504,72658
7/10/2022 4 p.m. EDT,31145,27064,45397,43139,104915,101004,12682,48508,19181,38233,19503,24193,74808
7/10/2022 5 p.m. EDT,33066,26880,46674,42817,108297,103998,13893,49989,19986,38860,20495,25023,76203
7/10/2022 6 p.m. EDT,35197,26797,47630,42366,110780,106393,15153,51419,20767,39395,21394,25454,77192
7/10/2022 7 p.m. EDT,37619,26488,48111,41463,111167,107124,15889,52622,21071,38935,22134,25615,77284
7/10/2022 8 p.m. EDT,40265,25928,47714,39826,108539,106181,15797,53459,20737,37706,22751,25151,76646
7/10/2022 9 p.m. EDT,42537,25588,46481,38206,104296,102636,15395,53735,20133,35919,22882,24049,74863
7/10/2022 10 p.m. EDT,44407,25216,44377,36519,100901,98832,14863,53170,19712,34865,22571,23062,72044
7/10/2022 11 p.m. EDT,45519,23862,42629,33854,95195,95264,13726,51812,18669,33029,21753,21869,69550
7/11/2022 12 a.m. EDT,44776,22299,40170,30885,90782,90176,12547,50052,17417,30846,20825,20295,65753
7/11/2022 1 a.m. EDT,43213,20885,37321,28394,86331,85456,11754,47697,16374,28745,19484,18544,61482
7/11/2022 2 a.m. EDT,41346,20076,35131,26491,82126,80789,11694,44336,15597,27717,17919,17253,57774
7/11/2022 3 a.m. EDT,38147,19507,33422,25239,79364,77623,11731,41043,15066,26960,16514,16346,54927
7/11/2022 4 a.m. EDT,34831,19329,32210,24523,77491,75467,11562,38575,14745,26309,15473,15804,52631
7/11/2022 5 a.m. EDT,32377,19447,31335,24437,77751,74604,11715,36969,14735,26159,14660,15574,51406
7/11/2022 6 a.m. EDT,30504,20348,31018,25137,80245,75314,12062,35903,15193,26490,13989,15691,50713
7/11/2022 7 a.m. EDT,29513,21628,31509,26231,84014,76971,12280,35483,16184,27128,13568,16263,50910
7/11/2022 8 a.m. EDT,28620,22656,32319,27760,88921,80015,13322,35884,17467,27469,13353,17019,51250
7/11/2022 9 a.m. EDT,28743,23660,33981,30759,94171,84690,13650,37002,18431,28645,13337,18354,52134
7/11/2022 10 a.m. EDT,29805,24696,36127,33858,97481,89049,13488,39200,19132,30000,13957,19814,54713
7/11/2022 11 a.m. EDT,31484,25597,38647,36893,101356,94541,13740,41412,19830,31606,14974,21615,58652
7/11/2022 12 p.m. EDT,33999,27018,41371,39613,106072,100262,14047,43327,20603,33165,16079,23294,63508
7/11/2022 1 p.m. EDT,35613,28495,44095,41832,110716,105573,14733,45015,21300,34919,17427,24830,68411
7/11/2022 2 p.m. EDT,36814,29943,46475,43156,115589,110624,15569,46859,22039,36500,19050,25930,72344
7/11/2022 3 p.m. EDT,37731,31012,48524,43552,119952,114591,16124,48672,22632,37589,20613,26883,75192
7/11/2022 4 p.m. EDT,38933,32028,49915,43854,123848,117213,16663,50537,23317,38202,21759,27688,77216
7/11/2022 5 p.m. EDT,40779,32708,50815,44351,127368,118932,17436,52570,24003,38473,22923,28454,77997
7/11/2022 6 p.m. EDT,42849,33102,51302,44201,129170,119752,18331,54499,24434,38353,23712,28784,78265
7/11/2022 7 p.m. EDT,44755,33077,51030,43133,128409,119756,18729,56217,24205,37671,9655,28609,78018
7/11/2022 8 p.m. EDT,46667,32246,50288,41177,124440,118137,18369,57787,23376,36565,9655,27971,77533
7/11/2022 9 p.m. EDT,47979,31217,48748,39135,118543,114960,17632,58298,22444,35259,9655,26878,75799
7/11/2022 10 p.m. EDT,48579,30290,46376,37362,113854,109556,16787,57787,21795,34385,23834,25729,72847
7/11/2022 11 p.m. EDT,48399,28197,44355,34547,107425,104856,15347,56312,20508,32616,22808,24264,70181
7/12/2022 12 a.m. EDT,46992,25822,41592,31568,101643,98837,13979,54222,19120,30277,21621,22279,66205
7/12/2022 1 a.m. EDT,45105,23754,38413,28969,95650,93041,13517,51239,17929,28169,20286,20496,61774
7/12/2022 2 a.m. EDT,42896,22438,35935,26987,90458,87778,13039,47320,17021,27532,18784,19266,57989
7/12/2022 3 a.m. EDT,39370,21553,34138,25653,86905,83649,12758,43660,16468,26579,17319,18152,54749
7/12/2022 4 a.m. EDT,36147,21033,32760,24785,84850,80581,12602,40924,16195,25947,16369,17403,52318
7/12/2022 5 a.m. EDT,33651,21049,31790,24526,84594,78770,12689,38909,16248,25675,15584,17074,50741
7/12/2022 6 a.m. EDT,31929,21671,31387,25151,86967,78677,12923,37471,16819,25753,14842,17157,49946
7/12/2022 7 a.m. EDT,30696,22701,31645,26262,90935,80589,13458,36867,17956,26597,14346,17509,50066
7/12/2022 8 a.m. EDT,30284,24196,32322,27659,97002,82743,14082,37120,19380,27194,14200,18136,50541
7/12/2022 9 a.m. EDT,29968,25980,33722,30387,102922,86634,14472,37762,20467,28285,14192,19716,51521
7/12/2022 10 a.m. EDT,30799,28017,35448,33724,106789,91185,14770,39663,21350,29708,14636,21312,54281
7/12/2022 11 a.m. EDT,31907,30056,37358,37110,111332,95660,15297,42174,22270,31508,15488,23005,58436
7/12/2022 12 p.m. EDT,33548,32307,39569,40426,117643,100671,15939,43169,23154,33717,16355,24758,63331
7/12/2022 1 p.m. EDT,34952,34424,41506,42970,123954,105335,16584,46625,23907,36016,17401,26392,68017
7/12/2022 2 p.m. EDT,35274,36136,43359,44837,129119,108813,17501,49064,24774,38108,18554,27749,72137
7/12/2022 3 p.m. EDT,35974,37379,45072,46313,133076,111703,18300,51548,25492,39499,19703,28745,75734
7/12/2022 4 p.m. EDT,36451,38246,46237,47173,135783,113863,18931,54011,26013,40314,20757,29151,77573
7/12/2022 5 p.m. EDT,37252,38756,47269,47692,137131,115449,19643,53546,26433,40862,21862,29438,78226
7/12/2022 6 p.m. EDT,38812,38813,47758,47552,135890,115719,20488,57576,26608,40671,22615,29418,78401
7/12/2022 7 p.m. EDT,40925,38322,47783,46397,131258,114916,20460,59487,26017,40016,22871,29151,77651
7/12/2022 8 p.m. EDT,42547,37142,47158,44423,126262,112487,19947,60015,25324,38736,23025,28445,76311
7/12/2022 9 p.m. EDT,43986,35751,45710,42352,120912,108420,19327,59999,24618,37278,22982,27177,74122
7/12/2022 10 p.m. EDT,44829,34374,43533,40161,115753,103690,18399,58811,23957,36177,22210,26047,71307
7/12/2022 11 p.m. EDT,45152,31762,41523,36988,108487,99147,16900,56423,22494,34052,21125,24518,68846
7/13/2022 12 a.m. EDT,44083,29082,38857,33698,102461,92862,15453,54314,20947,31666,20279,22595,64704
7/13/2022 1 a.m. EDT,42610,27176,36023,30847,97249,87192,14642,51217,19613,29535,19073,20825,60401
7/13/2022 2 a.m. EDT,40630,25814,33790,28652,92002,82652,14309,47393,18620,27735,17853,19588,56346
7/13/2022 3 a.m. EDT,37777,24893,32304,27202,88346,78994,14063,43853,17866,27022,16562,18449,53164
7/13/2022 4 a.m. EDT,34936,24191,31172,26199,85870,76521,13776,41192,17382,26248,15629,17646,50712
7/13/2022 5 a.m. EDT,32703,24029,30487,25842,85181,75144,13775,39329,17221,25933,14971,17150,49164
7/13/2022 6 a.m. EDT,31030,24462,30194,26289,87082,75659,14141,38117,17473,25922,14424,17257,48520
7/13/2022 7 a.m. EDT,29654,25260,30422,27378,91023,77780,14395,37517,18409,25869,14029,17540,48720
7/13/2022 8 a.m. EDT,29277,26586,31242,29702,96796,80183,14975,37728,19795,26446,14043,18195,49768
7/13/2022 9 a.m. EDT,29353,28002,32842,32749,101471,84098,15344,38633,20866,27563,14188,18927,50557
7/13/2022 10 a.m. EDT,30176,29677,34835,36270,105695,88154,15531,40512,21646,29200,14566,19933,53510
7/13/2022 11 a.m. EDT,31440,31546,37276,39994,111181,92127,16244,42979,22435,31309,15195,21125,57575
7/13/2022 12 p.m. EDT,32785,33397,39834,43220,117084,96822,17003,45015,23202,33527,16096,22355,62642
7/13/2022 1 p.m. EDT,34004,35099,42342,46085,122407,101339,17458,47494,23874,35539,17189,23381,67577
7/13/2022 2 p.m. EDT,34486,36302,44701,47978,126657,105249,18060,49612,24696,37235,18484,24342,71626
7/13/2022 3 p.m. EDT,34666,36910,46769,49154,129409,108399,18628,51623,25363,38347,19835,25081,74852
7/13/2022 4 p.m. EDT,35258,36937,48044,49944,131177,110519,19137,53311,25796,38303,20912,25814,77163
7/13/2022 5 p.m. EDT,36856,36133,49111,49815,132768,112347,19534,55063,26058,37827,22192,26384,78005
7/13/2022 6 p.m. EDT,38453,34976,49700,48356,132989,113446,20133,56346,26297,37169,22926,26656,78292
7/13/2022 7 p.m. EDT,40014,33717,49690,46428,130645,113076,20429,57424,25926,35894,23072,26646,77710
7/13/2022 8 p.m. EDT,42087,32383,49028,44142,125511,111180,20278,57662,24968,34661,23230,26005,76279
7/13/2022 9 p.m. EDT,43399,31289,47573,41928,119697,107431,19549,57271,24004,33417,23261,24837,74458
7/13/2022 10 p.m. EDT,44490,30384,45221,39753,115041,103082,18589,56064,23226,32532,22667,23863,71984
7/13/2022 11 p.m. EDT,44897,28493,43419,36792,108224,98738,16982,54531,21900,30795,21840,22413,69786
7/14/2022 12 a.m. EDT,43936,26394,40680,33452,102255,92576,15390,52419,20448,28647,20757,20741,65949
7/14/2022 1 a.m. EDT,42605,24672,37767,30784,96476,86642,14643,49625,19195,26921,19393,19112,61685
7/14/2022 2 a.m. EDT,40703,23478,35295,28617,91321,82135,14470,45381,18305,26066,18040,17738,57853
7/14/2022 3 a.m. EDT,37865,22749,33418,27073,87828,78645,13970,42669,17608,25181,16921,16830,54735
7/14/2022 4 a.m. EDT,34869,22346,32093,26085,85228,75725,13628,40268,17135,24488,16086,16145,52277
7/14/2022 5 a.m. EDT,32637,22401,31200,25714,84572,74551,13605,38688,16974,24141,15431,15936,50781
7/14/2022 6 a.m. EDT,30896,22852,30806,26129,86513,74974,14069,37735,17292,24484,14742,15975,49823
7/14/2022 7 a.m. EDT,30017,23732,31351,27151,89850,76422,14730,37254,18175,25392,14302,16283,49944
7/14/2022 8 a.m. EDT,29534,24828,32368,28425,95564,79247,14745,37601,19357,26016,14272,17192,50551
7/14/2022 9 a.m. EDT,29328,26192,33914,30952,100055,82772,15315,38586,20460,27296,14395,18514,51312
7/14/2022 10 a.m. EDT,30296,27862,36038,34333,103610,86543,15517,40577,21264,28585,14588,20111,53730
7/14/2022 11 a.m. EDT,31420,29863,38546,38014,108500,91583,15947,43164,22013,30446,15272,21781,57372
7/14/2022 12 p.m. EDT,33517,31765,41409,41593,113456,96576,16587,45553,22812,32394,15949,23749,61366
7/14/2022 1 p.m. EDT,35144,33504,44054,44285,118289,101702,17146,47759,23509,34104,16918,25189,64751
7/14/2022 2 p.m. EDT,35936,34923,46328,46182,122425,106120,17554,49839,24156,35588,18021,26386,67286
7/14/2022 3 p.m. EDT,36584,35943,48355,46755,125591,109344,18056,51966,24651,36904,19238,27092,68673
7/14/2022 4 p.m. EDT,37308,36545,49777,46798,128216,111795,18721,53887,25090,37819,20435,27860,69322
7/14/2022 5 p.m. EDT,38409,36819,50874,47020,129828,113187,19245,55340,25530,38261,21540,28315,69766
7/14/2022 6 p.m. EDT,39776,36712,51436,46634,130346,113727,19667,56156,25724,38118,22492,28430,70226
7/14/2022 7 p.m. EDT,42003,36018,51211,44702,128263,113205,19785,56933,25316,37022,22796,28124,69322
7/14/2022 8 p.m. EDT,43564,34643,50562,41669,124161,111305,19390,56895,24564,35456,22748,27495,67255
7/14/2022 9 p.m. EDT,44967,33231,49339,39247,118587,107696,18743,56346,23640,33849,22484,26156,64395
7/14/2022 10 p.m. EDT,45957,31886,47344,37014,113516,103559,17834,54994,22866,32773,21905,25088,61982
7/14/2022 11 p.m. EDT,46001,29651,45669,34309,106130,99542,16312,53374,21381,30831,21048,23599,60113
7/15/2022 12 a.m. EDT,44795,27212,43320,31378,100172,93558,14751,51262,19786,28672,20121,21629,56661
7/15/2022 1 a.m. EDT,43357,25172,40665,28680,94557,87812,13619,48755,18438,26640,18507,19928,52867
7/15/2022 2 a.m. EDT,41583,23891,38323,26714,89379,83532,13211,45399,17435,25765,17010,18473,49449
7/15/2022 3 a.m. EDT,38604,23214,36568,25198,85752,79603,12738,42088,16715,25315,15793,17445,46890
7/15/2022 4 a.m. EDT,35840,22553,35058,24220,83317,76927,12527,39576,16211,24601,14848,16760,45043
7/15/2022 5 a.m. EDT,33424,22347,34073,23773,82786,75631,12467,37923,16054,24209,14204,16384,43813
7/15/2022 6 a.m. EDT,31747,22873,33523,24238,84585,75962,12803,37013,16358,24258,13632,16455,43456
7/15/2022 7 a.m. EDT,30482,23673,33738,25202,87817,77401,13276,36689,17229,24619,13326,16913,44001
7/15/2022 8 a.m. EDT,29873,24594,34204,26476,92286,80177,13857,37141,18333,25225,13288,17399,44891
7/15/2022 9 a.m. EDT,29777,25903,35557,28982,95378,83849,13776,37969,19115,26433,13466,18795,46232
7/15/2022 10 a.m. EDT,30534,27382,37520,31843,98888,87599,14026,39589,19759,28411,13895,20482,49291
7/15/2022 11 a.m. EDT,31852,29388,39785,34794,104063,92258,14288,42238,20471,30802,14638,22228,53088
7/15/2022 12 p.m. EDT,34032,31275,42219,38131,108860,97088,14604,44273,21190,33359,15392,24600,57352
7/15/2022 1 p.m. EDT,35655,33071,44817,41041,113200,101388,14950,46340,21796,35641,16412,26042,61648
7/15/2022 2 p.m. EDT,36628,34707,47139,43109,116807,104454,15314,48285,22412,37346,17690,27239,65254
7/15/2022 3 p.m. EDT,37534,36012,49081,44705,119441,106544,15925,50002,22951,38481,18998,28110,67833
7/15/2022 4 p.m. EDT,38277,36833,50296,45792,121489,107808,16688,51505,23370,39255,20283,28661,69352
7/15/2022 5 p.m. EDT,39529,37194,51148,46069,122500,107948,17374,53182,23839,39824,21504,29015,69661
7/15/2022 6 p.m. EDT,41488,37008,51516,45678,121967,107860,18064,54263,24164,39595,22496,28972,70007
7/15/2022 7 p.m. EDT,43556,36224,51238,44018,118939,107232,18280,55328,23904,38648,23012,28481,69836
7/15/2022 8 p.m. EDT,45415,34656,50467,41496,114433,105036,17901,55687,23147,37083,23368,27557,68375
7/15/2022 9 p.m. EDT,46798,33022,49166,39380,109715,101987,17242,55091,22223,35165,23377,26219,66395
7/15/2022 10 p.m. EDT,47760,31808,47024,37455,106475,98961,16509,53975,21548,33852,22803,25012,63978
7/15/2022 11 p.m. EDT,47399,29682,45310,34851,101241,95606,15246,52259,20396,31946,21932,23471,61901
7/16/2022 12 a.m. EDT,46143,27417,43139,32143,96177,90480,13957,50420,19117,29679,21016,21711,58507
7/16/2022 1 a.m. EDT,44554,25497,40684,29541,91272,85430,12910,48241,17932,27542,19735,19987,55015
7/16/2022 2 a.m. EDT,42462,24016,38193,27540,86938,81572,12913,45184,17091,26025,18396,18769,51802
7/16/2022 3 a.m. EDT,39533,22947,36247,26046,83446,78743,12677,41728,16481,25231,17083,17563,49168
7/16/2022 4 a.m. EDT,36534,21954,34648,25071,81483,76202,12337,39897,16050,24776,15975,16830,47114
7/16/2022 5 a.m. EDT,34064,21582,33436,24552,80355,74574,12191,38342,15858,24074,15187,16128,45945
7/16/2022 6 a.m. EDT,32248,21487,32596,24523,80607,74060,12225,37114,15845,23615,14653,16208,44778
7/16/2022 7 a.m. EDT,31018,21459,32355,24660,81406,74180,12441,36325,16021,23570,14155,16216,44421
7/16/2022 8 a.m. EDT,30016,22289,32172,25498,83960,74022,12665,36142,16674,23568,13847,16375,44275
7/16/2022 9 a.m. EDT,29299,24226,32883,28481,88375,77257,13078,36050,17561,24621,13602,17566,45045
7/16/2022 10 a.m. EDT,29280,26531,34893,32057,92091,81617,13108,37288,18485,26719,13725,19400,48274
7/16/2022 11 a.m. EDT,29761,28841,37377,35428,96175,86727,13657,39655,19281,29360,14574,21652,52423
7/16/2022 12 p.m. EDT,32033,31382,39926,37921,101382,92007,14145,42388,19968,32143,15612,23681,56873
7/16/2022 1 p.m. EDT,33523,33396,42381,39606,105882,97130,14573,44795,20596,34474,16799,25294,61296
7/16/2022 2 p.m. EDT,34673,34599,44298,40561,108779,101259,14677,46835,21159,36126,18050,26475,64886
7/16/2022 3 p.m. EDT,35683,34941,45697,40857,110920,104780,14900,48775,21461,37145,19165,27330,67968
7/16/2022 4 p.m. EDT,37156,34799,46722,41021,112542,107402,15396,50309,21433,37711,20277,28005,70494
7/16/2022 5 p.m. EDT,38425,34752,47317,40896,113986,109028,15913,51399,21804,38139,21370,28531,72270
7/16/2022 6 p.m. EDT,39980,34819,47546,39773,113553,109503,16522,52384,22180,38242,22402,28830,73504
7/16/2022 7 p.m. EDT,42159,34402,47458,37802,111327,109057,16758,52640,22087,37668,23318,28803,73613
7/16/2022 8 p.m. EDT,44445,33203,46833,35776,108084,106978,16597,53713,21917,36448,23758,27974,72592
7/16/2022 9 p.m. EDT,46173,31719,45791,34375,104894,103504,16423,53543,21540,34601,23595,26573,70319
7/16/2022 10 p.m. EDT,47488,30591,44070,33149,102379,100353,16035,52685,21192,33589,22765,25457,67522
7/16/2022 11 p.m. EDT,47945,28541,42609,31180,98385,97256,15109,51005,20321,31545,21577,24087,65294
7/17/2022 12 a.m. EDT,46654,26357,40562,28945,94196,91973,14061,49201,19271,29337,20352,22415,61916
7/17/2022 1 a.m. EDT,45005,24444,38387,26782,89497,86813,13161,46968,18256,27536,18934,20778,58210
7/17/2022 2 a.m. EDT,42831,22939,36278,25217,85935,82541,12944,44090,17467,26087,17626,19467,54800
7/17/2022 3 a.m. EDT,39759,21989,34905,24082,83466,79806,12618,41055,16841,25106,16308,18319,51894
7/17/2022 4 a.m. EDT,36882,21121,33664,23361,81158,78007,12289,38851,16280,24220,15244,17730,49630
7/17/2022 5 a.m. EDT,34492,20848,32436,22894,79889,76015,12320,37319,15941,23619,14528,17037,47894
7/17/2022 6 a.m. EDT,32696,20873,31852,22801,79549,74057,12309,36153,15803,23261,13808,16712,46554
7/17/2022 7 a.m. EDT,31017,20706,31654,22732,79344,73798,12213,35439,15827,22702,13320,16596,45730
7/17/2022 8 a.m. EDT,29915,21580,31469,23537,81740,73939,12625,35102,16369,22599,12974,16738,44943
7/17/2022 9 a.m. EDT,29193,24396,31835,26173,86418,76168,12745,35145,17222,24414,12616,17877,45033
7/17/2022 10 a.m. EDT,28895,26955,33430,29650,90804,79617,13174,35984,18210,26997,12947,19631,47840
7/17/2022 11 a.m. EDT,29178,29552,35705,33004,93776,83821,13916,38095,19339,29861,13871,21343,51943
7/17/2022 12 p.m. EDT,30731,32124,38154,36472,98806,88496,14840,39974,20391,32495,14930,23001,56520
7/17/2022 1 p.m. EDT,32447,34282,40486,39401,103753,92764,15901,42723,21287,34673,16172,24791,61125
7/17/2022 2 p.m. EDT,33679,35785,42594,41327,107271,96154,16496,44908,22035,36434,17554,25599,65449
7/17/2022 3 p.m. EDT,35115,36610,44578,42544,109566,98817,16945,47107,22796,37627,18761,26803,69275
7/17/2022 4 p.m. EDT,36507,37045,46239,42642,110852,100642,17507,49024,23369,38408,19913,27162,72129
7/17/2022 5 p.m. EDT,38203,37419,47462,41686,111941,102104,18341,50543,23836,38793,20899,27318,73999
7/17/2022 6 p.m. EDT,40123,37435,48364,40496,112490,103370,19213,51950,24063,38919,21832,27288,75321
7/17/2022 7 p.m. EDT,42350,37030,48687,39455,111556,104018,19622,53292,23889,38572,22782,26863,75264
7/17/2022 8 p.m. EDT,44222,35775,48293,38030,109413,103219,19325,54287,23375,37668,23116,26083,74013
7/17/2022 9 p.m. EDT,45278,34302,47143,36846,107626,101144,18902,54363,23095,36023,23086,25270,71723
7/17/2022 10 p.m. EDT,46380,32999,45333,35645,105374,98684,18185,53310,22886,34676,22539,24698,69466
7/17/2022 11 p.m. EDT,46817,30651,43595,33255,101126,95656,16773,49699,21832,32594,21643,23640,67594
7/18/2022 12 a.m. EDT,46054,28181,41199,30650,96693,90529,15334,48222,20557,30146,20231,22200,63980
7/18/2022 1 a.m. EDT,44400,26128,38582,28260,92961,85447,14527,47394,19391,28077,18187,20716,59949
7/18/2022 2 a.m. EDT,42036,24597,36362,26379,89379,81661,14299,44968,18635,26782,16662,19636,56228
7/18/2022 3 a.m. EDT,39140,23538,34783,25203,86916,78512,14162,42284,18097,25592,15377,18581,53238
7/18/2022 4 a.m. EDT,36286,22845,33523,24477,85602,76317,13991,39742,17804,24853,14444,17937,50996
7/18/2022 5 a.m. EDT,34232,22732,32683,24465,86064,74988,14139,38049,17812,24528,13711,17518,49439
7/18/2022 6 a.m. EDT,32686,23446,32249,25155,89033,75449,14222,37206,18386,24981,13189,17591,48612
7/18/2022 7 a.m. EDT,31316,24438,32624,26351,93765,77772,14683,37124,19490,25723,12912,18152,48958
7/18/2022 8 a.m. EDT,30879,25991,33299,27748,98759,81371,15788,37687,20710,26213,13012,18741,49490
7/18/2022 9 a.m. EDT,30629,27784,35030,30710,102426,85634,16647,38945,21795,27824,13196,19702,50300
7/18/2022 10 a.m. EDT,31388,29831,37282,34234,106080,90052,17426,40914,22536,30362,13466,20815,53090
7/18/2022 11 a.m. EDT,33091,32330,39764,37911,111526,95683,18201,43438,23146,33188,14276,21991,57045
7/18/2022 12 p.m. EDT,35606,34911,42380,41273,116817,101310,18697,45983,23601,35701,15219,22810,61525
7/18/2022 1 p.m. EDT,37673,36840,44862,43851,121751,106589,18899,48191,24123,37852,16292,23679,66034
7/18/2022 2 p.m. EDT,39235,38228,47050,45599,126443,111390,19164,49813,24546,39468,17586,24300,70392
7/18/2022 3 p.m. EDT,40614,39512,48888,46451,129573,115434,19230,51607,24764,40471,18687,24750,73991
7/18/2022 4 p.m. EDT,42460,40316,50178,46778,131570,118137,19200,52866,24429,40787,19746,24971,76882
7/18/2022 5 p.m. EDT,44114,40594,51188,46895,132794,120072,18946,53871,24304,40807,20766,24931,78434
7/18/2022 6 p.m. EDT,46014,40481,51614,46732,132415,121417,19112,54748,24501,40199,21681,24971,79012
7/18/2022 7 p.m. EDT,47921,39874,51408,45490,130554,121403,19073,55547,24409,38525,22293,24917,79026
7/18/2022 8 p.m. EDT,49409,38400,50838,43433,127238,120157,18808,56079,24105,37081,22656,24457,77935
7/18/2022 9 p.m. EDT,50297,36542,49497,41722,122791,116567,18558,56142,23771,35527,22808,23980,75385
7/18/2022 10 p.m. EDT,50863,34919,47338,39929,118040,112201,17889,55168,23230,34404,22502,23400,72750
7/18/2022 11 p.m. EDT,50667,32235,45503,36950,111449,107796,16701,53366,21996,32362,21749,22271,70626
7/19/2022 12 a.m. EDT,49286,29642,42708,33837,105417,101456,15550,51598,20609,30135,20975,20853,66656
7/19/2022 1 a.m. EDT,47170,27420,39673,31033,99889,94641,15336,49038,19411,28013,19651,19321,62198
7/19/2022 2 a.m. EDT,44631,25940,37242,28941,94768,89631,14995,45589,18566,27209,18205,18322,58510
7/19/2022 3 a.m. EDT,41032,24912,35404,27500,91061,85425,14571,42306,17889,26325,16891,17439,55557
7/19/2022 4 a.m. EDT,37906,24241,34083,26537,88684,82404,14350,40119,17431,25678,15897,16772,53233
7/19/2022 5 a.m. EDT,35223,24157,33048,26178,88122,80785,14382,38593,17336,25423,15073,16506,51709
7/19/2022 6 a.m. EDT,33470,24714,32599,26628,90337,81042,14899,37585,17751,25684,14502,16659,51061
7/19/2022 7 a.m. EDT,32239,25668,32856,27689,94254,83239,15918,37076,18752,26379,14200,17324,51183
7/19/2022 8 a.m. EDT,31545,26991,33600,28861,100321,86171,16717,37491,20245,26930,14088,18113,51731
7/19/2022 9 a.m. EDT,31341,28704,35126,31794,105900,90399,16648,38829,21481,28037,14168,19182,52517
7/19/2022 10 a.m. EDT,31653,30708,37362,35366,110514,95783,16687,40777,22436,29518,14440,20446,55246
7/19/2022 11 a.m. EDT,32904,32852,40033,38931,115288,101441,17056,43131,23334,31112,15444,21709,59289
7/19/2022 12 p.m. EDT,35277,35141,42952,41885,121151,107535,17732,45511,24291,32929,16406,23266,63603
7/19/2022 1 p.m. EDT,37187,37107,45713,44446,127252,113090,18497,47575,25123,34613,17631,24459,67945
7/19/2022 2 p.m. EDT,37896,38880,48175,45831,132100,117977,19405,49787,26041,35893,18978,25445,72228
7/19/2022 3 p.m. EDT,38573,39818,50341,46485,135918,121579,20160,52137,26792,36948,20359,26337,76045
7/19/2022 4 p.m. EDT,40495,40433,51736,46238,139140,124003,21031,52905,27425,37925,21585,27250,78716
7/19/2022 5 p.m. EDT,42154,40414,52708,46059,141165,125060,21911,52846,28048,38373,22471,28059,79261
7/19/2022 6 p.m. EDT,43678,40076,53097,45614,142551,125502,10538,54019,16247,37568,23004,28469,79625
7/19/2022 7 p.m. EDT,46621,39154,52928,44592,141288,124972,10538,56117,16247,36460,23296,28159,79404
7/19/2022 8 p.m. EDT,48542,37398,52443,42646,138168,123169,22379,57200,27995,35344,23580,27535,78559
7/19/2022 9 p.m. EDT,49940,35661,51185,40806,132130,119232,21667,58739,27168,33982,23640,26612,76586
7/19/2022 10 p.m. EDT,50655,33977,49025,39023,126655,114678,20587,57568,26371,33218,23314,25856,73932
7/19/2022 11 p.m. EDT,50375,31436,47284,36147,119472,110109,18862,56167,24789,31426,22449,24593,71488
7/20/2022 12 a.m. EDT,49203,28691,44559,33105,111908,103670,17406,53678,23059,29482,21493,22970,67629
7/20/2022 1 a.m. EDT,47143,26438,41912,30412,105774,97529,16652,50751,21597,27719,20076,21422,63384
7/20/2022 2 a.m. EDT,44653,24928,39568,28406,100322,92732,15994,47077,20459,27162,18757,20220,59720
7/20/2022 3 a.m. EDT,40884,23857,37943,27041,96138,88757,15352,43501,19619,26323,17373,19139,56819
7/20/2022 4 a.m. EDT,37670,23207,36490,26212,93337,85898,14975,40794,19116,25568,16315,18759,54644
7/20/2022 5 a.m. EDT,35212,23048,35669,25907,92558,84563,14951,38888,18935,25634,15611,18282,53015
7/20/2022 6 a.m. EDT,33548,23545,35136,26457,94434,84706,15368,37590,19265,26071,15055,18444,51970
7/20/2022 7 a.m. EDT,32139,24508,35348,27565,98227,86834,16400,37039,20277,26844,14634,19022,51886
7/20/2022 8 a.m. EDT,31525,25921,35958,28841,104830,89059,17391,37162,21927,27330,14526,19702,52327
7/20/2022 9 a.m. EDT,31487,27727,37275,31623,110966,93623,17604,38191,23453,28596,14647,20824,53112
7/20/2022 10 a.m. EDT,31971,29616,39003,34999,117796,98191,18346,40195,24832,30464,14799,22462,55615
7/20/2022 11 a.m. EDT,33041,31780,40938,38399,125132,104072,19151,42787,26030,32800,15352,24178,59267
7/20/2022 12 p.m. EDT,35129,34391,43323,41466,131703,109967,19897,44986,27139,35319,16115,25915,63779
7/20/2022 1 p.m. EDT,36515,36653,45145,43886,137429,115386,20727,47376,28184,37760,17095,27568,68505
7/20/2022 2 p.m. EDT,37255,38515,47053,45687,142044,119446,21562,49738,16247,39559,18511,28874,72629
7/20/2022 3 p.m. EDT,38341,39739,48707,46823,145131,122739,22223,52120,16247,40850,19468,29885,76135
7/20/2022 4 p.m. EDT,39473,40358,49928,47281,146425,124298,10538,54302,16247,41517,20592,30442,78429
7/20/2022 5 p.m. EDT,40772,40391,50586,47464,77027,125544,10538,56346,16247,41714,21669,30963,79400
7/20/2022 6 p.m. EDT,42986,39967,50872,46916,77027,75389,10538,57941,16247,41462,22401,31161,79830
7/20/2022 7 p.m. EDT,45621,38893,50803,45432,77027,125475,10538,58942,16247,40765,22662,30871,79677
7/20/2022 8 p.m. EDT,47957,37156,50322,42921,144080,123218,10538,59303,16247,39645,23063,30315,78504
7/20/2022 9 p.m. EDT,49616,35582,48980,41063,138514,119107,10538,59110,16247,38064,23205,29513,75932
7/20/2022 10 p.m. EDT,50060,34346,47038,39153,133251,114637,22133,58261,27701,37092,22888,28697,73359
7/20/2022 11 p.m. EDT,49504,31984,45089,36334,125038,110043,20398,56396,26027,35033,22417,27240,70851
7/21/2022 12 a.m. EDT,47828,29483,42513,33236,117836,103575,19022,54181,24176,32749,21706,25580,67186
7/21/2022 1 a.m. EDT,45938,27361,39845,30599,111187,97470,18003,51331,22679,30652,20263,24013,63132
7/21/2022 2 a.m. EDT,43594,25911,37503,28440,105164,92047,17013,47331,21612,29372,18879,22680,59201
7/21/2022 3 a.m. EDT,40166,25086,35791,27048,100974,87577,16482,43650,20731,28151,17553,21720,56338
7/21/2022 4 a.m. EDT,36843,24600,34605,26216,97796,84467,16373,40733,20184,27441,16554,20771,54111
7/21/2022 5 a.m. EDT,34389,24528,33586,25900,96513,82790,16275,38819,20020,27470,15770,20120,52789
7/21/2022 6 a.m. EDT,32466,25555,33088,26369,98235,82648,16654,37483,20412,27743,15166,19715,51923
7/21/2022 7 a.m. EDT,31371,26635,33411,27380,102061,84372,17612,36794,21425,28647,14735,19927,52167
7/21/2022 8 a.m. EDT,30828,27801,34199,28553,108430,86737,18680,37017,23042,28937,14690,20143,52796
7/21/2022 9 a.m. EDT,30859,29030,35594,31108,114612,90977,19100,38079,24552,29405,14863,20870,53141
7/21/2022 10 a.m. EDT,31315,30573,37572,34352,120763,95541,19243,40211,25748,30642,15094,22115,55363
7/21/2022 11 a.m. EDT,32515,32466,39880,37877,126571,101093,20053,42826,26928,31887,15792,23540,58274
7/21/2022 12 p.m. EDT,34470,34020,42052,41314,133144,106760,21002,45102,27844,33214,16300,25297,61706
7/21/2022 1 p.m. EDT,36077,35223,44274,44184,138615,112346,21798,47305,16247,34734,17039,26698,65556
7/21/2022 2 p.m. EDT,36775,36317,46392,46108,142131,116776,10538,48846,16247,36089,18077,27721,69007
7/21/2022 3 p.m. EDT,37532,37250,47927,47405,144503,120249,10538,51530,28268,37192,19391,28553,72194
7/21/2022 4 p.m. EDT,38407,38101,48755,48499,145400,122645,10538,54447,28373,38022,20361,29298,74752
7/21/2022 5 p.m. EDT,40208,38733,49297,49098,146286,124380,10538,56471,16247,38121,21446,29712,76691
7/21/2022 6 p.m. EDT,42197,38916,49383,48549,146307,124559,10538,57764,16247,37425,22337,29808,77797
7/21/2022 7 p.m. EDT,44516,38657,48891,47422,145131,123829,10538,59005,16247,36296,22975,29408,77586
7/21/2022 8 p.m. EDT,46702,37622,48082,45135,140856,122012,10538,59954,16247,34892,23300,28546,76154
7/21/2022 9 p.m. EDT,47938,36169,46558,42904,134722,116939,22360,60259,27781,33670,23463,27484,73377
7/21/2022 10 p.m. EDT,48578,34938,44654,40837,129230,112077,21371,59214,26898,32831,23225,26373,70456
7/21/2022 11 p.m. EDT,48169,32542,43082,37857,122102,107039,19760,56832,25235,30998,22476,24838,68099
7/22/2022 12 a.m. EDT,46755,30040,41098,34767,115005,100309,18170,54303,23515,29076,21692,22869,64250
7/22/2022 1 a.m. EDT,45045,27815,38580,31961,108474,93979,17397,50909,22028,27330,20328,20998,60122
7/22/2022 2 a.m. EDT,42872,26357,36297,29890,102390,88851,16858,47234,20802,26312,18955,19629,56306
7/22/2022 3 a.m. EDT,39457,25328,34687,28339,97728,84674,16207,43665,19954,25271,17551,18649,53191
7/22/2022 4 a.m. EDT,36143,24650,33557,27307,94452,81622,15736,40849,19336,24614,16491,17842,51020
7/22/2022 5 a.m. EDT,34025,24489,32865,26782,93198,79904,15588,38910,19114,24323,15616,17385,49815
7/22/2022 6 a.m. EDT,32312,24952,32501,26995,94346,79978,15897,37789,19403,24751,14867,17368,49164
7/22/2022 7 a.m. EDT,30956,25742,32975,27695,97429,81740,16413,37349,20232,25570,14464,17771,49410
7/22/2022 8 a.m. EDT,30222,26860,33740,28621,103326,84103,17078,37475,21691,26111,14426,18220,50201
7/22/2022 9 a.m. EDT,30183,28423,35012,31073,109617,87714,17581,38368,23121,27457,14587,19427,50878
7/22/2022 10 a.m. EDT,30699,30402,36894,34274,115588,92046,18078,40264,24256,29081,14917,21178,53170
7/22/2022 11 a.m. EDT,31979,32890,39099,38075,122035,97418,18861,42528,25391,31263,15767,23069,56799
7/22/2022 12 p.m. EDT,33949,35199,41505,41590,128539,103002,19671,44669,26413,33564,16643,25187,60849
7/22/2022 1 p.m. EDT,35822,37291,43783,44367,134229,108442,20040,46754,27191,35841,17767,27049,64952
7/22/2022 2 p.m. EDT,36180,38936,45925,46504,138678,112899,20765,49084,27858,37666,19075,28447,68560
7/22/2022 3 p.m. EDT,36544,39955,47797,47678,141686,117032,21375,51086,28395,38813,20460,29484,71365
7/22/2022 4 p.m. EDT,37813,40568,49168,47987,143477,120432,21964,52802,16247,39434,21582,30213,72455
7/22/2022 5 p.m. EDT,39007,40832,49864,47665,144882,122399,10538,54410,16247,39612,22545,30702,72373
7/22/2022 6 p.m. EDT,40871,40796,50123,46511,145401,123267,10538,55581,16247,39193,23350,30724,72369
7/22/2022 7 p.m. EDT,43083,39750,50046,44762,143627,122665,10538,56378,28135,37995,23858,30227,72164
7/22/2022 8 p.m. EDT,44997,38220,49392,42193,139294,120299,10538,56855,27307,36105,23822,29479,70860
7/22/2022 9 p.m. EDT,46518,36574,48088,40361,132965,116194,21630,56281,26435,34529,23217,28147,68772
7/22/2022 10 p.m. EDT,47322,34947,46038,38492,127342,111753,20644,55257,25515,33547,22678,27035,66283
7/22/2022 11 p.m. EDT,47022,32320,44470,35671,119918,107054,19101,53524,24066,31596,22014,25549,64267
7/23/2022 12 a.m. EDT,45641,29678,42346,32786,112723,100555,17744,51269,22568,29330,21155,23644,60794
7/23/2022 1 a.m. EDT,43741,27448,39979,30172,106495,95013,16426,48781,21271,27438,19908,21963,57386
7/23/2022 2 a.m. EDT,41655,25778,37764,28164,101280,90355,15984,45564,20226,26385,18750,20442,54000
7/23/2022 3 a.m. EDT,38587,24591,36068,26601,96350,85552,15620,42174,19460,25032,17745,19163,51202
7/23/2022 4 a.m. EDT,35688,23729,34745,25591,92558,82117,15400,39711,18834,24247,16728,18253,49141
7/23/2022 5 a.m. EDT,33726,23130,33768,25042,90770,80108,15146,38392,18481,23614,16025,17579,47711
7/23/2022 6 a.m. EDT,31843,23156,33085,24941,90069,79384,15095,36977,18349,23407,15521,17449,46732
7/23/2022 7 a.m. EDT,30560,23118,32825,25133,90075,79546,15164,36243,18538,23486,15152,17271,46307
7/23/2022 8 a.m. EDT,29668,23981,32649,25967,93825,79829,15594,35999,19547,23466,14941,17389,46245
7/23/2022 9 a.m. EDT,29353,26088,33406,29296,100136,82511,15933,36089,20824,25066,14649,18552,46826
7/23/2022 10 a.m. EDT,29421,28693,35644,33363,106614,87578,16459,36729,22138,27434,14253,20519,50120
7/23/2022 11 a.m. EDT,29719,31551,38561,37229,113162,93603,17329,38645,23360,30134,14385,22623,54715
7/23/2022 12 p.m. EDT,30745,34326,41490,40492,118663,98876,18142,41402,24397,32900,14821,24731,59092
7/23/2022 1 p.m. EDT,31718,36581,44001,43035,122806,104229,18853,43864,25304,35361,15551,26416,63016
7/23/2022 2 p.m. EDT,31975,38190,46122,44683,125700,108067,19424,45842,26045,37206,16782,27669,66151
7/23/2022 3 p.m. EDT,32192,39167,47855,45277,127962,110395,19939,47213,26645,38428,18170,28484,68529
7/23/2022 4 p.m. EDT,32578,39652,49150,44974,130085,112355,20680,48372,27246,39185,19332,28657,70789
7/23/2022 5 p.m. EDT,33558,39669,50132,44007,132822,113449,21591,49610,27764,39443,20174,29123,72692
7/23/2022 6 p.m. EDT,35515,39464,50715,42587,134390,114257,10538,50358,27963,39038,20844,29263,73985
7/23/2022 7 p.m. EDT,37501,38866,50876,40824,132952,114115,10538,50659,27646,38272,21487,28981,73961
7/23/2022 8 p.m. EDT,39701,37511,50266,39074,128328,112108,22249,51279,26851,37027,21954,28324,72753
7/23/2022 9 p.m. EDT,41751,35857,48733,37765,123444,108172,21363,51713,26093,35305,22197,27281,70596
7/23/2022 10 p.m. EDT,42964,34343,46763,36260,118909,104581,20419,51065,25534,34135,21806,26243,67751
7/23/2022 11 p.m. EDT,43226,31921,44962,34020,112273,100758,18964,49682,24407,32133,20903,24778,65612
7/24/2022 12 a.m. EDT,42270,29364,42701,30662,106580,95214,17688,47981,23051,30031,19994,23009,62367
7/24/2022 1 a.m. EDT,41077,27088,40385,29167,101359,90313,16670,45978,21715,27926,18743,21441,58969
7/24/2022 2 a.m. EDT,39131,25489,38318,27313,96993,86458,15996,43303,20641,26322,17465,20070,55798
7/24/2022 3 a.m. EDT,36485,24247,36746,25970,93265,83392,15348,40569,19821,25419,16281,18897,53325
7/24/2022 4 a.m. EDT,33900,23216,35474,25043,90272,80543,15190,38330,19240,24521,15438,18161,51264
7/24/2022 5 a.m. EDT,32001,22641,34470,24526,88225,78749,14898,36753,18807,23880,14823,17493,49518
7/24/2022 6 a.m. EDT,30520,22379,33771,24359,86840,77714,15020,35638,18553,23622,14267,17208,48312
7/24/2022 7 a.m. EDT,29256,22351,33285,24536,86559,77564,14944,34970,18554,23344,13930,16866,47594
7/24/2022 8 a.m. EDT,28470,22997,32855,25335,88975,76998,15406,34730,19306,23597,13736,16914,46793
7/24/2022 9 a.m. EDT,27908,24941,33287,28699,93942,79246,16202,34639,20454,25485,13415,18187,46986
7/24/2022 10 a.m. EDT,27848,27158,35295,32686,99848,83888,16784,35335,21677,28174,13331,20115,50307
7/24/2022 11 a.m. EDT,28130,29547,37752,36512,107791,89050,17622,37139,22969,30858,13344,22190,54664
7/24/2022 12 p.m. EDT,29499,32215,40309,39912,115340,94143,18570,39328,24066,33447,13626,24044,58932
7/24/2022 1 p.m. EDT,30615,34720,42766,42582,122372,99024,19336,41475,25070,35757,14208,25607,62800
7/24/2022 2 p.m. EDT,31144,36649,44863,44448,128067,102828,19967,43595,25992,37487,15006,26734,66595
7/24/2022 3 p.m. EDT,31083,37720,46524,45613,132197,105127,20575,45725,26718,38784,15871,27687,69682
7/24/2022 4 p.m. EDT,31486,38395,47696,46171,135605,107790,21426,47544,27265,39438,16626,28359,72109
7/24/2022 5 p.m. EDT,32659,38761,48378,46234,138553,109327,22337,48672,27879,39745,17117,28897,73878
7/24/2022 6 p.m. EDT,34924,38620,48646,45749,140193,110467,10538,49832,28197,39630,17648,29147,74933
7/24/2022 7 p.m. EDT,37192,37815,48524,44400,139513,110309,10538,51179,28085,38867,18125,28982,75330
7/24/2022 8 p.m. EDT,39327,36474,47868,42216,136315,108653,10538,52591,27492,37688,18650,28123,74446
7/24/2022 9 p.m. EDT,41255,35077,46493,40425,132121,105168,10538,53236,26876,36150,18754,27046,72549
7/24/2022 10 p.m. EDT,42731,33707,44694,38604,127799,101748,21772,52531,26240,35018,18499,26298,69899
7/24/2022 11 p.m. EDT,43256,31362,43152,36005,120709,98054,20105,51285,24857,33083,17847,25078,67603
7/25/2022 12 a.m. EDT,42442,28790,40788,32953,113876,92492,18678,49628,23464,30652,17180,23364,63783
7/25/2022 1 a.m. EDT,41088,26744,38123,30237,109415,87322,17955,47445,22402,28585,16274,21770,59784
7/25/2022 2 a.m. EDT,39227,25316,35942,28338,105298,83542,17706,44022,21542,27352,15135,20572,56077
7/25/2022 3 a.m. EDT,36451,24347,34434,26957,101821,80092,17423,40760,20847,26058,14016,19731,53574
7/25/2022 4 a.m. EDT,33700,23732,33286,26038,99341,77839,17182,38305,20479,25250,13271,19082,51552
7/25/2022 5 a.m. EDT,31612,23664,32425,25776,98691,76558,17230,36732,20465,24945,12708,18790,50325
7/25/2022 6 a.m. EDT,30056,24400,32120,26375,100713,77083,17762,35866,20939,25322,12280,18858,49933
7/25/2022 7 a.m. EDT,29345,25464,32532,27467,103887,79241,18321,35587,21851,26251,12133,19415,50062
7/25/2022 8 a.m. EDT,28853,26954,33456,28667,108094,81284,19015,36172,23097,26928,12258,19912,50518
7/25/2022 9 a.m. EDT,29172,28808,34530,31423,111898,84744,19825,37303,24334,28340,12542,20744,51233
7/25/2022 10 a.m. EDT,30207,30872,36061,34709,116075,88401,20385,39171,25270,30635,12944,21790,54198
7/25/2022 11 a.m. EDT,31686,33085,37664,38132,121477,91789,21060,41539,25907,33144,13569,23103,58365
7/25/2022 12 p.m. EDT,33365,35966,39600,41276,126293,95445,21361,43714,26155,35496,14340,24592,62626
7/25/2022 1 p.m. EDT,35019,38103,41576,43836,129530,98708,21565,46154,26217,37531,15158,25816,66896
7/25/2022 2 p.m. EDT,35390,39979,43411,45696,131762,101420,21595,48601,25743,38899,16079,26971,71073
7/25/2022 3 p.m. EDT,35883,40753,45072,46699,132975,103815,21185,50812,25448,39948,17056,27829,74481
7/25/2022 4 p.m. EDT,36634,40409,45999,46769,132961,105093,20936,53191,25578,40568,17939,28358,76984
7/25/2022 5 p.m. EDT,37924,39714,46677,46051,131992,105613,21411,55164,25760,40691,18631,28544,78160
7/25/2022 6 p.m. EDT,39841,38750,46874,44802,131329,105932,22063,56240,26274,40139,19231,28382,78760
7/25/2022 7 p.m. EDT,41394,37264,46539,44249,129128,105701,22095,57196,26432,39036,19418,28126,78599
7/25/2022 8 p.m. EDT,43129,35723,45996,42201,124871,103884,21585,57883,25828,37910,19452,27342,77316
7/25/2022 9 p.m. EDT,44379,34614,44808,40695,120457,100812,20775,57876,25160,36583,19230,26501,74752
7/25/2022 10 p.m. EDT,45463,33238,43348,38929,116221,98082,19735,56893,24444,35540,18824,25532,71588
7/25/2022 11 p.m. EDT,45454,30990,42106,36009,109707,94820,18243,55163,23011,33311,18254,24246,68970
7/26/2022 12 a.m. EDT,44240,28614,39922,32836,103422,88924,17008,53053,21362,31134,17622,22563,64940
7/26/2022 1 a.m. EDT,42770,26859,37505,30175,98122,84270,15681,50268,20075,29286,16472,21015,60613
7/26/2022 2 a.m. EDT,40939,25675,35530,28029,93383,81074,14949,46484,19022,27506,15440,19912,56773
7/26/2022 3 a.m. EDT,38368,24811,34120,26649,89900,77983,14301,42883,18078,26557,14279,19048,53864
7/26/2022 4 a.m. EDT,35128,24416,33100,26044,87603,75990,14087,40287,17473,25948,13306,18291,51699
7/26/2022 5 a.m. EDT,32738,24425,32393,25768,86954,74906,14001,38369,17251,25624,12607,17988,50246
7/26/2022 6 a.m. EDT,31443,25140,32128,26338,89149,75534,14102,37038,17500,25918,12030,18178,49551
7/26/2022 7 a.m. EDT,30437,26188,32592,27298,93017,77963,14323,36670,18237,26738,11802,18711,49735
7/26/2022 8 a.m. EDT,30251,27578,33291,28251,96852,80261,15025,37069,19325,27052,11927,19474,50377
7/26/2022 9 a.m. EDT,29986,29359,34309,30361,100057,83305,15192,38060,20054,28907,12212,20640,50839
7/26/2022 10 a.m. EDT,30822,31500,35917,33119,102270,86454,15331,39913,20489,30883,12527,21975,53770
7/26/2022 11 a.m. EDT,32109,33880,37912,36025,104811,89718,15767,42427,21094,33251,12962,23491,57500
7/26/2022 12 p.m. EDT,33781,36393,40141,38616,107914,93534,16303,44854,21720,35730,13473,25095,61621
7/26/2022 1 p.m. EDT,35036,38246,42349,41380,110619,97078,16870,47171,22091,37856,14154,26707,66190
7/26/2022 2 p.m. EDT,35562,39316,44333,42816,112707,100344,17074,49558,22289,39700,14992,27931,70069
7/26/2022 3 p.m. EDT,35788,39573,46222,43234,114074,103151,17222,52007,22432,41065,15981,28747,73315
7/26/2022 4 p.m. EDT,36606,39060,47487,42501,115048,104808,17391,54421,22782,42023,16985,29078,75823
7/26/2022 5 p.m. EDT,37971,38501,48257,41048,115775,106209,17739,56557,23169,42598,17964,28752,77469
7/26/2022 6 p.m. EDT,39486,38032,48715,40163,116476,106890,18186,58163,23406,42637,18557,28161,78534
7/26/2022 7 p.m. EDT,41560,37341,48555,38805,115333,106965,18524,58972,23314,41859,18794,27382,78576
7/26/2022 8 p.m. EDT,43560,36230,47945,37109,112323,105758,18269,59223,22915,40644,18930,26520,77247
7/26/2022 9 p.m. EDT,45081,35188,46782,36190,109680,103029,17663,59005,22346,38890,18528,25842,74656
7/26/2022 10 p.m. EDT,45936,33882,45012,34917,106976,100606,16777,58037,21736,37484,17932,25439,71673
7/26/2022 11 p.m. EDT,45758,31618,43522,32598,101698,96922,15345,56418,20392,34920,17447,24244,69313
7/27/2022 12 a.m. EDT,44617,29120,41168,29924,97134,92022,14201,54338,18939,32401,16604,22692,65538
7/27/2022 1 a.m. EDT,43023,27176,38692,27622,92581,87119,13231,51562,17768,30058,16080,21257,61486
7/27/2022 2 a.m. EDT,40916,25962,36546,25611,88220,83209,12751,47606,16861,29028,15020,20184,57727
7/27/2022 3 a.m. EDT,38137,25171,34941,24149,85528,80297,12255,44232,16247,27790,14151,19306,54871
7/27/2022 4 a.m. EDT,35171,24750,33641,23355,83913,78001,11996,41629,15923,26852,13376,18724,52887
7/27/2022 5 a.m. EDT,32992,24654,32691,23163,84097,77054,12035,39684,15883,26322,12830,18438,51519
7/27/2022 6 a.m. EDT,31308,25255,32419,22918,86821,77440,12135,38355,16317,26595,12432,18392,50587
7/27/2022 7 a.m. EDT,30276,26069,32804,25185,91342,79736,12775,37811,17250,27326,12248,19060,50745
7/27/2022 8 a.m. EDT,29950,27321,33588,26603,96302,82214,13573,37999,18510,27417,12401,19647,51537
7/27/2022 9 a.m. EDT,29888,29250,34703,29195,100660,85420,13802,39035,19415,29239,12753,21001,51977
7/27/2022 10 a.m. EDT,30416,31653,36177,32265,103992,88680,13825,40850,20176,31325,13036,22563,54628
7/27/2022 11 a.m. EDT,31597,34365,38209,35691,107594,92604,14129,43087,21011,34041,13507,23963,58356
7/27/2022 12 p.m. EDT,32821,36842,40507,39184,112319,96559,14634,45382,21806,36625,13976,25772,62469
7/27/2022 1 p.m. EDT,34359,38953,42907,42311,116663,100477,15239,47564,22460,38787,14543,27189,66502
7/27/2022 2 p.m. EDT,35484,40658,45158,44817,121052,104054,16043,49988,23234,40505,15346,28528,69955
7/27/2022 3 p.m. EDT,35207,41464,47199,46599,124589,107639,16960,52621,23871,41791,16333,29429,73015
7/27/2022 4 p.m. EDT,36007,41792,48474,47604,126454,109587,17685,55876,24540,42761,17286,29870,74733
7/27/2022 5 p.m. EDT,37755,42227,49312,48073,127855,111016,18336,58194,24989,43225,17711,30220,75750
7/27/2022 6 p.m. EDT,39795,42213,49475,47721,128656,111635,18960,59867,24931,43077,18018,30336,76171
7/27/2022 7 p.m. EDT,41717,41399,48721,46461,127635,111687,19013,61235,24543,42432,17798,29912,75718
7/27/2022 8 p.m. EDT,43642,39448,47461,44006,124595,110082,18637,61549,23947,41348,17628,29257,74275
7/27/2022 9 p.m. EDT,45131,37696,46231,41885,121200,106435,18205,61142,23548,39341,17517,28092,72274
7/27/2022 10 p.m. EDT,46142,35925,44334,39602,117429,103216,17399,59955,23079,37899,17155,27228,69625
7/27/2022 11 p.m. EDT,45989,33534,42864,36436,110531,99080,15990,58113,21903,35380,17027,25636,67068
7/28/2022 12 a.m. EDT,44680,30852,40307,33204,105337,93356,14615,55365,20579,32753,16680,23868,63340
7/28/2022 1 a.m. EDT,43254,28696,37761,30325,100287,88275,14003,52475,19438,30326,15848,22215,59340
7/28/2022 2 a.m. EDT,41353,27291,35716,28216,95591,83966,13629,48463,18607,29310,14859,20841,56023
7/28/2022 3 a.m. EDT,38089,26194,34245,26643,92326,80809,13365,44668,18039,28189,14169,19899,53109
7/28/2022 4 a.m. EDT,34979,25619,33078,25667,90336,78584,13201,41838,17719,27137,13441,19206,51288
7/28/2022 5 a.m. EDT,32825,25490,32252,25416,90176,77277,13186,39918,17762,26626,12899,18924,49707
7/28/2022 6 a.m. EDT,31562,25973,31981,25849,92552,77568,13277,38629,18350,26727,12588,18851,49011
7/28/2022 7 a.m. EDT,30774,26892,32384,26856,96688,79073,13770,37932,19430,27258,12434,19207,49434
7/28/2022 8 a.m. EDT,29966,28176,33226,27852,101608,81683,14797,38108,20768,27626,12696,19819,50280
7/28/2022 9 a.m. EDT,29679,30137,34286,30603,105914,85139,15547,39383,21881,29050,13110,21099,51108
7/28/2022 10 a.m. EDT,30606,32694,35562,34139,109703,88627,15986,41232,22950,31551,13412,22559,54006
7/28/2022 11 a.m. EDT,31790,35444,36852,37789,115291,93067,16584,43303,24131,34620,13860,24135,58084
7/28/2022 12 p.m. EDT,33557,37943,38295,41336,121357,97692,17541,45409,25063,37417,14233,25792,62449
7/28/2022 1 p.m. EDT,34549,40155,39720,44406,126609,101565,18591,47702,25854,39417,14738,27099,66493
7/28/2022 2 p.m. EDT,35023,41887,41369,46760,131059,104808,19534,49809,26651,40907,15194,27926,70307
7/28/2022 3 p.m. EDT,35386,42743,43053,48502,133733,107034,20119,52060,27031,41972,15833,28341,73393
7/28/2022 4 p.m. EDT,36465,43060,44287,49498,135977,107865,20563,54268,27395,42602,16377,28818,75269
7/28/2022 5 p.m. EDT,37864,43073,45364,50091,138045,107531,21329,56049,27903,42827,16563,28788,76229
7/28/2022 6 p.m. EDT,40429,42916,45964,50098,138300,106873,21997,57648,27756,42538,16581,28194,76059
7/28/2022 7 p.m. EDT,42304,42229,45869,49051,136122,105818,21955,58789,26960,41878,16519,27409,75398
7/28/2022 8 p.m. EDT,43997,40705,44933,46722,131050,103798,21430,59326,26353,40578,16181,26438,74241
7/28/2022 9 p.m. EDT,45484,38990,43447,44662,124988,100605,20879,59265,25724,39055,16086,25560,71976
7/28/2022 10 p.m. EDT,46039,37178,41732,42434,119328,97517,19862,58545,24950,37753,16053,25020,69537
7/28/2022 11 p.m. EDT,45842,34520,40288,39043,111738,93902,18365,57153,23524,35340,15945,23643,67285
7/29/2022 12 a.m. EDT,44640,31828,37954,35615,104878,88779,17180,55250,22034,32939,15690,22137,63576
7/29/2022 1 a.m. EDT,43261,29644,35413,32757,99068,83614,16286,52083,20681,30619,14960,20685,59565
7/29/2022 2 a.m. EDT,41419,27961,33613,30359,95141,80296,15748,47931,19653,29644,14009,19600,56052
7/29/2022 3 a.m. EDT,38529,26874,32325,28609,91523,77100,15652,44498,18850,28488,13072,18829,53176
7/29/2022 4 a.m. EDT,35618,26060,31300,27436,88954,75010,15322,41751,18339,27588,12339,18244,51077
7/29/2022 5 a.m. EDT,33435,25759,30660,26840,88230,73611,15233,39926,18112,27095,11928,17949,49893
7/29/2022 6 a.m. EDT,31890,26218,30422,27155,90141,74078,15004,38522,18456,27266,11664,18038,49046
7/29/2022 7 a.m. EDT,30819,26832,30924,27967,93610,75032,15396,37856,19256,27697,11555,18521,49397
7/29/2022 8 a.m. EDT,30236,27922,31515,29020,97970,77213,16077,37917,20512,28151,11733,19084,50056
7/29/2022 9 a.m. EDT,30139,29954,32574,31837,102358,80648,16661,38873,21524,29910,12033,19989,50767
7/29/2022 10 a.m. EDT,30667,32455,33942,35276,105694,84463,17131,40675,22390,32126,12287,20769,53838
7/29/2022 11 a.m. EDT,31823,35140,35301,38871,109254,88655,17590,43060,23126,34875,12851,21541,57996
7/29/2022 12 p.m. EDT,34250,37422,36581,42109,113479,92498,18306,45479,23939,37495,13356,22269,62334
7/29/2022 1 p.m. EDT,35393,39582,37905,44711,117597,95859,18629,47810,24272,39375,14111,22998,66960
7/29/2022 2 p.m. EDT,35948,41178,39069,46973,120449,98609,19179,50190,24622,40568,14939,23689,70629
7/29/2022 3 p.m. EDT,37075,42136,40238,48664,122334,100748,19644,52346,24919,41328,15816,24401,73416
7/29/2022 4 p.m. EDT,38007,42438,40960,49617,123513,101738,20248,54628,25147,41891,16682,25160,74897
7/29/2022 5 p.m. EDT,40065,42434,41676,50115,123629,102470,20895,56830,25429,41642,17435,25651,75853
7/29/2022 6 p.m. EDT,41590,41700,41988,49784,122287,102708,21318,58408,25500,40453,18144,25885,76582
7/29/2022 7 p.m. EDT,43177,40418,41541,48354,119025,101724,21297,59276,24955,39027,18573,25689,75914
7/29/2022 8 p.m. EDT,44977,38681,40607,45998,114783,99544,20768,59613,24341,37826,18581,24679,73428
7/29/2022 9 p.m. EDT,46242,37079,39356,43691,110699,96129,20199,59116,23643,36525,18256,23683,70456
7/29/2022 10 p.m. EDT,46567,35246,37944,41514,106976,92822,19374,57924,22906,35374,17699,23088,67923
7/29/2022 11 p.m. EDT,46052,33052,36835,38553,101496,89257,18025,56137,21714,33406,17172,22040,65733
7/30/2022 12 a.m. EDT,44567,30628,35262,35424,95925,85066,16607,53688,20468,31413,16547,20641,62442
7/30/2022 1 a.m. EDT,43124,28597,33342,32575,90756,80691,15452,50920,19341,29340,15778,19219,58833
7/30/2022 2 a.m. EDT,41330,27056,29780,30177,86385,76456,14844,47507,18411,27619,14764,18140,55470
7/30/2022 3 a.m. EDT,38519,25990,30490,28372,83178,73234,14546,44001,17764,26937,13880,17343,52861
7/30/2022 4 a.m. EDT,35541,25175,29472,27155,81151,71177,14553,41301,17294,26156,13100,16804,50848
7/30/2022 5 a.m. EDT,33435,24736,28862,26445,79895,68514,14468,39356,16980,25562,12559,16353,49080
7/30/2022 6 a.m. EDT,31798,24676,28521,26184,79805,67329,14412,37864,16896,25294,12129,16242,48156
7/30/2022 7 a.m. EDT,30543,24579,28503,26196,80108,67641,14495,37009,16967,25098,12021,16319,47657
7/30/2022 8 a.m. EDT,29677,25282,26335,26990,82893,68178,14796,36666,17628,25202,11947,16335,47428
7/30/2022 9 a.m. EDT,29477,27138,29205,30183,88452,70335,14766,36570,18410,26402,11899,17072,47645
7/30/2022 10 a.m. EDT,29527,29495,30324,34192,93551,74843,14586,37436,19203,28017,11998,18298,50821
7/30/2022 11 a.m. EDT,29978,31788,31864,37946,97565,79675,14605,39439,19906,30539,12745,19732,55012
7/30/2022 12 p.m. EDT,31018,33979,33478,41173,101155,84234,15114,42080,20543,32940,13591,21214,59121
7/30/2022 1 p.m. EDT,32330,35957,34812,43881,105177,88025,15821,44890,21046,35234,14561,22534,63348
7/30/2022 2 p.m. EDT,33380,37235,36191,45935,109017,91059,16130,47588,21424,37107,15644,23645,67342
7/30/2022 3 p.m. EDT,34202,38160,37353,47343,112243,93172,16414,50127,21766,38087,16717,24300,70264
7/30/2022 4 p.m. EDT,34971,38434,38286,48270,115554,95150,16902,52408,22150,38513,17697,24487,72329
7/30/2022 5 p.m. EDT,36314,38558,39098,48810,118374,96809,17642,54351,22756,37985,18615,24311,73405
7/30/2022 6 p.m. EDT,37304,38271,39733,48741,119889,98130,18328,56163,23340,36651,18995,15880,44934
7/30/2022 7 p.m. EDT,38885,23391,28808,17380,118945,98464,18667,57615,23439,35277,19077,23713,73733
7/30/2022 8 p.m. EDT,41043,35521,39686,45465,114944,97045,18267,58596,22957,34024,19209,22936,71986
7/30/2022 9 p.m. EDT,42762,34120,38656,43275,109397,94105,17631,58650,22266,32840,18459,22230,69360
7/30/2022 10 p.m. EDT,43854,32544,37531,41217,104959,91301,16822,57425,21638,31941,16846,21586,66924
7/30/2022 11 p.m. EDT,43737,30483,36623,38440,98961,88032,15583,55649,20568,30416,15851,20747,64814
7/31/2022 12 a.m. EDT,42676,28311,35051,35596,93531,83830,14372,53694,19331,28684,14971,19572,61903
8/1/2022 1 a.m. EDT,40945,26847,36615,33181,91496,84260,14643,49530,19040,27672,15626,18090,59106
8/1/2022 2 a.m. EDT,39658,25632,34600,30893,87646,80233,13995,45912,18220,26826,14491,17265,55475
8/1/2022 3 a.m. EDT,37381,24660,33218,29245,84860,77269,13835,42673,17636,25738,13505,16696,52672
8/1/2022 4 a.m. EDT,34615,24101,32234,28004,83525,75391,13889,40333,17171,24965,12887,16279,50864
8/1/2022 5 a.m. EDT,32748,24045,31601,27579,83982,74667,13970,38578,17093,24618,12395,16160,49759
8/1/2022 6 a.m. EDT,31308,24730,31501,28094,86864,75977,14001,37489,17551,25121,12056,16633,49145
8/1/2022 7 a.m. EDT,30702,25880,32053,29042,91503,78204,14378,37074,18358,26199,12138,17320,49685
8/1/2022 8 a.m. EDT,30389,27005,33007,30079,95236,81168,15252,37486,19420,26653,12297,18236,50505
8/1/2022 9 a.m. EDT,30568,28733,34444,32950,98634,85304,15807,38998,20238,28299,12605,19060,50956
8/1/2022 10 a.m. EDT,31425,30712,36339,36346,101737,89646,15835,40626,20725,30015,12990,19816,53648
8/1/2022 11 a.m. EDT,33123,32905,38541,39966,105754,94228,15849,42866,21193,32189,13643,20462,57222
8/1/2022 12 p.m. EDT,35224,35106,40867,43453,109603,98804,16300,45127,21684,34148,14249,21454,60935
8/1/2022 1 p.m. EDT,37607,36854,42942,46345,113239,103655,17038,47402,22052,35670,14986,22355,64661
8/1/2022 2 p.m. EDT,39126,38000,44666,48690,116913,107936,17927,49597,22397,36838,16090,23221,68017
8/1/2022 3 p.m. EDT,40322,38449,46412,50105,120134,111704,18303,51842,22688,37469,17202,23890,71197
8/1/2022 4 p.m. EDT,41280,38708,47825,50918,122978,114256,18503,54054,22968,37419,18391,24614,73592
8/1/2022 5 p.m. EDT,43234,39013,48967,51082,125408,116011,18805,55951,23376,36983,19451,25035,75566
8/1/2022 6 p.m. EDT,44325,38880,49358,50823,126592,117061,19003,57534,23768,36384,20318,25531,76089
8/1/2022 7 p.m. EDT,45171,38245,49431,49490,126011,116924,19050,58246,23773,35552,20762,25630,75802
8/1/2022 8 p.m. EDT,46042,36814,48987,47266,122731,115097,18799,58357,23408,34711,20965,25213,74979
8/1/2022 9 p.m. EDT,46536,35441,47614,45296,118508,111032,18378,57528,22879,33834,20958,24459,72730
8/1/2022 10 p.m. EDT,46678,33938,45888,42813,114200,107225,17495,56155,22205,32941,20550,23831,70207
8/1/2022 11 p.m. EDT,46263,31445,44294,39374,108248,102437,16135,54618,20918,31000,19897,22491,67745
8/2/2022 12 a.m. EDT,45224,28871,41964,36072,102135,96211,15044,52614,19595,29010,19206,20957,63756
8/2/2022 1 a.m. EDT,44078,26976,39547,33069,96725,89910,14226,49653,18441,27090,17929,19538,59504
8/2/2022 2 a.m. EDT,42232,25499,37375,30767,92344,84723,13727,45800,17672,26191,16528,18246,55816
8/2/2022 3 a.m. EDT,39654,24491,35511,28936,88948,81378,13754,42482,17152,25289,15249,17466,53142
8/2/2022 4 a.m. EDT,36658,23841,34264,27714,87084,78903,13609,40166,16861,25040,14262,16977,51370
8/2/2022 5 a.m. EDT,34529,23612,33454,27210,86768,77548,13388,38515,16877,24875,13540,16778,50301
8/2/2022 6 a.m. EDT,32886,24110,33092,27634,89212,77876,13423,37420,17437,25375,13041,16865,49781
8/2/2022 7 a.m. EDT,32005,25074,33471,28555,93495,79456,14172,37018,18468,26175,12789,17512,50327
8/2/2022 8 a.m. EDT,31526,26268,34343,29470,98319,82598,15188,37605,19816,26842,12813,18118,51397
8/2/2022 9 a.m. EDT,31339,27874,35588,32041,104146,86222,15708,38756,20994,28009,13048,19059,51932
8/2/2022 10 a.m. EDT,31974,30104,37612,35494,109754,89821,16010,40628,21945,29271,13423,20502,54736
8/2/2022 11 a.m. EDT,33518,32384,39983,39183,114189,93594,16591,42924,22920,31493,14180,22203,58852
8/2/2022 12 p.m. EDT,35337,35055,42716,42829,120253,97697,17675,44899,23810,34088,14943,23895,63012
8/2/2022 1 p.m. EDT,37100,37495,45318,45815,126180,102034,18783,46577,24622,36199,15925,25679,67227
8/2/2022 2 p.m. EDT,38004,39531,47882,47693,131279,106235,19777,48503,25322,38061,17219,27129,71015
8/2/2022 3 p.m. EDT,39513,41008,50044,48682,134805,109828,20476,50544,25948,39741,18407,28330,74576
8/2/2022 4 p.m. EDT,41538,41983,51365,49178,137831,112537,21217,52363,26461,40920,19333,29132,76880
8/2/2022 5 p.m. EDT,43824,42611,52222,49256,140116,114346,21950,54115,27067,41544,20735,29555,77816
8/2/2022 6 p.m. EDT,46192,42600,52459,48360,141463,115522,10538,55380,27467,41347,21406,29541,78371
8/2/2022 7 p.m. EDT,48249,41860,52184,46513,139987,115823,10538,56457,27191,40510,21654,29090,78353
8/2/2022 8 p.m. EDT,49956,40501,51611,43793,135151,114405,21942,56888,26331,38950,21748,28317,77744
8/2/2022 9 p.m. EDT,50875,38727,50286,42067,129142,111158,21276,56731,25507,37416,21539,27052,75487
8/2/2022 10 p.m. EDT,51148,36769,48572,38884,123226,108141,20151,55353,24578,36043,21022,26199,72599
8/2/2022 11 p.m. EDT,50354,33795,47073,35932,115163,104118,18471,53680,22967,33586,20456,24434,70158
8/3/2022 12 a.m. EDT,48221,30785,44526,32482,108019,98802,17018,51777,21303,31326,19730,22658,66293
8/3/2022 1 a.m. EDT,46456,28366,42082,29722,101664,92994,15846,49055,19913,29035,18475,20693,62032
8/3/2022 2 a.m. EDT,44165,26656,39937,27667,96057,88043,15262,45197,18851,28033,17173,19459,58299
8/3/2022 3 a.m. EDT,41055,25546,38185,26237,91799,84436,14946,41970,18035,26890,15918,18441,55386
8/3/2022 4 a.m. EDT,38069,24634,36824,25243,88831,81770,14803,39546,17509,25972,15051,17748,53359
8/3/2022 5 a.m. EDT,35372,24282,35917,24836,88030,80539,14726,37897,17317,25563,14442,17226,52124
8/3/2022 6 a.m. EDT,33482,24784,35420,25341,89616,81038,14864,36836,17626,26007,13952,17054,51714
8/3/2022 7 a.m. EDT,32304,25763,35661,26543,93238,83294,15255,36044,18445,26984,13611,17737,51878
8/3/2022 8 a.m. EDT,31941,26747,36449,27712,98695,86675,15932,36826,19752,27172,13575,18588,52619
8/3/2022 9 a.m. EDT,31896,28589,37517,30406,104902,90851,15894,38066,20740,28027,13895,19624,53009
8/3/2022 10 a.m. EDT,32412,30819,39211,33697,110731,94813,16032,39797,21629,29176,14168,20970,55474
8/3/2022 11 a.m. EDT,33858,33505,41299,37110,116309,99405,16477,41972,22454,30824,14698,22761,59314
8/3/2022 12 p.m. EDT,35682,36205,43554,40603,123392,105065,17036,43953,23285,33020,15313,24623,63600
8/3/2022 1 p.m. EDT,37696,38540,45541,43442,130235,110281,17858,45834,24139,35146,15956,26322,67885
8/3/2022 2 p.m. EDT,38570,40313,47229,45425,136151,114741,18582,47800,25079,36969,16120,27768,71532
8/3/2022 3 p.m. EDT,39511,41133,48753,46635,140388,117874,19187,50009,25897,38412,16499,28732,74866
8/3/2022 4 p.m. EDT,40939,41344,49869,47245,141487,119536,19889,51977,26724,39644,17250,29558,77247
8/3/2022 5 p.m. EDT,42558,41262,50451,48378,142970,119407,20830,53964,27424,40176,18032,29893,78070
8/3/2022 6 p.m. EDT,45079,40888,50721,47273,143305,117780,21667,55589,28044,39811,18861,29796,78189
8/3/2022 7 p.m. EDT,47801,40039,50484,45744,141990,115515,21903,56737,27808,38620,19526,29145,77904
8/3/2022 8 p.m. EDT,50281,38509,49919,43278,137870,112652,21277,57434,26946,37072,19710,27878,76758
8/3/2022 9 p.m. EDT,51285,37005,48698,41400,132497,109055,20506,57222,26131,35370,20014,26620,74413
8/3/2022 10 p.m. EDT,51757,35179,47021,39303,127256,105840,19378,56003,25243,33965,19854,25518,71962
8/3/2022 11 p.m. EDT,51106,32421,45525,36203,118652,101907,17784,53965,23714,31644,19322,24144,69745
8/4/2022 12 a.m. EDT,49240,29733,43111,32969,111263,95812,16578,51530,22151,29505,18664,22260,65831
8/4/2022 1 a.m. EDT,47596,27675,40590,30253,105273,90599,16125,48750,20727,27600,17524,20499,61653
8/4/2022 2 a.m. EDT,45430,26123,38415,28274,100444,86032,15530,45149,19689,26632,16175,19382,58086
8/4/2022 3 a.m. EDT,42175,25024,36804,26838,96323,82649,14949,41995,18953,25523,14871,18309,55286
8/4/2022 4 a.m. EDT,38895,24373,35559,25956,93580,80068,14620,39594,18469,24803,13944,17642,53132
8/4/2022 5 a.m. EDT,36282,24351,34631,25690,92921,78765,14622,37934,18333,24560,13315,17157,51684
8/4/2022 6 a.m. EDT,34429,25025,34121,26315,94848,79130,15113,36816,18739,25025,12914,17064,50905
8/4/2022 7 a.m. EDT,33526,25976,34482,27472,98835,81542,15476,36364,19763,25862,12771,17600,51345
8/4/2022 8 a.m. EDT,32851,26946,35306,28623,104453,83828,16066,36833,21246,26539,12696,18293,52046
8/4/2022 9 a.m. EDT,32574,28670,36213,31259,111079,86384,16764,38112,22690,27866,12736,19408,52326
8/4/2022 10 a.m. EDT,33149,30946,37510,34571,116976,89702,17482,39484,24022,29255,12890,20788,55152
8/4/2022 11 a.m. EDT,34143,33339,39053,38030,122466,93541,18456,41979,25268,31509,13139,22194,58661
8/4/2022 12 p.m. EDT,35815,35742,40845,41261,129285,97423,19465,44029,26307,34061,13356,23553,62857
8/4/2022 1 p.m. EDT,37607,37782,42463,44057,135525,101215,20471,45904,27334,36445,13639,24809,67146
8/4/2022 2 p.m. EDT,39132,39335,44045,46399,140380,104842,21512,47705,28308,38540,14268,25822,71299
8/4/2022 3 p.m. EDT,40695,40352,45701,47920,142514,107923,22392,49448,16247,39479,15247,26520,74856
8/4/2022 4 p.m. EDT,42107,40963,47144,48655,142774,109842,10538,51128,16247,40530,16327,27003,77360
8/4/2022 5 p.m. EDT,44607,41317,48403,48917,142780,111147,10538,52511,16247,41014,17163,27413,78028
8/4/2022 6 p.m. EDT,46811,41089,49184,48144,141741,111973,10538,53659,16247,40766,17735,27606,77911
8/4/2022 7 p.m. EDT,48254,40197,49156,46476,137517,112058,10538,54286,28304,39633,18226,27027,77343
8/4/2022 8 p.m. EDT,48669,38436,48444,43891,131708,110334,10538,54432,27462,38121,18602,26123,75861
8/4/2022 9 p.m. EDT,48633,37040,47183,42162,126540,107157,10538,54033,26911,36661,18520,25144,73576
8/4/2022 10 p.m. EDT,47796,35272,45571,40172,120680,104044,21760,52734,26078,35370,18276,24723,70994
8/4/2022 11 p.m. EDT,46509,32498,44128,37291,113081,99905,20225,51247,24465,32895,17677,23490,68196
8/5/2022 12 a.m. EDT,45624,29813,41714,34175,107232,94295,18930,49575,22877,30663,16996,21878,64181
8/5/2022 1 a.m. EDT,44539,27672,39334,31374,102283,88884,17644,47240,21500,28527,15938,20344,59999
8/5/2022 2 a.m. EDT,42732,26144,37247,29196,97564,84559,17024,43924,20488,27434,14770,19216,56422
8/5/2022 3 a.m. EDT,39907,25134,35653,27685,93738,81096,16852,41048,19752,26482,13635,18413,53714
8/5/2022 4 a.m. EDT,37118,24453,34366,26692,91406,78776,16451,38794,19271,25596,12869,17760,51728
8/5/2022 5 a.m. EDT,35124,24246,33532,26360,90925,77569,16392,37232,19159,25241,12251,17435,50319
8/5/2022 6 a.m. EDT,33678,24772,33140,26900,92853,78010,16824,36223,19613,25739,11781,17643,49726
8/5/2022 7 a.m. EDT,32850,25622,33453,27986,96761,80591,17037,35874,20510,26417,11536,18357,50029
8/5/2022 8 a.m. EDT,32529,26703,34281,29056,101385,82922,17664,36443,21689,26936,11633,18956,50934
8/5/2022 9 a.m. EDT,32079,28548,35448,31717,105435,86419,18187,37698,22825,28474,11991,19940,51373
8/5/2022 10 a.m. EDT,32274,30905,37497,35144,108914,90608,18795,39431,23788,30383,12294,20939,53968
8/5/2022 11 a.m. EDT,33435,33465,39995,38760,114168,94765,19511,41463,24573,32816,12950,22283,57725
8/5/2022 12 p.m. EDT,34631,35760,42711,42060,120601,99909,20231,43228,25180,35688,13719,23738,61963
8/5/2022 1 p.m. EDT,36063,37715,45282,44569,126863,105020,20961,44949,25883,38111,14633,24930,66055
8/5/2022 2 p.m. EDT,37420,39280,47699,46622,132059,109402,21707,46580,26652,39956,15726,25745,69079
8/5/2022 3 p.m. EDT,38229,40081,49610,47818,135241,113381,22166,48322,27279,41048,16857,26295,71377
8/5/2022 4 p.m. EDT,39087,40577,50840,48155,137065,115414,10538,49779,28039,41646,17879,26575,72834
8/5/2022 5 p.m. EDT,40742,40613,51594,47607,137573,116434,10538,50968,16247,41774,18897,26793,74027
8/5/2022 6 p.m. EDT,42395,40111,51796,46402,135898,117177,10538,51515,16247,41026,19817,26600,74227
8/5/2022 7 p.m. EDT,43950,38962,51354,44668,131823,116580,22345,51678,27943,39402,20301,25887,73520
8/5/2022 8 p.m. EDT,45225,37199,50434,42425,126941,114242,21820,48913,27039,37650,20463,25005,71764
8/5/2022 9 p.m. EDT,46236,35642,48924,40731,122467,110303,21246,49927,26269,35978,20246,24413,69464
8/5/2022 10 p.m. EDT,46622,34188,47226,39061,117739,106645,20275,49060,25321,34707,19618,23758,67227
8/5/2022 11 p.m. EDT,46343,31863,45690,36695,111212,102186,18969,49314,23920,32541,19008,22485,64952
8/6/2022 12 a.m. EDT,44746,29465,43593,33959,105309,96700,17667,47641,22541,30548,18176,21048,61597
8/6/2022 1 a.m. EDT,43227,27394,41376,31433,99720,91295,16491,45549,21232,28504,16660,19682,57848
8/6/2022 2 a.m. EDT,41320,25828,39281,29368,95078,86991,15709,42841,20155,26922,15344,18502,54686
8/6/2022 3 a.m. EDT,38761,24696,37503,27898,91089,83251,15918,40405,19344,26148,14393,17506,51779
8/6/2022 4 a.m. EDT,35968,23939,36172,26974,88467,80774,15755,38173,18801,25270,13536,16848,49872
8/6/2022 5 a.m. EDT,33656,23435,35082,26440,87043,78912,15574,36733,18463,24692,12905,16404,48179
8/6/2022 6 a.m. EDT,32080,23264,34402,26398,87131,78259,15613,34010,18410,24549,12585,16254,47069
8/6/2022 7 a.m. EDT,30847,23327,34100,26658,87849,78576,15686,34871,18606,24643,12235,16294,46747
8/6/2022 8 a.m. EDT,29642,24128,33946,27386,90754,79155,16208,34785,19538,24452,12062,16407,46693
8/6/2022 9 a.m. EDT,29270,26263,34475,30296,96405,82411,16997,34969,20892,25959,11988,17586,46950
8/6/2022 10 a.m. EDT,29286,28704,36362,34167,102049,87414,17452,35531,22172,28336,12098,19481,49214
8/6/2022 11 a.m. EDT,29562,30936,38888,37745,106462,93501,18027,37089,23459,30475,12905,21451,52330
8/6/2022 12 p.m. EDT,31071,33173,41320,40628,112449,99440,19048,39402,24640,32962,13959,23423,55751
8/6/2022 1 p.m. EDT,32652,35122,43676,42857,117960,104340,19910,41402,25553,35289,15165,25190,59377
8/6/2022 2 p.m. EDT,33172,36394,45633,44378,122454,108119,20519,43184,26287,36906,16460,26212,62752
8/6/2022 3 p.m. EDT,33982,37129,47330,45499,126292,110790,20991,44824,26797,38167,17733,26738,66011
8/6/2022 4 p.m. EDT,34927,37031,48539,45624,129767,112805,21420,46368,27202,38819,18909,27032,68361
8/6/2022 5 p.m. EDT,36144,36444,49437,45663,132598,114376,22042,47861,27639,39095,19795,27017,69347
8/6/2022 6 p.m. EDT,37892,35775,49949,45267,133640,114936,10538,49048,27768,38800,20515,26697,69768
8/6/2022 7 p.m. EDT,39955,34783,49994,44302,131870,114551,10538,49790,27460,37918,20965,26288,69653
8/6/2022 8 p.m. EDT,41846,33292,49234,42404,127735,112296,22340,50696,26864,36563,21610,25409,68400
8/6/2022 9 p.m. EDT,43416,32211,47728,40744,123756,108438,21696,50942,26334,34770,21722,24177,66128
8/6/2022 10 p.m. EDT,44606,30914,45954,38943,119853,105383,20789,50263,25612,33204,21120,23306,64102
8/6/2022 11 p.m. EDT,44777,28961,44495,36480,114348,101376,19453,48724,24486,31081,20190,22044,62211
8/7/2022 12 a.m. EDT,43526,26792,42234,33866,109047,95939,18101,46910,23226,28947,19150,20552,59242
8/7/2022 1 a.m. EDT,41942,24972,39940,31395,103850,91474,17266,44673,22030,26882,17791,19211,56147
8/7/2022 2 a.m. EDT,39924,23515,37826,29310,99001,87434,16782,41739,21028,26111,16423,18080,53036
8/7/2022 3 a.m. EDT,37400,22524,36143,27778,95192,83765,16460,38941,20299,25013,15311,17091,50545
8/7/2022 4 a.m. EDT,34610,21882,34750,26745,92523,80883,16168,36693,19797,24082,14444,16495,48792
8/7/2022 5 a.m. EDT,32292,21587,33831,26001,90380,78841,16157,35303,19457,23621,13838,15957,47188
8/7/2022 6 a.m. EDT,30469,21477,33043,25719,89407,77503,16307,35581,19339,23229,13337,15764,46048
8/7/2022 7 a.m. EDT,29505,21585,32668,25714,89112,77238,16322,33603,19379,23260,12785,15721,45464
8/7/2022 8 a.m. EDT,28389,22296,32467,26253,91191,77345,16683,33465,20026,22928,12421,15824,45106
8/7/2022 9 a.m. EDT,27979,24519,32724,29441,96940,79357,17137,33443,21105,24445,12186,17003,45224
8/7/2022 10 a.m. EDT,28140,26869,34539,33488,102848,84514,17781,33850,22475,26704,12196,18776,48362
8/7/2022 11 a.m. EDT,28390,29002,36920,36967,109769,90022,18584,35665,23912,28824,12715,20629,52784
8/7/2022 12 p.m. EDT,29121,31173,39330,40059,116219,95607,19478,37859,24986,31485,13345,22519,57124
8/7/2022 1 p.m. EDT,30531,33233,41798,42514,122057,100781,20296,40046,25940,33975,14074,24353,61339
8/7/2022 2 p.m. EDT,31086,34833,44021,44225,125857,104685,20925,42141,26473,36180,15196,25939,64907
8/7/2022 3 p.m. EDT,31859,36108,45824,45366,128038,107544,21344,44339,26847,37594,16382,26642,68038
8/7/2022 4 p.m. EDT,33033,36922,47019,45825,130234,108934,21889,46311,26970,38461,17573,26424,70392
8/7/2022 5 p.m. EDT,35377,37589,47862,45789,132689,109573,10538,48388,27588,38728,18496,25992,72073
8/7/2022 6 p.m. EDT,37748,37649,48274,44903,134709,109831,10538,50614,28142,38448,19493,25928,73241
8/7/2022 7 p.m. EDT,40379,36767,48443,43141,133853,109341,10538,52552,28196,37874,20302,25914,73435
8/7/2022 8 p.m. EDT,42393,35352,47811,40833,129798,107602,10538,53834,27647,36526,20740,25257,72221
8/7/2022 9 p.m. EDT,43685,34075,46404,39355,125827,104559,21967,54307,27200,35107,20707,24680,69731
8/7/2022 10 p.m. EDT,44635,32597,44791,37532,121679,102335,20906,53504,26434,33770,20081,23993,67317
8/7/2022 11 p.m. EDT,44930,30182,43301,34954,115396,98313,19453,51785,25075,31418,19258,22535,65152
8/8/2022 12 a.m. EDT,44064,27816,40972,32025,109204,92835,18052,49706,23561,29067,18403,20863,61471
8/8/2022 1 a.m. EDT,42667,25987,38510,29579,104786,88083,17594,46857,22345,27113,16960,19332,57369
8/8/2022 2 a.m. EDT,40771,24575,36532,27730,100442,84664,17298,43082,21438,26205,15623,18229,54010
8/8/2022 3 a.m. EDT,37906,23738,35042,26427,96965,81495,17032,39915,20765,25056,14441,17295,51817
8/8/2022 4 a.m. EDT,34923,23071,33981,25612,95097,79593,16759,37473,20400,24445,13879,16766,49843
8/8/2022 5 a.m. EDT,32881,23024,33244,25486,95143,78754,16812,35955,20365,24151,13274,16529,48545
8/8/2022 6 a.m. EDT,31235,23752,33022,26089,97971,79730,17391,34942,20885,24821,12857,16752,48105
8/8/2022 7 a.m. EDT,30470,24977,33498,27305,102431,82350,17968,34640,21882,25884,12650,17617,48665
8/8/2022 8 a.m. EDT,29752,26191,34351,28362,108192,85717,18466,35221,23361,26501,12728,18510,49973
8/8/2022 9 a.m. EDT,29864,28048,35277,30950,113540,88609,19066,36451,24747,27987,13161,19612,50582
8/8/2022 10 a.m. EDT,30588,30373,36823,34169,117925,92014,19728,38262,26017,29835,13580,21224,53233
8/8/2022 11 a.m. EDT,32240,32920,38746,37304,124172,96736,20588,40529,27210,31979,14020,23014,57014
8/8/2022 12 p.m. EDT,34098,35480,40846,40405,130262,101939,21602,42541,28140,34409,14523,25189,61130
8/8/2022 1 p.m. EDT,35820,37441,42916,42889,135753,107130,10538,44574,16247,36627,15259,26890,65317
8/8/2022 2 p.m. EDT,37025,38868,44780,44477,140745,110738,10538,46820,16247,37989,16273,28113,69391
8/8/2022 3 p.m. EDT,38166,39930,46306,45373,143544,113287,10538,49329,16247,38529,17307,28376,72734
8/8/2022 4 p.m. EDT,39593,40747,47119,45547,144212,113984,10538,51518,16247,38334,18305,28136,74758
8/8/2022 5 p.m. EDT,40992,41117,47526,44413,144032,114042,10538,53831,16247,38022,19402,28162,76159
8/8/2022 6 p.m. EDT,43149,41028,47464,43099,143696,112994,10538,55629,16247,37584,20112,28005,76690
8/8/2022 7 p.m. EDT,45461,40318,47127,41868,142327,111289,10538,57053,16247,36871,20445,27781,76181
8/8/2022 8 p.m. EDT,47367,38734,46210,40132,138101,109174,10538,57915,16247,35810,20497,27215,74440
8/8/2022 9 p.m. EDT,48399,37035,44812,38991,133085,105872,10538,57920,16247,34779,20654,26248,71478
8/8/2022 10 p.m. EDT,49119,35144,43226,37310,127527,102662,21834,56815,27531,33491,20197,25328,68936
8/8/2022 11 p.m. EDT,48557,32431,41619,34730,119433,97664,20155,54770,25979,31266,19688,23715,66719
8/9/2022 12 a.m. EDT,47119,29809,38975,31792,112854,91266,18968,52339,24345,29482,18988,21917,62873
8/9/2022 1 a.m. EDT,45732,27658,36484,29429,107920,86230,18251,49106,23079,27310,17922,20529,58626
8/9/2022 2 a.m. EDT,43457,26187,34547,27551,103539,82752,17745,45231,22148,26329,16545,19309,54915
8/9/2022 3 a.m. EDT,40527,25172,33138,26358,99702,79284,17516,41680,21457,25426,15300,18309,52122
8/9/2022 4 a.m. EDT,37771,24397,32142,25590,97137,77026,17290,39198,21005,24759,14397,17798,50218
8/9/2022 5 a.m. EDT,35190,24102,31554,25479,96491,75614,17373,37308,20876,24566,13468,17488,49181
8/9/2022 6 a.m. EDT,33286,24669,31364,26321,98410,76045,17983,36310,21299,24673,12665,17575,48681
8/9/2022 7 a.m. EDT,32269,25756,31885,27694,102448,78542,18505,35978,22213,26047,12207,18381,49080
8/9/2022 8 a.m. EDT,31838,27008,32748,28700,107649,80307,19624,36408,23559,26669,12175,19098,50164
8/9/2022 9 a.m. EDT,31692,28821,33729,31252,112849,83042,20292,37802,24860,27550,12509,20088,50787
8/9/2022 10 a.m. EDT,32239,31177,35066,34432,117792,86054,20112,39559,26008,29089,12873,21439,53261
8/9/2022 11 a.m. EDT,33915,33729,36648,37777,123189,89751,20972,41406,26925,31436,13202,22912,57067
8/9/2022 12 p.m. EDT,35827,36380,38862,40920,128236,93826,22083,43305,27571,33809,13704,24588,61426
8/9/2022 1 p.m. EDT,38076,38796,41056,43121,133111,97242,10538,45120,28179,36026,14098,26163,65774
8/9/2022 2 p.m. EDT,38643,40510,42997,44104,137315,100293,10538,46966,16247,37577,14772,27529,69484
8/9/2022 3 p.m. EDT,39574,41466,44554,43877,139783,103100,10538,48880,16247,38455,15570,28012,72391
8/9/2022 4 p.m. EDT,40718,41605,45629,42749,140681,104762,10538,50811,16247,38753,16668,28059,73730
8/9/2022 5 p.m. EDT,42486,41107,46374,42049,141542,105628,10538,52474,16247,38835,17298,27819,73809
8/9/2022 6 p.m. EDT,44383,40618,46729,41711,141412,106751,10538,54076,16247,38688,18219,26976,73134
8/9/2022 7 p.m. EDT,46303,39850,46419,41179,137962,106721,10538,55077,16247,37795,18860,26087,71382
8/9/2022 8 p.m. EDT,48382,38415,45377,40256,133127,105142,10538,55745,27817,36450,18971,24854,69424
8/9/2022 9 p.m. EDT,49094,37016,43818,39540,128630,101979,21892,55744,27120,35180,18976,24039,67155
8/9/2022 10 p.m. EDT,49611,35217,42193,37962,122835,98989,20566,54739,26187,33739,18689,23232,65518
8/9/2022 11 p.m. EDT,49171,32580,40742,35172,115688,94480,18811,52967,24597,31570,18527,21833,63463
8/10/2022 12 a.m. EDT,47627,30031,38262,32343,109561,88993,16968,51032,22961,29355,17961,20282,59919
8/10/2022 1 a.m. EDT,46049,28059,35818,29661,103743,83971,15967,48206,21620,27311,16804,18939,56015
8/10/2022 2 a.m. EDT,43700,26483,33917,27894,98819,79574,15323,44794,20581,26436,15529,17920,52511
8/10/2022 3 a.m. EDT,40414,25456,32510,26666,95198,76294,15211,41736,19616,25664,14416,17185,49913
8/10/2022 4 a.m. EDT,37230,24620,31588,25944,92870,74322,15119,39294,18947,24971,13866,16767,48149
8/10/2022 5 a.m. EDT,34990,24408,31029,25828,92481,73486,14851,37654,18703,24728,13356,16566,47023
8/10/2022 6 a.m. EDT,33324,24981,30844,26701,94541,74069,14854,36631,19041,25013,12980,16834,46741
8/10/2022 7 a.m. EDT,31996,26024,31312,28233,98080,77003,15331,36261,19816,26386,12863,17596,47532
8/10/2022 8 a.m. EDT,31200,26988,32371,29091,101579,79147,15789,36796,20871,26744,12970,18570,48950
8/10/2022 9 a.m. EDT,31380,28702,33577,31483,106136,82064,16037,38000,21690,27516,13347,19255,49606
8/10/2022 10 a.m. EDT,32244,30624,35286,34595,110135,85156,16117,39658,22334,28474,13620,20014,52240
8/10/2022 11 a.m. EDT,33750,33085,37351,37713,113749,89281,16330,41827,22973,30184,13997,21130,55989
8/10/2022 12 p.m. EDT,35506,35762,39655,40943,118868,93848,16519,43770,23613,31895,14577,22402,60435
8/10/2022 1 p.m. EDT,37631,37944,41850,43630,124088,98179,16898,45578,24249,33486,15410,23412,65055
8/10/2022 2 p.m. EDT,38680,39855,43732,45909,127886,102109,17318,47404,24741,35005,16383,24102,69102
8/10/2022 3 p.m. EDT,39827,40762,45552,47618,130337,105191,17333,49262,25018,36135,17345,24058,72343
8/10/2022 4 p.m. EDT,41134,40950,46752,48735,131591,107157,17646,51227,25338,36853,18270,23951,74290
8/10/2022 5 p.m. EDT,42644,40472,47720,49276,131706,108903,18169,52749,25841,37121,19149,23895,75063
8/10/2022 6 p.m. EDT,44612,39713,48244,49045,130249,110351,18794,53905,26185,37188,20050,23860,74147
8/10/2022 7 p.m. EDT,46850,38706,48130,47537,127495,110027,18917,54356,25849,36529,20506,23711,71680
8/10/2022 8 p.m. EDT,48439,37150,47410,45259,123068,107952,18516,54654,25101,35185,20907,23296,68116
8/10/2022 9 p.m. EDT,49789,35950,45876,43535,118827,104046,18108,54588,24435,33764,20368,22788,63454
8/10/2022 10 p.m. EDT,50330,34220,43844,41115,113931,100735,17225,53510,23577,32295,19303,22339,61290
8/10/2022 11 p.m. EDT,49793,31788,42094,38286,106981,95956,16189,51911,22233,30047,18676,21225,59202
8/11/2022 12 a.m. EDT,48237,29370,39367,34859,101706,90239,14739,50104,20860,27998,17866,19724,55858
8/11/2022 1 a.m. EDT,46334,27205,36925,32108,97502,85070,14105,47277,19667,26456,16765,18360,52283
8/11/2022 2 a.m. EDT,43802,25572,34722,29987,92928,80406,13722,43924,18787,25619,15494,17482,49208
8/11/2022 3 a.m. EDT,40537,24442,33075,28514,89590,76882,13787,40955,18173,24692,14675,16746,46885
8/11/2022 4 a.m. EDT,37115,23898,31937,27545,87703,74537,13832,38661,17839,24165,13639,16354,45461
8/11/2022 5 a.m. EDT,34696,23910,31086,27344,87620,73400,13923,37213,17830,24000,13067,16223,44592
8/11/2022 6 a.m. EDT,33223,24458,30794,27913,90152,74090,14038,36191,18369,24516,12653,16457,44379
8/11/2022 7 a.m. EDT,31984,25520,31173,29127,94462,76702,14447,35716,19333,25973,12468,17215,45370
8/11/2022 8 a.m. EDT,31251,26402,32148,29819,98090,78965,14923,36283,20276,26359,12579,18278,47111
8/11/2022 9 a.m. EDT,31076,27341,33310,31777,101140,81901,15522,37689,20989,26852,13030,18855,47886
8/11/2022 10 a.m. EDT,31504,28996,35091,34459,103215,85354,15744,39520,21493,28029,13412,19674,49936
8/11/2022 11 a.m. EDT,32901,30620,37175,37043,107077,88887,16176,41582,22104,29588,13771,20663,53318
8/11/2022 12 p.m. EDT,34724,32212,39464,39699,111080,92978,16383,43526,22801,31185,14358,21812,57697
8/11/2022 1 p.m. EDT,37000,33562,41728,41928,115165,97041,16485,45685,23324,32795,15103,23047,62146
8/11/2022 2 p.m. EDT,38462,34810,43807,43175,119138,100646,16800,47800,24050,34431,16080,24189,66305
8/11/2022 3 p.m. EDT,39165,36020,45623,43648,122111,103947,17336,49903,24761,35707,16956,25237,69730
8/11/2022 4 p.m. EDT,40519,37167,46923,43749,124405,105964,17864,52026,25432,36473,17988,25964,71918
8/11/2022 5 p.m. EDT,42396,37755,47847,43808,126296,106887,18267,54124,25968,36815,19231,26532,73621
8/11/2022 6 p.m. EDT,44487,37345,48479,43002,127150,107096,18758,55806,26171,36550,19722,26609,74160
8/11/2022 7 p.m. EDT,46877,36203,48185,41884,124914,106461,18980,56839,25761,35820,20065,26172,73473
8/11/2022 8 p.m. EDT,48716,34637,47386,40388,119762,104337,18695,57148,24862,34725,20167,25349,71345
8/11/2022 9 p.m. EDT,49769,33413,45829,39619,114782,100247,18378,56850,24100,33633,20198,24463,68694
8/11/2022 10 p.m. EDT,50191,31875,43751,37748,109847,97144,17509,55534,23169,32475,19791,23875,66274
8/11/2022 11 p.m. EDT,49363,29553,41849,34934,103725,92822,16210,53805,21882,30351,19428,22320,63674
8/12/2022 12 a.m. EDT,47529,27140,39254,32060,98347,87443,14877,51739,20269,28387,18741,20591,59982
8/12/2022 1 a.m. EDT,45615,25144,36769,29398,92346,82326,14203,48453,18978,26969,17606,19036,56127
8/12/2022 2 a.m. EDT,43069,23860,34490,27518,87687,78250,13669,44700,18032,25924,16383,17298,52719
8/12/2022 3 a.m. EDT,39567,23002,32883,26180,84447,75374,13402,41439,17297,24907,15172,16474,50070
8/12/2022 4 a.m. EDT,36592,22471,31736,25405,82370,72983,13088,39082,16845,24362,14267,15965,48110
8/12/2022 5 a.m. EDT,34241,22389,30919,25146,82120,71583,13077,37358,16697,24261,13602,15623,47136
8/12/2022 6 a.m. EDT,32540,23114,30685,25909,84010,71777,13251,36242,17082,24931,13164,15708,46749
8/12/2022 7 a.m. EDT,31442,24243,31076,27312,87251,74094,13341,35828,17786,26479,12927,16476,47284
8/12/2022 8 a.m. EDT,30761,25103,32075,28276,90696,76577,13867,36196,18650,26990,13000,17294,48635
8/12/2022 9 a.m. EDT,30612,26204,33152,30265,92863,79207,14109,37455,19283,27316,13373,18180,49235
8/12/2022 10 a.m. EDT,31452,27559,34912,32975,95389,82245,14107,39150,19621,27961,13710,19325,51575
8/12/2022 11 a.m. EDT,32867,29053,37073,36006,98583,85771,13995,41425,19961,29332,14397,20579,55179
8/12/2022 12 p.m. EDT,34678,30153,39629,39108,101826,89427,14030,43401,20314,31072,15056,21997,59603
8/12/2022 1 p.m. EDT,36050,31107,42021,41996,105278,92529,14372,45387,20673,33259,15922,23271,63914
8/12/2022 2 p.m. EDT,37147,31756,44138,44342,108302,95365,14835,47370,21140,35377,17016,24407,67410
8/12/2022 3 p.m. EDT,37994,32406,46032,45994,110598,98119,15327,49414,21686,37100,18031,24894,69608
8/12/2022 4 p.m. EDT,39084,32734,47353,46845,112714,99701,15929,51391,22184,38243,19108,25241,71571
8/12/2022 5 p.m. EDT,41359,33027,48395,46863,114425,100750,16590,53113,22698,38739,19951,25328,72586
8/12/2022 6 p.m. EDT,43622,32916,48950,46048,114672,100891,17212,54038,23003,38567,19810,25130,72683
8/12/2022 7 p.m. EDT,45739,32077,48620,44326,112113,99605,17237,54679,22641,37390,18739,24484,71684
8/12/2022 8 p.m. EDT,47762,30600,47603,41848,107096,96944,16692,54686,21953,35461,17613,23471,69529
8/12/2022 9 p.m. EDT,48983,29533,45859,40276,101944,93118,16191,53954,21261,33677,16996,22464,67248
8/12/2022 10 p.m. EDT,49408,28232,43753,38270,97631,90623,15329,52561,20393,32288,16351,21667,64727
8/12/2022 11 p.m. EDT,48540,26321,42051,35715,91793,86998,14164,50839,19128,30168,16104,20329,62777
8/13/2022 12 a.m. EDT,46957,24249,39775,32868,86675,82096,12990,48854,17821,28030,15647,18820,59676
8/13/2022 1 a.m. EDT,44953,22466,37391,30492,81279,77481,12062,46329,16748,26435,14942,17361,56243
8/13/2022 2 a.m. EDT,42516,21102,35281,28402,77052,74336,11674,43406,15904,25407,14215,16113,52987
8/13/2022 3 a.m. EDT,39539,20074,33626,26825,75079,72027,11268,40672,15300,24305,13265,15231,50531
8/13/2022 4 a.m. EDT,36635,19547,32369,25662,73130,70180,10996,38421,14913,23617,12550,14664,48787
8/13/2022 5 a.m. EDT,34575,19473,31447,25051,72478,68875,10897,36777,14703,23132,12112,14344,47182
8/13/2022 6 a.m. EDT,32703,19486,30926,24876,72751,68314,11033,35598,14722,23133,11822,14245,46286
8/13/2022 7 a.m. EDT,31270,19681,30847,25100,73350,68752,11253,34898,14871,23292,11601,14324,46116
8/13/2022 8 a.m. EDT,30205,20282,30798,25635,74990,69408,11307,34816,15329,23192,11616,14421,46091
8/13/2022 9 a.m. EDT,29728,21893,31306,28298,77914,70395,11235,34953,15796,24090,11660,15151,46455
8/13/2022 10 a.m. EDT,29780,23917,33158,32116,80313,73540,10977,35909,16191,26081,11687,16471,49379
8/13/2022 11 a.m. EDT,29921,25444,35744,35854,83718,77640,11261,37596,16576,27859,12367,17898,53425
8/13/2022 12 p.m. EDT,31075,26966,38566,39324,87074,81663,11733,39643,17063,29723,13182,19375,57896
8/13/2022 1 p.m. EDT,33218,28412,41098,41905,89702,85213,12007,41475,17539,31435,14221,20740,61759
8/13/2022 2 p.m. EDT,33886,29804,43233,42846,92129,87879,12318,43096,17819,32868,15331,21978,64878
8/13/2022 3 p.m. EDT,35011,31026,45096,42725,94643,90290,12935,44579,18157,33996,16379,23137,67655
8/13/2022 4 p.m. EDT,36204,32211,46483,42424,97452,92302,13209,46085,18657,34898,17434,24054,69396
8/13/2022 5 p.m. EDT,37968,33014,47510,41950,100274,93767,13622,47597,19232,35538,18479,24737,70193
8/13/2022 6 p.m. EDT,40406,33323,48205,41265,101898,94552,14283,49044,19852,35681,19413,25106,70608
8/13/2022 7 p.m. EDT,42642,32747,48316,40027,100998,94049,14610,50039,20079,35127,20001,24924,70333
8/13/2022 8 p.m. EDT,44727,31017,47552,38294,97431,92285,14519,50694,19682,33767,20211,23980,69055
8/13/2022 9 p.m. EDT,45977,29240,45896,36933,94822,89587,14367,50447,19312,32167,20023,22625,66624
8/13/2022 10 p.m. EDT,47085,27545,43885,35026,91868,87732,13818,49379,18715,30836,19404,21452,64455
8/13/2022 11 p.m. EDT,47210,25327,42121,32710,87449,84447,13147,47803,17845,28890,18767,20052,62340
8/14/2022 12 a.m. EDT,45605,23170,39835,30370,82760,80540,12220,46108,16858,26847,17972,18549,59024
8/14/2022 1 a.m. EDT,43683,21312,37464,27990,79160,76586,11453,44069,15953,24881,16862,17129,55586
8/14/2022 2 a.m. EDT,41401,20072,35290,26066,76454,72962,10673,41303,15249,23750,15620,16157,52438
8/14/2022 3 a.m. EDT,38525,19248,33608,24697,74862,70347,10563,38757,14724,22542,14490,15202,49839
8/14/2022 4 a.m. EDT,35799,18517,32313,23751,73276,68548,10600,36732,14336,21814,13692,14712,48000
8/14/2022 5 a.m. EDT,33773,18449,31263,23128,72290,66918,10520,35302,14134,21736,13071,14296,46448
8/14/2022 6 a.m. EDT,31863,18492,30439,22903,72329,66126,10577,34308,14112,21460,12578,14203,45043
8/14/2022 7 a.m. EDT,30288,18674,30059,23077,72798,66383,10442,33732,14136,21534,12191,14155,44325
8/14/2022 8 a.m. EDT,29486,19169,29803,23765,74302,66638,10574,33573,14578,21729,11978,14179,43980
8/14/2022 9 a.m. EDT,28760,20895,30077,26941,77764,68268,10379,33669,15153,23003,11849,15213,44109
8/14/2022 10 a.m. EDT,28456,22764,31963,30841,80878,71810,10412,34223,15814,25311,11845,16785,46709
8/14/2022 11 a.m. EDT,28384,24313,34461,34321,82852,75871,10552,35740,16356,27632,12251,18294,50398
8/14/2022 12 p.m. EDT,29885,26185,37021,37436,86590,79709,11123,37657,17055,30158,12911,19894,54599
8/14/2022 1 p.m. EDT,31058,28207,39741,39889,90104,83533,11761,40012,17697,32398,13695,21564,58496
8/14/2022 2 p.m. EDT,31674,30022,42268,41141,92838,87016,12260,42427,18279,34344,14379,22969,61487
8/14/2022 3 p.m. EDT,32919,31662,44437,41374,94984,89707,13010,44460,18822,35913,15246,24156,63935
8/14/2022 4 p.m. EDT,34534,32727,46016,40544,96426,91766,13724,46433,19382,36949,16146,25242,66162
8/14/2022 5 p.m. EDT,36452,33207,47169,39904,97724,93416,14520,48317,19972,37665,17124,25976,67842
8/14/2022 6 p.m. EDT,39018,33281,47909,39314,98755,95117,15462,49616,20514,37974,18146,26332,68764
8/14/2022 7 p.m. EDT,42068,32561,48186,38508,97889,96068,15925,50432,20622,37475,19156,26275,68981
8/14/2022 8 p.m. EDT,44343,31380,47597,37388,96082,95441,15864,51383,20261,36266,19560,25538,68043
8/14/2022 9 p.m. EDT,46055,30472,45988,36727,94993,93296,15666,51625,20035,34565,18424,24437,66094
8/14/2022 10 p.m. EDT,47758,29034,44166,34952,92446,91699,14871,50750,19449,33352,17222,23601,64503
8/14/2022 11 p.m. EDT,47978,26868,42393,32190,87623,88119,13699,49492,18405,30745,16604,22117,62277
8/15/2022 12 a.m. EDT,46594,24599,39652,29221,83772,83552,12627,47626,17311,28161,15790,20376,58580
8/15/2022 1 a.m. EDT,44526,23023,36978,26644,81501,78950,12041,44841,16411,26373,14904,18797,54883
8/15/2022 2 a.m. EDT,41845,21898,34777,24850,79381,75345,11460,41311,15786,24801,13950,17702,51749
8/15/2022 3 a.m. EDT,38603,21111,33143,23692,77339,72798,11323,38325,15340,24043,13009,16919,49326
8/15/2022 4 a.m. EDT,35516,20622,32004,23055,76389,71190,11155,36522,15075,23476,12466,16359,47860
8/15/2022 5 a.m. EDT,33281,20537,31357,23019,77074,70524,11275,35131,15132,23380,12114,16145,46758
8/15/2022 6 a.m. EDT,31540,21360,31159,23973,79669,71315,11817,34349,15647,24108,11786,16399,46444
8/15/2022 7 a.m. EDT,30609,22763,31787,25594,84327,74413,12272,34141,16477,25373,11671,17317,47304
8/15/2022 8 a.m. EDT,30195,23595,32965,26665,88408,77716,12955,34877,17613,26063,11823,18277,48747
8/15/2022 9 a.m. EDT,30116,24618,34029,28904,90431,80432,12985,36185,18515,26949,12245,19081,49527
8/15/2022 10 a.m. EDT,30799,25994,35744,31839,92495,83972,13063,38063,19188,28545,12720,20364,51582
8/15/2022 11 a.m. EDT,32620,27626,37911,35055,95773,87904,13239,40131,19763,31129,13341,21755,54846
8/15/2022 12 p.m. EDT,34512,29631,40409,38147,99247,92047,13907,42040,20578,33882,13843,23439,58793
8/15/2022 1 p.m. EDT,36537,31500,42827,40669,102738,95873,14475,43951,21246,36441,14613,24812,62771
8/15/2022 2 p.m. EDT,37630,33059,44990,42598,105716,99435,14977,45812,21786,38553,15451,26114,66409
8/15/2022 3 p.m. EDT,38893,34238,46777,43916,107464,102525,15488,47916,22266,39948,16483,26925,69660
8/15/2022 4 p.m. EDT,40693,35224,47938,44780,108560,104514,15936,50260,22647,41065,17485,27333,72243
8/15/2022 5 p.m. EDT,43240,35250,48679,45042,109566,105746,16715,52135,23075,41515,18408,27341,73726
8/15/2022 6 p.m. EDT,45788,34793,48916,44704,109736,105957,17472,53276,23431,41073,19133,27367,74330
8/15/2022 7 p.m. EDT,48493,33727,48487,43720,107754,105187,17596,53931,23045,40201,19708,26860,73784
8/15/2022 8 p.m. EDT,51038,32413,47514,41896,104305,103200,17161,54496,22258,38650,20201,26114,72063
8/15/2022 9 p.m. EDT,52494,31553,45969,40518,101845,100241,16733,54327,21700,37045,20374,24985,69227
8/15/2022 10 p.m. EDT,53164,29954,44205,38101,98212,97967,15673,53547,20796,35088,19927,24093,67062
8/15/2022 11 p.m. EDT,52362,27663,42411,34913,93162,93315,14325,51912,19486,32350,19286,22434,64253
8/16/2022 12 a.m. EDT,50273,25328,39743,31639,89067,88433,13165,49722,18173,30060,18373,20571,60066
8/16/2022 1 a.m. EDT,47958,23608,37264,28974,84582,83382,12465,46643,17152,28266,17060,18951,55903
8/16/2022 2 a.m. EDT,44952,22329,35212,27041,81022,78887,12040,43031,16380,27074,15677,17809,52447
8/16/2022 3 a.m. EDT,40833,21565,33598,25767,78397,76011,11897,39663,15846,25859,14464,16921,49977
8/16/2022 4 a.m. EDT,37453,21117,32354,25054,76964,73761,11690,37334,15424,25008,13622,16195,48196
8/16/2022 5 a.m. EDT,35180,21191,31541,24798,77227,72658,11791,35747,15434,24760,13225,15983,47344
8/16/2022 6 a.m. EDT,33484,21881,31208,25642,79852,73255,11842,34724,15971,25259,12705,16075,46874
8/16/2022 7 a.m. EDT,32488,23281,31702,27207,84502,75655,12419,34505,16841,26572,12452,16988,47692
8/16/2022 8 a.m. EDT,31666,24196,32948,28177,88235,78232,13091,35174,17941,26612,12472,17764,49209
8/16/2022 9 a.m. EDT,31510,24926,33797,30511,90376,81011,13099,36764,18795,27679,12958,18404,49889
8/16/2022 10 a.m. EDT,31787,25686,35095,33693,93072,84179,13064,38371,19372,28822,13288,18999,52140
8/16/2022 11 a.m. EDT,33434,26583,36747,37270,95736,87637,13399,40339,19774,30802,13940,19962,55679
8/16/2022 12 p.m. EDT,35212,27436,38551,40717,98939,91795,13769,42136,20252,32983,14646,21018,59382
8/16/2022 1 p.m. EDT,37299,28341,40240,43744,102119,95876,14327,43693,20839,35096,15584,21711,63695
8/16/2022 2 p.m. EDT,38520,29148,41885,46009,105810,99444,14995,45419,21367,36943,16567,22154,67642
8/16/2022 3 p.m. EDT,40279,29619,43345,47488,108572,102552,15414,47266,21894,38242,17467,22273,71143
8/16/2022 4 p.m. EDT,42492,29928,44124,48109,110596,104814,15995,49132,22524,38994,18508,22362,73586
8/16/2022 5 p.m. EDT,45012,30071,44578,47708,112546,106084,16545,50963,22966,39143,19226,22438,75014
8/16/2022 6 p.m. EDT,48330,30015,44554,46696,113691,106872,16992,52578,23269,38403,19962,22612,75470
8/16/2022 7 p.m. EDT,51200,29736,44291,45224,111871,106381,16957,53994,22839,37533,20413,22487,75567
8/16/2022 8 p.m. EDT,53472,29215,43538,43282,107833,104571,16755,55147,22041,36181,20747,21977,74124
8/16/2022 9 p.m. EDT,26097,28875,42193,41921,104557,100777,16467,55393,21628,35173,20801,21664,71384
8/16/2022 10 p.m. EDT,26097,27870,40880,39443,100604,98229,15612,54541,20777,33771,20300,21261,68858
8/16/2022 11 p.m. EDT,26097,25955,39299,36035,95391,93141,14433,52864,19518,31161,19616,20252,65874
8/17/2022 12 a.m. EDT,52403,23900,36833,32838,90268,87864,13285,50762,18244,28967,18751,18663,61733
8/17/2022 1 a.m. EDT,50101,22392,34429,29704,85295,82801,12738,47781,17242,27267,17536,17292,57368
8/17/2022 2 a.m. EDT,46975,21375,32693,27679,81316,78339,12428,44012,16461,25950,15873,16388,53790
8/17/2022 3 a.m. EDT,42899,20765,31430,26309,78771,75252,12317,40736,15838,24993,15025,15628,51104
8/17/2022 4 a.m. EDT,39328,20353,30422,25444,77400,73064,12122,38597,15488,24346,14045,15197,49277
8/17/2022 5 a.m. EDT,37156,20299,29919,25230,77513,71916,12237,36929,15422,24337,13371,15061,48204
8/17/2022 6 a.m. EDT,35075,20999,29889,26146,80124,72344,12319,35844,15939,24860,12845,15437,47807
8/17/2022 7 a.m. EDT,33749,22568,30415,27830,84381,74329,13204,35442,16843,26152,12555,16189,48534
8/17/2022 8 a.m. EDT,33146,23225,31642,28724,88197,77400,13630,36050,17843,26984,12605,17065,50254
8/17/2022 9 a.m. EDT,33091,24333,32506,31067,90260,79632,14018,37515,18698,27517,12912,17686,50686
8/17/2022 10 a.m. EDT,33847,25280,33625,34451,92725,82778,14055,39192,19267,28029,13280,18253,52747
8/17/2022 11 a.m. EDT,35401,26480,34776,37943,96498,86484,14062,41128,19691,28870,14069,19198,56390
8/17/2022 12 p.m. EDT,37507,27715,36170,40932,100578,90733,14215,42965,19906,30259,14628,20111,60871
8/17/2022 1 p.m. EDT,39647,28981,37340,43390,104499,94768,14585,44870,20174,31525,15368,20991,65319
8/17/2022 2 p.m. EDT,40848,30243,38406,45412,107858,98531,15120,46933,20793,32799,16221,21600,69395
8/17/2022 3 p.m. EDT,42774,31096,39335,46848,100911,101833,15292,49321,21281,33808,17181,22006,72931
8/17/2022 4 p.m. EDT,44424,31611,40135,47951,111491,103664,15213,51723,21454,34391,18029,22393,75672
8/17/2022 5 p.m. EDT,46059,32097,40680,48496,113247,105034,15332,53805,21711,34493,18928,22797,76729
8/17/2022 6 p.m. EDT,48010,32134,41105,48078,113583,105906,15703,55801,21839,34313,19716,23108,77618
8/17/2022 7 p.m. EDT,50174,31652,40913,46724,111915,105496,15762,57605,21432,33672,20352,23049,77567
8/17/2022 8 p.m. EDT,51188,30584,40289,44665,107932,103919,15631,58275,20991,32889,20228,22481,75926
8/17/2022 9 p.m. EDT,51397,29919,39160,43017,104816,100213,15363,57999,20615,32289,19543,21750,73135
8/17/2022 10 p.m. EDT,51731,28533,38205,40548,100693,97684,14601,56722,19770,31367,18808,21158,70664
8/17/2022 11 p.m. EDT,50798,26284,37030,37110,95040,92936,13559,54860,18556,29273,18201,19899,67064
8/18/2022 12 a.m. EDT,49270,24070,34838,33481,89917,87529,12552,52781,17415,27362,17354,18381,61766
8/18/2022 1 a.m. EDT,47320,22418,32586,30830,84594,82480,12117,49427,16587,25884,16420,16964,57000
8/18/2022 2 a.m. EDT,44733,21244,30858,28698,80408,78171,11855,45645,15930,24599,15375,15994,53203
8/18/2022 3 a.m. EDT,41186,20622,29746,27207,77672,75089,11909,42436,15268,23758,14220,15346,50424
8/18/2022 4 a.m. EDT,37984,20243,29019,26269,76075,73193,11840,40011,14903,23475,13282,14904,48419
8/18/2022 5 a.m. EDT,35626,20398,28731,25962,76061,72295,11802,38328,14904,23515,12576,14592,47001
8/18/2022 6 a.m. EDT,33735,21108,28772,26743,78648,72903,12009,37130,15430,24106,12154,14821,46628
8/18/2022 7 a.m. EDT,32543,22605,29404,28337,83066,75959,12846,36579,16326,25637,12058,15622,47437
8/18/2022 8 a.m. EDT,31884,23521,30827,29163,86881,78243,13312,37001,17358,26042,12297,16506,49442
8/18/2022 9 a.m. EDT,31862,24509,31808,31463,88847,81013,13419,38367,18188,26677,12641,17249,49691
8/18/2022 10 a.m. EDT,32697,25795,32857,34783,91748,83728,13439,40049,18738,27415,13053,18270,51276
8/18/2022 11 a.m. EDT,34446,27519,34203,38216,96319,87624,13256,41886,19344,28822,13518,19547,54174
8/18/2022 12 p.m. EDT,36010,29382,35735,41373,100675,91588,13521,43912,20060,30340,14154,20935,57420
8/18/2022 1 p.m. EDT,37553,31084,37279,44125,105651,95028,14126,46008,20880,31623,14827,22337,60646
8/18/2022 2 p.m. EDT,38688,32549,38895,45899,110746,98194,14765,48191,21839,32799,15643,23504,63462
8/18/2022 3 p.m. EDT,39620,33511,40468,46356,114891,101272,15264,50384,22445,33595,16574,24304,65452
8/18/2022 4 p.m. EDT,41037,34105,41618,45606,118025,103472,15631,52444,22865,34011,17599,25053,66554
8/18/2022 5 p.m. EDT,43096,34630,42528,44693,120276,104651,16171,54359,23179,34282,18487,25533,67081
8/18/2022 6 p.m. EDT,45518,34409,43110,43406,121115,105066,16786,55563,23161,34570,19203,25704,66536
8/18/2022 7 p.m. EDT,47719,33747,43046,41840,119526,104361,16797,56255,22764,34118,19516,25256,64053
8/18/2022 8 p.m. EDT,49640,32570,42422,40238,115293,101861,16554,56579,22181,33210,19683,24280,61742
8/18/2022 9 p.m. EDT,50779,31618,40959,39199,110925,98016,16284,56408,21777,32476,19736,23170,59927
8/18/2022 10 p.m. EDT,51125,29967,39405,36956,105871,95366,15455,55060,20927,31522,19034,22491,58592
8/18/2022 11 p.m. EDT,50169,27493,37789,33962,98814,90362,14306,53505,19690,29347,17906,20976,56602
8/19/2022 12 a.m. EDT,48248,25180,35596,30795,92923,85602,13403,51730,18407,27525,16721,19119,53483
8/19/2022 1 a.m. EDT,46094,23503,33293,28336,87531,80549,12927,48865,17315,26046,15449,17525,49842
8/19/2022 2 a.m. EDT,43629,22312,31470,26540,83022,76685,12757,45310,16498,25262,14424,16442,46919
8/19/2022 3 a.m. EDT,39516,21480,30189,25365,80238,73825,12374,42183,15909,24490,13470,15740,44925
8/19/2022 4 a.m. EDT,36563,20991,29276,24593,78639,72017,12141,39671,15554,24022,12876,15383,43640
8/19/2022 5 a.m. EDT,34302,20934,28845,24419,78558,71067,12204,37977,15517,23940,12537,15009,43090
8/19/2022 6 a.m. EDT,32434,21457,28820,25177,80946,71068,12539,36816,15954,24476,12262,15342,43001
8/19/2022 7 a.m. EDT,31286,22838,29369,26779,84623,73257,12543,36325,16767,25589,12108,16123,44103
8/19/2022 8 a.m. EDT,30472,23786,30464,27623,88397,76422,13210,36823,17844,26143,12216,16978,46372
8/19/2022 9 a.m. EDT,30548,24721,31543,30097,92954,79430,13530,38191,18664,26872,12611,17706,47105
8/19/2022 10 a.m. EDT,31380,25967,32951,33486,97427,82382,13755,39771,19654,27606,12935,18762,48362
8/19/2022 11 a.m. EDT,33251,27085,34508,37284,102591,86281,14140,41619,20567,28536,13283,20265,50366
8/19/2022 12 p.m. EDT,35190,28096,36145,40843,108675,90438,14712,43379,21552,29793,13609,21836,53101
8/19/2022 1 p.m. EDT,36957,28928,37733,43759,114382,94495,15415,44863,22431,30763,14116,23067,56065
8/19/2022 2 p.m. EDT,37598,29601,39267,46041,119729,98206,16286,46360,23313,31640,14846,24157,58906
8/19/2022 3 p.m. EDT,38763,29977,40716,47578,123500,101574,17077,47800,24032,32394,15401,24764,61353
8/19/2022 4 p.m. EDT,39926,30147,41789,48561,125829,103729,17919,49336,24444,32722,15910,25106,62705
8/19/2022 5 p.m. EDT,42176,30213,42611,49073,127309,104601,18884,50851,24909,33066,16603,25295,63158
8/19/2022 6 p.m. EDT,44349,30099,43279,48279,126907,104714,19635,52024,25190,33179,17012,25462,63374
8/19/2022 7 p.m. EDT,46586,29425,42953,46115,123306,103468,19710,52847,24650,32700,16804,24876,62799
8/19/2022 8 p.m. EDT,48751,28577,41734,43268,117846,100526,19057,53042,23760,31688,16417,23837,61386
8/19/2022 9 p.m. EDT,50012,28249,40045,41459,113483,96356,18443,52433,23114,30769,15964,22777,59539
8/19/2022 10 p.m. EDT,50516,27256,38647,39047,108824,93686,17351,51093,22226,29836,15415,21878,58134
8/19/2022 11 p.m. EDT,49428,25663,37290,36313,102468,89395,16019,49585,21045,28387,15134,20667,56271
8/20/2022 12 a.m. EDT,47395,23919,35315,33633,96647,84151,14697,48016,19717,26779,14681,19213,53757
8/20/2022 1 a.m. EDT,45445,22513,33113,31022,91979,79903,13627,45665,18553,25232,14006,17929,50774
8/20/2022 2 a.m. EDT,42977,21613,31331,28940,87357,76997,13200,42584,17697,24425,13424,16749,48010
8/20/2022 3 a.m. EDT,39893,20944,30053,27393,84106,73813,12869,39870,17039,23891,12778,16076,46045
8/20/2022 4 a.m. EDT,36918,20583,29121,26399,81704,71692,12857,37741,16618,23198,12285,15508,44478
8/20/2022 5 a.m. EDT,34976,20345,28468,25778,80258,70498,12859,36227,16342,22917,11828,15178,43540
8/20/2022 6 a.m. EDT,33037,20567,28135,25639,80019,70243,13170,35217,16368,23151,11506,15200,42883
8/20/2022 7 a.m. EDT,31503,20791,28261,25807,80959,70835,13146,34587,16553,23242,11355,15457,42925
8/20/2022 8 a.m. EDT,30494,21346,28481,26673,83301,71685,13181,34405,17077,23592,11303,15631,43538
8/20/2022 9 a.m. EDT,30073,22925,28831,29573,88503,72562,13211,34664,18005,24923,11395,16438,44256
8/20/2022 10 a.m. EDT,30129,24672,30396,33696,93137,76188,13300,35241,19182,26608,11408,17802,46731
8/20/2022 11 a.m. EDT,30623,26468,32245,37855,98591,80653,13869,36754,20437,28596,11923,19212,50328
8/20/2022 12 p.m. EDT,31985,28285,34280,41674,104339,85267,14619,38864,21665,30757,12575,20665,54439
8/20/2022 1 p.m. EDT,33853,29827,36299,44898,109482,88954,15615,40598,22645,32572,13224,21768,58158
8/20/2022 2 p.m. EDT,34909,31239,38166,47005,113175,91597,16700,42148,23357,34170,13885,22357,60926
8/20/2022 3 p.m. EDT,35617,32448,39761,48236,116026,93281,17494,43490,23860,35307,14513,22805,63112
8/20/2022 4 p.m. EDT,36524,33282,41036,48884,117801,94497,18191,44723,24283,36077,15174,23207,64352
8/20/2022 5 p.m. EDT,38242,34145,41833,48934,118988,95095,18831,46153,24764,36118,15671,23414,64849
8/20/2022 6 p.m. EDT,40218,34623,42173,47976,118788,95038,19392,47398,24993,35580,15686,23471,65571
8/20/2022 7 p.m. EDT,42133,34096,41940,45849,115775,94508,19402,48344,24564,34746,15847,23380,65516
8/20/2022 8 p.m. EDT,44467,32644,40868,43156,111086,92677,18959,49053,23780,33291,16251,22677,63739
8/20/2022 9 p.m. EDT,45994,31507,39147,41570,107750,89933,18440,48956,23243,32285,16397,21726,61577
8/20/2022 10 p.m. EDT,46933,29764,37727,39532,103343,88105,17502,48699,22421,30992,16174,21198,60093
8/20/2022 11 p.m. EDT,46794,27763,36275,37066,97593,84758,16294,47553,21254,29185,15737,20053,57943
8/21/2022 12 a.m. EDT,45226,25801,34484,34408,92521,81038,15073,45978,19994,27284,15162,18931,54987
8/21/2022 1 a.m. EDT,43312,24039,32611,32031,87789,77406,14047,43602,18824,25458,14149,17761,52124
8/21/2022 2 a.m. EDT,41002,22614,31000,29930,84162,73182,13574,40862,17909,24593,13254,16619,49413
8/21/2022 3 a.m. EDT,38203,21907,29726,28551,81235,70557,13335,38415,17273,23874,12411,15996,47207
8/21/2022 4 a.m. EDT,35441,21296,28751,27445,78997,68729,13107,36447,16816,23091,11820,15593,45695
8/21/2022 5 a.m. EDT,33365,20896,28161,26684,77894,67674,13255,34905,16527,22511,11451,15237,44645
8/21/2022 6 a.m. EDT,31696,20973,27773,26358,77649,67361,13081,33931,16505,22507,11223,15237,44040
8/21/2022 7 a.m. EDT,30362,21072,27657,26382,78370,67771,13360,33251,16596,22593,11005,15334,43825
8/21/2022 8 a.m. EDT,29438,21581,27725,26909,80085,68118,13525,33128,17045,22914,10952,15504,43615
8/21/2022 9 a.m. EDT,28926,22821,28020,30125,84209,69829,13458,33439,17949,23662,10955,16135,43865
8/21/2022 10 a.m. EDT,28709,24342,29252,34260,88468,73119,13699,33829,18890,25094,10844,17305,45975
8/21/2022 11 a.m. EDT,29044,25536,30747,38195,91971,76633,13913,35233,19924,26757,11124,18052,49331
8/21/2022 12 p.m. EDT,30023,27017,32293,41625,95795,80445,14748,37360,20824,28697,11804,18749,52377
8/21/2022 1 p.m. EDT,31305,28758,33856,44598,99449,84158,15578,39420,21435,30789,12566,19562,54750
8/21/2022 2 p.m. EDT,32383,30001,35302,46841,102252,87350,16228,41497,21901,32587,13466,20489,56861
8/21/2022 3 p.m. EDT,33345,30890,36480,48132,104567,89896,16818,43598,22265,33967,14312,21375,59144
8/21/2022 4 p.m. EDT,33917,31243,37320,48448,106377,92018,17330,45829,22805,35043,15105,22043,61235
8/21/2022 5 p.m. EDT,34726,31940,37834,48271,108320,93810,17845,48020,23035,35505,15834,22752,62188
8/21/2022 6 p.m. EDT,36448,32281,38246,47327,109136,95401,18603,49810,22992,35270,16595,23218,62477
8/21/2022 7 p.m. EDT,38162,31863,38455,45862,108065,96514,18737,51010,22749,34310,17276,23110,62606
8/21/2022 8 p.m. EDT,40236,30962,37982,43709,106011,95615,18259,52124,22404,33019,17761,22396,61828
8/21/2022 9 p.m. EDT,42309,30436,37063,42309,104192,93263,17807,52518,22310,32418,17895,21837,60501
8/21/2022 10 p.m. EDT,43930,28955,36170,39884,100860,91048,16745,51559,21634,31088,16969,21344,59724
8/21/2022 11 p.m. EDT,44307,26911,35049,36838,96369,86614,15401,49949,20630,28973,15928,20183,57775
8/22/2022 12 a.m. EDT,43190,24934,33020,33778,92085,81749,14164,48045,19482,26913,15103,18714,54549
8/22/2022 1 a.m. EDT,41556,23391,30957,31029,88587,77284,13629,44884,18427,25229,14101,17443,51019
8/22/2022 2 a.m. EDT,39509,22372,29429,29085,85056,73472,13210,41387,17759,24768,13062,16564,48361
8/22/2022 3 a.m. EDT,36411,21804,28417,27705,82684,71060,13352,38455,17324,24077,12156,15946,46417
8/22/2022 4 a.m. EDT,33633,21557,27726,26916,81720,69577,13293,36466,17081,23734,11558,15521,45306
8/22/2022 5 a.m. EDT,31603,21554,27481,26798,82466,69063,13352,35180,17169,23682,11045,15492,44976
8/22/2022 6 a.m. EDT,30246,22534,27638,27720,86068,70403,13639,34342,17813,24575,10705,15891,44992
8/22/2022 7 a.m. EDT,29287,24056,28511,29319,91508,74055,14286,34176,18878,26090,10700,16950,46305
8/22/2022 8 a.m. EDT,28915,25063,29961,30057,95465,77817,14973,34693,19951,26603,11048,17847,48520
8/22/2022 9 a.m. EDT,29136,26111,31023,32040,97507,80279,15625,36366,20965,27238,11515,18544,49189
8/22/2022 10 a.m. EDT,30204,27317,32298,35152,99900,83261,16009,38239,21703,28135,11949,19366,50331
8/22/2022 11 a.m. EDT,32672,28944,33820,38637,102932,87082,16450,40140,22234,29371,12491,20249,52456
8/22/2022 12 p.m. EDT,34768,30471,35556,41970,106650,91082,16793,41983,22548,30868,12958,21344,54855
8/22/2022 1 p.m. EDT,35943,32176,37272,44991,110609,95044,17088,43841,22712,32199,13410,22354,56931
8/22/2022 2 p.m. EDT,36976,33864,38668,47225,114419,97977,17146,45910,23007,33315,14271,23403,58756
8/22/2022 3 p.m. EDT,37562,34982,39899,48410,117475,100524,17095,47977,23246,33870,15130,24175,60229
8/22/2022 4 p.m. EDT,37862,35598,40741,48798,119890,102043,17019,50143,23559,34445,15990,24983,61201
8/22/2022 5 p.m. EDT,39222,35818,41453,48609,122016,102986,17163,52234,23596,34745,16745,25511,61768
8/22/2022 6 p.m. EDT,41232,35802,41995,47654,122293,103858,17526,53995,23818,34761,17479,25688,61940
8/22/2022 7 p.m. EDT,43622,35375,42036,45818,119758,103832,17576,55554,23587,34145,18124,25389,61448
8/22/2022 8 p.m. EDT,46220,34212,41503,43744,115739,102360,17506,56419,23104,33212,18516,24574,59750
8/22/2022 9 p.m. EDT,48251,33212,40311,42400,112024,98857,17175,56312,22757,32684,18681,23664,57773
8/22/2022 10 p.m. EDT,49316,31315,38979,39890,107193,96238,16300,54844,21908,31408,18350,22919,56782
8/22/2022 11 p.m. EDT,48998,28814,37406,36574,101079,91247,15139,52718,20780,29424,17883,21159,55193
8/23/2022 12 a.m. EDT,47315,26314,35016,33359,95736,85842,14039,50423,19496,27418,17108,19429,52359
8/23/2022 1 a.m. EDT,45353,24380,32754,30622,90201,80702,13528,47110,18415,26050,15930,18058,49002
8/23/2022 2 a.m. EDT,42818,22969,30829,28639,86004,76661,13193,43423,17660,25152,14680,16922,46196
8/23/2022 3 a.m. EDT,39416,22084,29574,27335,83018,73597,13317,40198,17213,24619,13625,16233,44458
8/23/2022 4 a.m. EDT,36012,21624,28770,26524,81132,71738,13248,37850,16951,24219,12923,15664,43285
8/23/2022 5 a.m. EDT,33756,21576,28253,26244,81376,70232,13359,36192,17031,23989,12371,15411,42733
8/23/2022 6 a.m. EDT,31953,22204,28055,27117,84105,70817,13523,35192,17635,24494,12003,15503,42762
8/23/2022 7 a.m. EDT,30634,23735,28865,28688,89084,74061,14020,34797,18679,25872,12005,16439,44149
8/23/2022 8 a.m. EDT,29885,24640,30462,29501,92831,77828,14841,35069,19787,26685,12089,17374,46253
8/23/2022 9 a.m. EDT,30012,25651,31476,31586,96099,79974,15440,36607,20808,26896,12427,18119,47128
8/23/2022 10 a.m. EDT,31038,26805,32598,34424,99135,82352,15855,38286,21557,27762,12712,18780,47744
8/23/2022 11 a.m. EDT,32955,28304,34047,37718,102992,85821,16245,40083,22232,28864,13274,20299,49369
8/23/2022 12 p.m. EDT,35005,29961,35884,41392,108275,89684,16551,41899,22906,30302,13801,21658,51336
8/23/2022 1 p.m. EDT,36730,31603,37751,44433,113163,93722,16906,43524,23535,31831,14559,22812,53342
8/23/2022 2 p.m. EDT,37255,33272,39434,46607,117450,97239,17335,45402,24027,33508,15355,23719,55173
8/23/2022 3 p.m. EDT,38157,34469,40974,47799,120876,100303,17602,47436,24504,34798,16313,24390,57124
8/23/2022 4 p.m. EDT,39356,35514,41967,47997,123430,102354,17820,49711,24899,35630,17337,24889,58876
8/23/2022 5 p.m. EDT,41646,35983,42854,47436,125789,103798,18022,51810,25360,35962,18386,25068,60664
8/23/2022 6 p.m. EDT,44199,36011,43474,46414,126915,104860,18112,53750,25587,35755,19112,25102,62272
8/23/2022 7 p.m. EDT,46896,35340,43566,44848,124508,104887,17973,55515,25093,34825,19589,24745,63057
8/23/2022 8 p.m. EDT,49667,34040,42993,42868,119354,103182,17682,56544,24368,33679,19817,23910,62081
8/23/2022 9 p.m. EDT,51364,33002,41519,41522,115021,99745,17252,56587,23753,33170,19131,23201,60288
8/23/2022 10 p.m. EDT,51774,30969,40114,38799,109163,97123,16340,55225,22628,31842,18306,22476,59036
8/23/2022 11 p.m. EDT,51037,28414,38279,35621,101676,91731,15180,53023,21220,29692,17620,20971,57300
8/24/2022 12 a.m. EDT,49143,25935,35597,32497,95755,86200,14358,50753,19795,27753,16836,19254,54172
8/24/2022 1 a.m. EDT,47100,23945,33108,29824,90772,81190,13920,47377,18551,26273,15716,17684,50440
8/24/2022 2 a.m. EDT,44174,22596,31269,27932,86170,77245,13676,43532,17656,25577,14696,16646,47596
8/24/2022 3 a.m. EDT,40442,21807,29982,26397,82795,74212,13423,40446,17039,24769,13592,15998,45918
8/24/2022 4 a.m. EDT,37051,21220,29101,25693,80941,72445,13225,38061,16667,24170,12866,15575,44698
8/24/2022 5 a.m. EDT,34717,21328,28655,25610,80967,71878,13254,36492,16608,24090,12328,15284,44118
8/24/2022 6 a.m. EDT,33133,22212,28613,25516,83430,72799,13610,35542,17101,24723,11943,15615,43993
8/24/2022 7 a.m. EDT,31942,23687,29350,28328,88354,75842,13916,35093,18046,26175,11768,16252,44966
8/24/2022 8 a.m. EDT,31343,24382,30658,29314,92076,79611,14747,35545,19227,26739,11904,17157,47012
8/24/2022 9 a.m. EDT,31162,25334,31832,31533,96236,81291,15097,37137,20195,26999,12211,17745,47583
8/24/2022 10 a.m. EDT,32152,26684,33088,34632,99765,84249,15274,38736,20962,27862,12427,18717,48622
8/24/2022 11 a.m. EDT,33946,28702,34662,38100,103871,88042,15655,40390,21740,29109,12847,20042,50352
8/24/2022 12 p.m. EDT,35579,30971,36595,41470,109716,92065,16130,42100,22537,30501,14403,21412,52533
8/24/2022 1 p.m. EDT,37157,33023,38548,44585,115166,96035,16717,43911,23301,32007,14153,22783,54782
8/24/2022 2 p.m. EDT,38258,34674,40339,46858,120347,99554,17323,45990,23931,33345,14967,23852,57292
8/24/2022 3 p.m. EDT,39628,35785,42055,48508,124084,102597,17842,48248,24435,33837,15903,24558,59765
8/24/2022 4 p.m. EDT,41298,36438,43207,49190,127397,104832,18493,50650,25026,33852,16620,25218,61226
8/24/2022 5 p.m. EDT,43054,36804,44165,49059,129941,106029,19288,52833,25674,33759,17426,25744,62095
8/24/2022 6 p.m. EDT,45420,36528,44825,47564,130711,106926,20002,54502,26083,33498,18094,25903,62692
8/24/2022 7 p.m. EDT,47603,35715,44896,45232,128421,106654,20156,55668,25835,32790,18467,25608,62936
8/24/2022 8 p.m. EDT,49517,34443,44176,42978,122924,105065,19617,56075,24986,32075,18814,24678,61923
8/24/2022 9 p.m. EDT,50938,33384,42550,41611,118302,101399,19054,55396,24366,31623,18898,23895,60247
8/24/2022 10 p.m. EDT,51167,31425,40916,39186,111712,99064,17887,53902,23264,30615,18245,22963,59151
8/24/2022 11 p.m. EDT,50171,28974,38961,35946,103519,93780,16419,52221,21749,28770,17647,21496,56985
8/25/2022 12 a.m. EDT,48160,26548,36213,32820,97567,88016,15044,50265,20272,27171,16832,19750,53228
8/25/2022 1 a.m. EDT,46367,24669,33657,30306,92495,82877,14270,47125,18994,25916,15769,18351,49414
8/25/2022 2 a.m. EDT,43389,23317,31680,28352,87365,78631,14295,43698,18005,25222,14648,17275,46492
8/25/2022 3 a.m. EDT,39904,22490,30241,27061,83926,75389,14079,40479,17277,24478,13654,16451,44544
8/25/2022 4 a.m. EDT,36817,21992,29232,26226,81966,73213,13778,38302,16842,24082,13098,15833,43298
8/25/2022 5 a.m. EDT,34525,21973,28641,26078,81763,72329,13813,36674,16750,23940,12598,15729,42402
8/25/2022 6 a.m. EDT,32944,22783,28508,26950,84672,73117,14268,35656,17221,24457,12168,15859,42411
8/25/2022 7 a.m. EDT,31622,24359,29189,28651,89582,75331,13939,35165,18107,25788,12004,16822,43599
8/25/2022 8 a.m. EDT,31051,25222,30789,29493,94013,78951,14713,35576,19218,26878,12122,17707,45840
8/25/2022 9 a.m. EDT,31004,26071,31819,31509,97029,82118,15179,37134,20314,26869,12480,18436,46453
8/25/2022 10 a.m. EDT,31858,27242,33165,34628,99884,84725,15441,38840,21180,27704,12661,19438,47995
8/25/2022 11 a.m. EDT,33405,28782,34867,38192,105338,88147,15911,40479,22029,28539,13175,20807,50620
8/25/2022 12 p.m. EDT,35232,30265,37017,41586,111692,91753,16624,42298,22970,29517,13919,22254,54099
8/25/2022 1 p.m. EDT,37011,31739,39106,44377,117568,95667,17446,44157,23945,30633,14710,23618,57340
8/25/2022 2 p.m. EDT,38533,32968,41105,46416,122752,99503,18353,46038,24852,31521,15624,24767,60148
8/25/2022 3 p.m. EDT,39607,33661,42956,47452,126433,102490,19024,48264,25478,32449,16577,25744,62861
8/25/2022 4 p.m. EDT,41064,33757,44335,47753,128400,104690,19693,50747,26020,33284,17503,26523,64874
8/25/2022 5 p.m. EDT,43025,33667,45453,47726,129565,105946,20350,52694,26555,33502,18381,26959,66592
8/25/2022 6 p.m. EDT,45081,33160,46027,46919,129530,106742,20920,54116,26703,33201,19170,27173,67685
8/25/2022 7 p.m. EDT,47328,32443,45924,45030,126252,106062,20915,52896,26016,32618,19571,26825,67492
8/25/2022 8 p.m. EDT,49180,31415,45100,43007,121840,104180,20309,55409,25089,31976,19760,25777,66196
8/25/2022 9 p.m. EDT,50443,30839,43414,41676,118741,101239,19615,54939,24499,31595,19516,25019,63736
8/25/2022 10 p.m. EDT,50672,29255,41718,39022,113063,98567,18339,53727,23391,30663,18888,24136,61932
8/25/2022 11 p.m. EDT,49702,27105,39652,35809,105544,93448,16780,51963,21958,28876,18471,22670,59765
8/26/2022 12 a.m. EDT,47980,24961,36916,32586,100078,88060,15305,50017,20521,27122,17690,20802,56061
8/26/2022 1 a.m. EDT,45973,23252,34407,29938,95669,83171,14479,46877,19334,25710,16497,19279,52076
8/26/2022 2 a.m. EDT,43289,22127,32411,27969,90853,79056,13925,43190,18414,24910,15409,18010,48627
8/26/2022 3 a.m. EDT,39887,21311,30965,26710,87546,75893,13611,40232,17774,23994,14332,17016,46370
8/26/2022 4 a.m. EDT,36433,20893,29946,25906,85642,73936,13834,38214,17385,23605,13639,16544,44939
8/26/2022 5 a.m. EDT,34195,20967,29320,25708,85260,72933,13916,36656,17262,23506,13196,16335,43833
8/26/2022 6 a.m. EDT,32288,21677,29134,26471,87879,73634,13929,35675,17702,24132,12858,16477,43544
8/26/2022 7 a.m. EDT,31261,23106,29630,28066,92714,75938,14210,35327,18629,25600,12612,17193,44631
8/26/2022 8 a.m. EDT,30612,24047,30951,29021,96703,79053,14915,35809,19820,26032,12689,18056,46701
8/26/2022 9 a.m. EDT,30612,25078,31842,31142,100534,81481,15253,37116,21046,26412,12961,18759,47305
8/26/2022 10 a.m. EDT,31492,26522,33395,34350,103886,84213,15672,38772,22070,27646,13185,19892,48962
8/26/2022 11 a.m. EDT,33148,28368,35234,37660,109854,87743,16228,40455,22958,29365,13669,21147,52292
8/26/2022 12 p.m. EDT,35034,30426,37555,41017,116019,91562,17122,42189,24000,31282,14338,22579,55985
8/26/2022 1 p.m. EDT,37010,32527,39926,43486,121424,95256,18184,43866,24823,33189,15261,24042,59665
8/26/2022 2 p.m. EDT,37727,34568,42090,45176,125089,98806,19082,45332,25207,35018,16350,25215,62955
8/26/2022 3 p.m. EDT,39111,35924,44125,45738,127444,101915,19743,46973,25209,36447,17328,25782,65428
8/26/2022 4 p.m. EDT,40523,36887,45510,45948,129220,104044,19822,48747,25362,37183,18186,26136,67033
8/26/2022 5 p.m. EDT,42202,37291,46286,45259,129914,105396,19411,50352,25354,37667,19096,26096,67740
8/26/2022 6 p.m. EDT,44021,36871,46735,43976,129024,105950,18999,51413,25305,37687,19903,26135,68312
8/26/2022 7 p.m. EDT,46196,35582,46286,41945,125237,104867,18519,51935,24871,36645,20179,25568,67988
8/26/2022 8 p.m. EDT,48090,33679,45028,39966,119711,101822,18181,52250,24269,34945,20331,24546,66268
8/26/2022 9 p.m. EDT,49255,32391,43212,38748,115111,97585,17743,51590,23682,33566,20734,23555,63602
8/26/2022 10 p.m. EDT,49524,30463,41473,36727,109631,94431,16863,50006,22762,32135,19684,22663,61636
8/26/2022 11 p.m. EDT,48386,28417,39766,34403,103478,89531,15716,48112,21608,30212,19027,21240,59279
8/27/2022 12 a.m. EDT,46372,26145,37546,31797,98453,84635,14648,46465,20282,28359,18068,19805,56195
8/27/2022 1 a.m. EDT,44380,24464,35318,29594,92831,80513,13885,44118,19156,26553,16768,18494,53021
8/27/2022 2 a.m. EDT,41777,23182,33412,27677,88455,76707,13235,41297,18291,26202,15655,17388,50009
8/27/2022 3 a.m. EDT,38901,22184,31819,26408,84895,73450,13334,38788,17604,25100,14786,16414,47564
8/27/2022 4 a.m. EDT,35883,21426,30638,25570,82310,71257,13036,36765,17103,24211,14035,15835,45922
8/27/2022 5 a.m. EDT,33948,20952,29966,25061,80882,69991,12934,35348,16822,23786,13402,15455,44619
8/27/2022 6 a.m. EDT,32177,20824,29441,24955,80962,69384,13299,34362,16838,23621,12860,15355,43670
8/27/2022 7 a.m. EDT,30868,21124,29368,25580,81681,69949,13430,33804,17023,23794,12467,15474,43577
8/27/2022 8 a.m. EDT,30088,21636,29665,26306,83659,70052,13519,33720,17573,23659,12320,15527,43839
8/27/2022 9 a.m. EDT,29689,23603,30154,29001,89085,71925,13470,34060,18461,24492,12310,16409,44252
8/27/2022 10 a.m. EDT,29482,26061,31984,32431,94839,76038,13729,34725,19280,26507,12132,18099,46980
8/27/2022 11 a.m. EDT,30069,28606,34475,35667,98219,80949,14105,36251,20119,28999,12740,20084,50969
8/27/2022 12 p.m. EDT,31382,31142,37179,38641,103738,86259,14709,38524,20782,31907,13591,22175,55291
8/27/2022 1 p.m. EDT,32952,33640,39421,41063,109305,90852,15029,40553,21453,34263,14603,23849,59143
8/27/2022 2 p.m. EDT,33812,35489,41229,42784,113876,94693,15191,42061,21932,36024,15649,25120,62363
8/27/2022 3 p.m. EDT,34822,36717,42634,43840,117213,97718,15416,43483,22333,37039,16559,26170,64909
8/27/2022 4 p.m. EDT,35441,37509,43532,43930,119897,99933,15811,44765,22712,37653,17715,26662,66698
8/27/2022 5 p.m. EDT,36930,37819,44073,43591,121902,101281,16519,46036,23210,37772,18777,26663,67854
8/27/2022 6 p.m. EDT,38032,37604,44401,42742,122269,102502,17210,47083,23563,37380,19311,26918,68676
8/27/2022 7 p.m. EDT,39641,36525,44263,40856,119978,102135,17343,47983,23371,36222,19164,26513,69091
8/27/2022 8 p.m. EDT,41972,34748,43062,38863,115113,99656,16941,48280,22698,34483,18925,25470,67708
8/27/2022 9 p.m. EDT,43459,33367,41296,37671,111083,95923,16503,47998,22195,33242,18499,24615,64946
8/27/2022 10 p.m. EDT,44333,31325,40065,35507,105951,93469,15652,46728,21372,31805,17850,23412,62828
8/27/2022 11 p.m. EDT,43793,29099,38635,33213,99745,88595,14622,45058,20355,29952,17230,22003,60485
8/28/2022 12 a.m. EDT,42298,26820,36679,30790,94693,83816,13569,43740,19172,28054,16450,20252,57494
8/28/2022 1 a.m. EDT,40695,24856,34688,28505,90138,79847,12708,41607,18172,26170,15671,18961,54422
8/28/2022 2 a.m. EDT,38497,23318,32949,26757,86314,76679,12127,39040,17384,25233,14828,17904,51456
8/28/2022 3 a.m. EDT,36139,22314,31657,25508,82688,73769,12353,36803,16846,24262,13887,16919,49104
8/28/2022 4 a.m. EDT,33609,21543,30619,24635,80283,71584,12513,35107,16479,23492,13118,16296,47384
8/28/2022 5 a.m. EDT,31981,21200,29898,24094,78989,70200,12380,33885,16251,22892,12546,15793,45897
8/28/2022 6 a.m. EDT,30630,21117,29414,23962,78909,69606,12665,33116,16200,22591,12138,15543,44845
8/28/2022 7 a.m. EDT,29670,21167,29165,24206,79407,69495,12663,32617,16245,22574,11819,15549,44421
8/28/2022 8 a.m. EDT,28749,21535,29349,24790,81093,69411,12617,32683,16463,22323,11617,15603,44382
8/28/2022 9 a.m. EDT,28212,23180,29652,27596,85564,71639,12721,32938,17016,23811,11527,16615,44600
8/28/2022 10 a.m. EDT,27860,25407,31106,31234,91591,76424,12742,33207,17631,26166,11452,18547,47460
8/28/2022 11 a.m. EDT,28101,27834,32912,34661,97343,82046,12894,34587,18325,28542,12006,20624,51924
8/28/2022 12 p.m. EDT,28702,30161,35249,38017,104503,87990,13013,36661,19209,31234,12931,22779,56122
8/28/2022 1 p.m. EDT,30084,32406,37487,40947,111664,93642,13606,38658,19986,33688,13937,24533,60132
8/28/2022 2 p.m. EDT,30256,33997,39766,42578,117627,98413,14078,40366,20727,35524,15025,25853,63822
8/28/2022 3 p.m. EDT,30998,35122,41849,43067,122391,102135,14548,41945,21430,36805,16202,26629,66852
8/28/2022 4 p.m. EDT,31766,35837,43431,43044,125644,104753,15406,43410,22097,37813,17315,26805,69038
8/28/2022 5 p.m. EDT,32983,36099,44692,42544,128525,106366,16272,44788,22833,38417,18290,26931,70340
8/28/2022 6 p.m. EDT,34618,36095,45845,41989,129561,107373,17186,46268,23435,38543,19103,26908,70971
8/28/2022 7 p.m. EDT,36416,35555,46169,40722,127881,107473,17452,47502,23446,37978,19789,26502,71132
8/28/2022 8 p.m. EDT,38494,34641,45257,38994,123745,105463,17179,48418,23026,36473,20153,25843,69755
8/28/2022 9 p.m. EDT,40198,33787,43563,37743,120667,102800,16715,48740,22740,35186,20272,25044,67330
8/28/2022 10 p.m. EDT,41611,31721,42116,35505,115062,100383,15711,47993,21901,33462,19649,24061,65454
8/28/2022 11 p.m. EDT,42108,29243,40172,32860,108128,95340,14698,46745,20785,30777,18928,22674,62946
8/29/2022 12 a.m. EDT,41244,26682,37739,30029,102754,90158,13551,45141,19577,28321,18053,20966,58888
8/29/2022 1 a.m. EDT,39944,24742,35285,27599,98563,85592,12960,42508,18632,26369,16874,19576,54708
8/29/2022 2 a.m. EDT,37730,23348,33430,25830,94431,81838,12498,39272,18003,25378,15563,18432,50947
8/29/2022 3 a.m. EDT,35014,22381,32056,24818,91249,78816,12355,36565,17570,24535,14493,17596,48530
8/29/2022 4 a.m. EDT,32282,21875,31171,24198,89538,76872,12084,34762,17364,23906,13678,17076,47065
8/29/2022 5 a.m. EDT,30626,21998,30548,24217,89923,76250,12090,33698,17484,23782,13002,16838,46275
8/29/2022 6 a.m. EDT,29330,23083,30512,25302,93108,77493,12614,32999,18171,24438,12548,17134,46226
8/29/2022 7 a.m. EDT,28520,24870,31254,27124,99395,80611,13517,32878,19274,25989,12318,18004,47200
8/29/2022 8 a.m. EDT,28417,25614,32942,27960,104024,85183,14271,33656,20526,26699,12397,18845,49560
8/29/2022 9 a.m. EDT,28500,26702,33919,29198,109136,88441,14774,35413,21736,27631,12772,19855,50002
8/29/2022 10 a.m. EDT,29713,28388,35292,31296,114159,91744,15082,37222,22704,29221,13099,21262,51058
8/29/2022 11 a.m. EDT,31752,30405,37292,33853,119213,95774,15415,39086,23668,31403,13646,23020,53715
8/29/2022 12 p.m. EDT,33559,32341,39576,36798,124846,100642,16170,40735,24656,33618,18417,24820,57423
8/29/2022 1 p.m. EDT,35328,34167,41706,39822,130972,105113,17123,42232,25580,35791,15024,26361,60405
8/29/2022 2 p.m. EDT,36098,35620,43602,42207,135111,109260,18038,43936,26460,37502,16156,27391,63646
8/29/2022 3 p.m. EDT,36276,36455,45234,43684,136221,111913,18889,45759,27068,38820,17372,28174,66281
8/29/2022 4 p.m. EDT,37133,37056,45309,44486,137027,113085,19704,47834,27546,39815,18747,28357,67772
8/29/2022 5 p.m. EDT,38792,37384,44559,44655,138055,112546,20633,50170,27786,40337,19895,27969,68429
8/29/2022 6 p.m. EDT,40809,37189,43511,44209,138157,111413,21434,52294,27776,40289,20753,27655,68706
8/29/2022 7 p.m. EDT,42818,36575,42429,42709,135221,107803,21440,54155,27176,39420,21362,27195,68218
8/29/2022 8 p.m. EDT,45055,35368,41258,40959,129789,104444,20941,55471,26288,37977,21651,26187,66630
8/29/2022 9 p.m. EDT,46488,34585,39836,39779,125779,101295,20244,55780,25669,36788,21631,25440,64199
8/29/2022 10 p.m. EDT,47450,32282,38850,37456,118773,98472,18989,54594,24598,34937,21098,24411,62389
8/29/2022 11 p.m. EDT,46841,29380,37258,34608,110621,93039,17477,52449,23149,32344,20270,22809,59477
8/30/2022 12 a.m. EDT,45417,26904,34850,31677,104164,87699,16240,49943,21660,29967,19241,20983,55032
8/30/2022 1 a.m. EDT,43547,24979,32583,29314,99456,82890,15734,46299,20357,28273,17848,19456,51015
8/30/2022 2 a.m. EDT,40886,23809,30905,27690,94767,78734,15371,42548,19411,27054,16429,18475,48222
8/30/2022 3 a.m. EDT,37558,22992,29756,26485,91346,75759,14947,39400,18784,26029,15005,17635,46235
8/30/2022 4 a.m. EDT,34379,22432,28984,25827,89529,73938,14691,37096,18384,25284,13965,16983,45207
8/30/2022 5 a.m. EDT,32435,22396,28565,25739,89527,73150,14791,35505,18370,25092,13194,16703,44765
8/30/2022 6 a.m. EDT,30962,23205,28563,26649,92749,74062,15487,34496,18996,25675,12562,16900,44876
8/30/2022 7 a.m. EDT,30041,24998,29374,28326,98632,77146,15849,34102,20160,26817,12273,17712,46316
8/30/2022 8 a.m. EDT,29795,25793,31043,29272,102309,80461,16255,34643,21318,27271,12335,18419,48722
8/30/2022 9 a.m. EDT,29993,26638,32123,31020,104926,82165,16825,36302,22307,28016,12714,19121,49213
8/30/2022 10 a.m. EDT,30568,27854,33354,33734,107894,84341,17062,38107,23182,29085,12977,20101,50305
8/30/2022 11 a.m. EDT,32381,29537,34993,36674,112394,87835,17617,39887,24079,31037,13633,21050,52287
8/30/2022 12 p.m. EDT,34392,31773,37068,39803,117880,92195,18247,41733,25002,33622,14368,22361,54726
8/30/2022 1 p.m. EDT,37001,33925,39266,42645,122770,96546,19063,43751,25807,36077,17758,23685,56729
8/30/2022 2 p.m. EDT,37861,35986,41337,45017,126919,100349,20016,45917,26609,37971,16574,24627,58229
8/30/2022 3 p.m. EDT,38439,37629,43087,46389,129480,103288,20525,48515,27026,38827,17830,25284,59659
8/30/2022 4 p.m. EDT,39813,38878,44112,47247,130967,104952,21326,51448,27148,39044,18956,25865,60108
8/30/2022 5 p.m. EDT,41934,39398,44925,47514,130852,105910,22226,53950,27165,37977,20002,26381,60002
8/30/2022 6 p.m. EDT,44579,38976,45328,46946,129192,106193,10538,56249,27036,36497,20831,15880,44934
8/30/2022 7 p.m. EDT,47140,23391,28808,17380,125363,104727,22274,58219,26114,35139,21338,26437,58285
8/30/2022 8 p.m. EDT,49297,35823,44088,43048,120726,102048,21644,59239,25306,34058,21550,25589,56647
8/30/2022 9 p.m. EDT,50672,34590,42376,41638,116577,98378,20870,59312,24709,33529,21666,24717,55373
8/30/2022 10 p.m. EDT,51384,32297,40800,39112,110335,95308,19601,57889,23597,32151,21112,23803,55318
8/30/2022 11 p.m. EDT,50611,29739,38585,35987,102765,90135,18043,55604,21965,30122,20320,22051,53678
8/31/2022 12 a.m. EDT,48786,27317,35882,32941,97874,84556,16611,52773,20502,28143,19249,20104,50824
8/31/2022 1 a.m. EDT,46447,25536,33395,30168,93082,79491,16044,48850,19263,26603,18043,18451,47820
8/31/2022 2 a.m. EDT,43124,24103,31998,28286,88552,75620,15562,44831,18355,25604,16818,17459,45478
8/31/2022 3 a.m. EDT,40043,23214,30354,26913,85145,72723,15451,41549,17684,24711,15674,16658,43780
8/31/2022 4 a.m. EDT,36343,22596,29476,26110,83055,70990,15212,38996,17249,24237,14614,15993,42777
8/31/2022 5 a.m. EDT,34033,22416,28917,25858,82851,70041,15196,37250,17108,24082,13755,15643,42201
8/31/2022 6 a.m. EDT,32491,22974,28698,26740,85264,70821,15236,36099,17509,24492,13163,15758,42566
8/31/2022 7 a.m. EDT,31511,24526,29449,28369,90362,73801,15655,35622,18412,25776,12827,16405,44011
8/31/2022 8 a.m. EDT,31048,25251,31472,29163,93920,77334,16002,36137,19390,26766,12786,17138,46409
8/31/2022 9 a.m. EDT,31119,26319,31933,31304,96642,79157,16021,37671,20266,27355,12986,18012,46980
8/31/2022 10 a.m. EDT,31899,27798,33169,34527,99765,81758,15802,39300,20811,28957,13067,19110,48219
8/31/2022 11 a.m. EDT,33562,29860,34870,37990,102452,85307,15928,41162,21343,31135,13898,20463,50689
8/31/2022 12 p.m. EDT,35546,31695,37044,41250,105984,89888,16371,43134,21909,33449,14193,21816,53869
8/31/2022 1 p.m. EDT,38144,33449,39353,43910,109737,94332,16846,45260,22304,35825,14919,23041,57192
8/31/2022 2 p.m. EDT,39315,35275,41346,45610,113556,98874,17340,47458,22708,37435,15878,24316,59960
8/31/2022 3 p.m. EDT,40180,36764,43279,46251,116684,103193,17589,49454,23054,38841,16919,25150,62471
8/31/2022 4 p.m. EDT,41838,38086,44552,47196,119401,106414,17876,52834,23236,39824,18046,26036,64059
8/31/2022 5 p.m. EDT,44517,38822,45576,47286,122100,109072,18371,55360,23469,40297,19117,26563,64485
8/31/2022 6 p.m. EDT,47693,39116,46140,46709,122888,110344,18910,57368,23697,40158,20132,26748,63744
8/31/2022 7 p.m. EDT,51062,38318,45953,45059,120711,110083,18818,58751,23231,39089,20676,26128,62505
8/31/2022 8 p.m. EDT,26097,36488,44842,42780,115381,108238,18148,59202,22500,37352,21111,24826,60715
8/31/2022 9 p.m. EDT,26097,34799,42861,41122,111211,104099,17333,58772,21986,35753,21094,23673,58967
8/31/2022 10 p.m. EDT,26097,32316,41280,38482,105168,100911,16018,57176,20885,33524,20535,22164,57866
8/31/2022 11 p.m. EDT,26097,29310,39095,35172,98020,95023,14543,54711,19620,31009,19601,20308,55517
9/1/2022 12 a.m. EDT,52859,26512,36468,31820,92627,88927,13206,51900,18422,28466,18750,18487,52001
9/1/2022 1 a.m. EDT,50512,24326,34128,29164,87754,83456,12580,47918,17323,26681,17731,16972,48397
9/1/2022 2 a.m. EDT,47202,22875,32174,27177,83447,78691,11955,44001,16415,25647,16351,15941,45693
9/1/2022 3 a.m. EDT,43188,22023,30729,25858,80327,75520,11557,40810,15875,24495,15185,15174,43851
9/1/2022 4 a.m. EDT,39672,21395,29722,25001,78713,73150,11600,38311,15551,23854,14353,14761,42483
9/1/2022 5 a.m. EDT,37162,21401,29209,24844,78634,72035,11727,36585,15510,23499,13707,14478,41791
9/1/2022 6 a.m. EDT,35261,22103,29117,25634,81368,72832,12354,35487,15983,23873,13268,14675,41847
9/1/2022 7 a.m. EDT,33859,23698,29709,27324,85685,75626,13064,35079,16934,24958,13035,15494,42940
9/1/2022 8 a.m. EDT,33107,24340,31285,28169,89412,78713,13438,35505,17878,25683,13045,16294,45187
9/1/2022 9 a.m. EDT,33025,25232,32354,30237,93359,81332,13477,37082,18599,25872,13375,16939,46085
9/1/2022 10 a.m. EDT,33724,26403,33364,33302,97047,84299,13328,38741,19051,27427,13529,17881,47669
9/1/2022 11 a.m. EDT,35576,28117,34744,36594,100380,88551,13278,40234,19496,29415,13975,19069,50321
9/1/2022 12 p.m. EDT,37126,29974,36629,40013,105453,93569,13336,41796,19922,31899,14559,20417,53725
9/1/2022 1 p.m. EDT,39097,31938,38413,42831,110888,98765,13441,43577,20233,34469,15303,21820,56936
9/1/2022 2 p.m. EDT,40877,33791,39977,45088,116330,103605,13745,45570,20741,36713,16200,23275,59346
9/1/2022 3 p.m. EDT,42960,35096,41291,46021,120421,107824,14163,47926,21231,38303,17211,24435,61529
9/1/2022 4 p.m. EDT,45656,35788,42015,46046,124099,110706,14756,50480,21704,39288,18060,25375,61940
9/1/2022 5 p.m. EDT,48535,36204,42107,45266,127070,112451,15646,53043,22312,39625,19119,26070,60941
9/1/2022 6 p.m. EDT,51398,36100,41978,44131,127753,113200,16469,54970,22696,39150,20020,26233,60230
9/1/2022 7 p.m. EDT,26097,35454,41412,42701,125256,112098,16633,56787,22351,37996,20633,25760,60143
9/1/2022 8 p.m. EDT,26097,34085,40548,40831,119402,109042,16264,57632,21619,36510,20912,24497,59115
9/1/2022 9 p.m. EDT,26097,33006,39419,39240,114894,105233,15703,57404,21032,35333,20875,23535,57830
9/1/2022 10 p.m. EDT,26097,30674,38712,36603,108336,102333,14609,55988,19953,33691,20336,22414,57149
9/1/2022 11 p.m. EDT,26097,27907,37263,33519,100532,96591,13335,53759,18646,31324,19691,20773,55005
9/2/2022 12 a.m. EDT,26097,25441,35095,30744,94775,90846,12160,50972,17296,29097,18806,18997,51664
9/2/2022 1 a.m. EDT,51866,23374,33022,28058,89716,85405,11600,47102,16261,27176,17598,17507,48224
9/2/2022 2 a.m. EDT,48662,22053,31359,26252,85299,80921,11006,43357,15437,26177,16343,16305,45556
9/2/2022 3 a.m. EDT,44509,21356,30248,24987,81998,77575,10857,40210,14841,25275,15129,15377,43460
9/2/2022 4 a.m. EDT,40748,20894,29543,24241,80171,75346,10671,37790,14462,24549,14225,15017,42141
9/2/2022 5 a.m. EDT,38600,20877,29168,24072,79855,74016,10741,36056,14398,24262,13472,14796,41436
9/2/2022 6 a.m. EDT,36639,21756,29176,24890,81966,74441,10732,34954,14846,24795,12927,14965,41452
9/2/2022 7 a.m. EDT,35154,23280,29850,26537,86130,77116,11594,34449,15725,25998,12622,15759,42953
9/2/2022 8 a.m. EDT,34164,23895,31174,27522,89359,80108,12068,34756,16568,26250,12589,16494,44963
9/2/2022 9 a.m. EDT,33826,24924,32063,29738,92793,82478,12047,36196,17129,26740,12863,17291,45708
9/2/2022 10 a.m. EDT,34639,26609,33094,32713,95877,85028,11712,37761,17422,28287,13002,18237,47001
9/2/2022 11 a.m. EDT,36477,28775,34682,36018,99402,89157,11447,39614,17828,30075,13532,19613,49498
9/2/2022 12 p.m. EDT,38396,30938,36474,39294,103546,93799,11406,41558,18201,32007,14354,21179,52447
9/2/2022 1 p.m. EDT,41251,33022,38370,42115,108520,98311,11290,43335,18614,33967,15251,22763,55235
9/2/2022 2 p.m. EDT,43286,34719,40330,43868,113478,102284,11573,45463,19208,35666,16374,24075,57933
9/2/2022 3 p.m. EDT,45209,35715,42158,44650,117440,105681,12266,47668,19784,36665,17433,25059,60227
9/2/2022 4 p.m. EDT,47486,36306,43478,44980,120683,107718,12826,49994,20368,37234,18521,25597,61358
9/2/2022 5 p.m. EDT,49364,36723,44208,44849,122874,108935,13787,52378,21017,37076,19595,25863,61237
9/2/2022 6 p.m. EDT,51807,36648,44617,43879,122915,108696,14784,54424,21502,36299,20506,25777,61099
9/2/2022 7 p.m. EDT,26097,35797,44166,41946,119297,107095,15093,55975,21266,34979,21083,25129,60981
9/2/2022 8 p.m. EDT,26097,34123,42941,39897,113907,103527,14810,56463,20663,33563,21123,23956,59670
9/2/2022 9 p.m. EDT,26097,32762,40968,38526,110159,100104,14342,56172,20057,32624,20737,23194,57704
9/2/2022 10 p.m. EDT,26097,30725,39376,36344,104565,96935,13532,54066,19093,31189,19750,22303,56328
9/2/2022 11 p.m. EDT,26097,28443,37561,33970,98302,91975,12535,51504,18050,29532,18839,20924,54254
9/3/2022 12 a.m. EDT,52465,26289,35484,31383,92802,87047,11577,48892,16944,27956,17819,19673,51691
9/3/2022 1 a.m. EDT,50154,24234,33302,29139,88080,82272,11048,45664,15956,26505,16690,18373,48749
9/3/2022 2 a.m. EDT,47485,22811,31330,27284,84197,78550,10830,42476,15236,25887,15688,17373,46149
9/3/2022 3 a.m. EDT,44336,21713,29996,25898,81041,75117,10755,39834,14733,24824,14782,16481,44221
9/3/2022 4 a.m. EDT,40895,21015,28808,25001,79177,72720,10578,37634,14395,24138,14021,15986,42709
9/3/2022 5 a.m. EDT,38199,20626,28040,24535,78109,71192,10551,36039,14248,23348,13331,15507,41785
9/3/2022 6 a.m. EDT,36206,20611,27622,24463,78353,70569,10713,34851,14341,23293,12838,15431,41406
9/3/2022 7 a.m. EDT,34511,20895,27489,24755,79283,70840,10966,34103,14638,23466,12552,15534,41230
9/3/2022 8 a.m. EDT,33557,21268,27656,25402,80849,70815,11239,33916,15113,23375,12372,15691,41560
9/3/2022 9 a.m. EDT,32924,23012,27793,28171,85189,72097,11023,34254,15842,24206,12382,16198,42027
9/3/2022 10 a.m. EDT,32493,25542,29214,31873,90191,75461,10980,34594,16447,25898,12197,17434,44429
9/3/2022 11 a.m. EDT,33618,27942,31138,35360,94316,79678,10669,35970,17048,27950,12775,18861,47520
9/3/2022 12 p.m. EDT,35313,30098,33229,38743,98965,83560,10741,38239,17685,29963,13677,20231,51281
9/3/2022 1 p.m. EDT,37733,32009,35457,41558,103972,86736,11008,40181,18269,31932,14851,21566,54788
9/3/2022 2 p.m. EDT,39352,33294,37481,43578,107851,89509,11442,41917,18965,33474,16029,22605,57451
9/3/2022 3 p.m. EDT,42015,34204,39197,44953,111052,91684,11897,43559,19612,34583,17145,23436,59465
9/3/2022 4 p.m. EDT,44979,34713,40484,45717,113278,93279,12651,45394,20151,35240,17854,23712,60256
9/3/2022 5 p.m. EDT,47396,34983,41300,45609,114373,93624,13408,47319,20517,35428,18428,23529,60448
9/3/2022 6 p.m. EDT,49811,34821,41853,45002,113930,93510,14316,48851,20922,35104,19262,23257,59928
9/3/2022 7 p.m. EDT,51524,33934,41653,43037,111481,92694,14720,50223,20856,34253,19891,22607,58172
9/3/2022 8 p.m. EDT,52420,32497,40501,40783,107389,90547,14607,51453,20536,32793,20056,21583,55868
9/3/2022 9 p.m. EDT,53201,31422,38727,39375,104468,88223,14227,51328,20311,31830,19709,21002,54115
9/3/2022 10 p.m. EDT,26097,29535,37376,37114,100047,86095,13513,49920,19596,30404,19015,20229,52824
9/3/2022 11 p.m. EDT,53186,27749,35523,34639,95191,82344,12655,48188,18753,28724,18378,19276,51040
9/4/2022 12 a.m. EDT,51527,25945,33341,32368,90850,78692,11799,46347,17828,27316,17472,18146,48671
9/4/2022 1 a.m. EDT,49634,24095,31409,29747,86579,75164,11105,43719,16954,25589,16513,16932,46070
9/4/2022 2 a.m. EDT,46857,22647,29692,27840,83422,71896,10847,40940,16280,24670,15406,16094,43652
9/4/2022 3 a.m. EDT,43593,21719,28545,26455,80552,69364,10854,38482,15801,24155,14551,15455,41864
9/4/2022 4 a.m. EDT,40506,20862,27523,25531,78380,67513,10680,36421,15450,23551,13993,15113,40425
9/4/2022 5 a.m. EDT,38248,20496,26863,24999,77461,66171,10646,34885,15279,23144,13426,14805,39423
9/4/2022 6 a.m. EDT,36357,20415,26515,24737,77291,65510,10759,33806,15294,23120,12950,14616,38876
9/4/2022 7 a.m. EDT,34765,20615,26453,24890,77680,65425,10669,33266,15476,23232,12565,14760,38841
9/4/2022 8 a.m. EDT,33772,21064,26666,25362,79064,66226,10847,32970,15940,22807,12291,14923,38990
9/4/2022 9 a.m. EDT,32979,22457,26726,28275,82922,66967,10894,32971,16699,23698,12148,15494,39268
9/4/2022 10 a.m. EDT,32644,24435,27745,32206,88182,69614,11135,33163,17449,25230,11828,16573,41058
9/4/2022 11 a.m. EDT,33069,26532,29422,35830,91533,72371,11524,34529,18338,26557,12513,17614,43983
9/4/2022 12 p.m. EDT,34431,28194,31339,39130,96268,74752,12117,36630,19291,28208,13613,18459,47036
9/4/2022 1 p.m. EDT,37282,29815,33104,42028,101223,77189,13037,38751,20166,29727,14672,19484,50227
9/4/2022 2 p.m. EDT,40266,31075,34767,43986,105066,79251,13947,41097,21048,30750,15826,20535,53564
9/4/2022 3 p.m. EDT,43022,31938,36225,45333,107633,81090,14829,43469,21720,30981,16879,21275,56112
9/4/2022 4 p.m. EDT,45435,32618,37514,45947,109616,82342,15741,45598,22097,30860,17764,21722,57226
9/4/2022 5 p.m. EDT,47791,33080,38666,46308,110670,83338,16699,47758,22167,30844,18499,21754,55600
9/4/2022 6 p.m. EDT,49705,33145,39523,45680,110566,83871,17270,49793,22031,30676,19499,21552,54430
9/4/2022 7 p.m. EDT,51208,32538,39627,44199,108477,84417,17166,51546,21708,30072,20196,21148,53699
9/4/2022 8 p.m. EDT,52948,31509,38807,42041,105430,83560,17018,52777,21456,29168,20680,20543,52409
9/4/2022 9 p.m. EDT,26097,30536,37170,40496,103389,82325,16551,52794,21155,28786,20491,20155,51291
9/4/2022 10 p.m. EDT,26097,28723,35621,38189,99146,81000,15730,51087,20413,27770,19478,19590,50448
9/4/2022 11 p.m. EDT,26097,26911,33997,35645,94038,77941,14791,49095,19532,26396,18610,18589,48730
9/5/2022 12 a.m. EDT,52216,25139,32236,33061,90218,74271,13786,46848,18442,25020,17529,17626,46561
9/5/2022 1 a.m. EDT,50229,23584,30197,30717,86394,70991,13021,43979,17538,23701,16343,16623,44058
9/5/2022 2 a.m. EDT,47830,22371,28653,28666,83220,68025,12697,40882,16860,22993,15716,15675,41793
9/5/2022 3 a.m. EDT,44531,21617,27327,27192,80935,65879,12304,38195,16376,22572,14730,15017,40007
9/5/2022 4 a.m. EDT,41052,20985,26593,26199,79331,64576,12516,36145,16050,22001,14007,14583,38727
9/5/2022 5 a.m. EDT,38879,20799,26086,25699,78480,63895,12571,34646,15947,21723,13277,14531,37969
9/5/2022 6 a.m. EDT,36829,20995,25957,25673,78888,63962,12668,33687,16099,21924,12865,14312,37811
9/5/2022 7 a.m. EDT,35497,21325,26070,25794,80161,64629,12973,33141,16389,22274,12414,14410,38323
9/5/2022 8 a.m. EDT,34517,21684,26423,26103,80994,65216,13373,33116,16833,22564,12215,14657,38546
9/5/2022 9 a.m. EDT,33945,23135,26507,28692,84038,66197,13367,33395,17625,22813,11851,15102,38547
9/5/2022 10 a.m. EDT,33762,25241,27603,32780,87949,68866,13821,33664,18475,24252,11555,16158,40176
9/5/2022 11 a.m. EDT,34435,27171,29410,37052,92123,72457,14432,35105,19478,26173,12203,17359,43171
9/5/2022 12 p.m. EDT,36475,28618,31413,40745,97127,76023,14861,37496,20318,28171,13174,18425,46578
9/5/2022 1 p.m. EDT,39371,29556,33523,43861,101380,79411,15054,39962,20950,30132,14364,19484,50119
9/5/2022 2 p.m. EDT,41350,30497,35457,46216,104710,82440,15100,42404,21485,31953,15618,20475,53771
9/5/2022 3 p.m. EDT,44387,31010,37116,47595,106581,84584,15229,44707,21915,33468,17049,21314,57041
9/5/2022 4 p.m. EDT,47143,31167,38450,48471,107493,86529,15512,46995,22171,34412,17956,21910,59705
9/5/2022 5 p.m. EDT,50300,31215,39581,48713,108312,87850,15840,49124,22208,34701,19218,22344,61618
9/5/2022 6 p.m. EDT,53240,31408,40363,48061,108315,88878,16065,51254,22085,34109,20283,22470,62772
9/5/2022 7 p.m. EDT,26097,31034,40641,46197,106586,89236,15894,53042,21810,33148,21203,22298,62876
9/5/2022 8 p.m. EDT,26097,30547,40043,44307,105077,88243,15649,54208,21721,32044,21805,21720,61638
9/5/2022 9 p.m. EDT,26097,30079,38590,42962,103795,87323,15020,54290,21421,31519,21775,21340,59208
9/5/2022 10 p.m. EDT,26097,28648,37536,40286,99560,85765,14128,52898,20643,30148,20973,20527,57502
9/5/2022 11 p.m. EDT,26097,26666,35762,37063,94561,81741,13069,50813,19551,28046,20010,19180,54821
9/6/2022 12 a.m. EDT,26097,24585,33282,33636,90412,77228,12112,48416,18441,26109,18789,17758,50877
9/6/2022 1 a.m. EDT,26097,23449,30952,30980,87069,73049,11723,44580,17537,24525,17358,16581,47091
9/6/2022 2 a.m. EDT,51548,22308,29298,28954,84036,70109,11575,41039,16892,23897,15905,15738,44093
9/6/2022 3 a.m. EDT,47382,21758,28170,27586,82442,67996,11503,37941,16468,23095,14693,15116,42094
9/6/2022 4 a.m. EDT,43365,21486,27347,26632,81539,66619,11406,35904,16299,22571,13915,14858,40746
9/6/2022 5 a.m. EDT,40923,21796,26923,26324,82367,66531,11612,34484,16429,22511,13417,14868,40105
9/6/2022 6 a.m. EDT,39248,22915,26943,27107,85888,67288,12323,33570,17153,23245,13028,15088,40278
9/6/2022 7 a.m. EDT,37766,25041,27847,28705,92430,70960,12944,33325,18497,24507,12728,16095,41747
9/6/2022 8 a.m. EDT,36769,25967,29554,29535,96163,75914,13818,34023,19605,25512,12721,17167,43903
9/6/2022 9 a.m. EDT,36364,27079,30638,31788,97506,78858,14428,35805,20482,26522,13012,17805,44794
9/6/2022 10 a.m. EDT,37192,28666,31831,35129,99073,81232,14775,37835,20940,28179,13150,18587,46433
9/6/2022 11 a.m. EDT,39316,30438,33524,38620,101487,83567,14966,39631,21206,29771,13372,19811,49215
9/6/2022 12 p.m. EDT,42086,32399,35569,42212,104001,86833,15003,41379,21238,31886,14025,21208,52413
9/6/2022 1 p.m. EDT,46150,34353,37852,45320,106528,89937,14964,43325,21151,33753,15103,22579,55883
9/6/2022 2 p.m. EDT,48438,35948,40169,47582,109151,93522,14847,45478,21058,35497,16428,23824,59681
9/6/2022 3 p.m. EDT,50446,36829,42303,48857,110854,96591,14757,47903,20914,36693,17699,24534,62881
9/6/2022 4 p.m. EDT,26097,37579,43840,49778,111840,98358,14725,50556,20691,37512,18677,24833,65129
9/6/2022 5 p.m. EDT,26097,38099,44889,50172,112818,99584,14850,53054,20682,37869,19681,24511,66194
9/6/2022 6 p.m. EDT,26097,37950,45462,49371,112923,100286,15140,55131,20742,37862,20514,24028,66758
9/6/2022 7 p.m. EDT,26097,37251,45185,47429,111091,100101,15131,56763,20520,36996,19252,23268,66546
9/6/2022 8 p.m. EDT,26097,36213,44227,45388,108728,98567,15019,58110,20434,35607,19734,22479,65171
9/6/2022 9 p.m. EDT,26097,34961,42353,43876,107048,96331,14457,57780,20010,34671,21645,22055,62381
9/6/2022 10 p.m. EDT,26097,32627,40758,41054,102105,93984,13617,56390,19106,32969,20857,21407,60946
9/6/2022 11 p.m. EDT,26097,29864,38470,37650,95987,88824,12742,54403,17993,30471,19946,20086,58161
9/7/2022 12 a.m. EDT,26097,27194,35838,34136,91548,83668,11909,51452,16844,28163,18706,18532,54149
9/7/2022 1 a.m. EDT,26097,25151,33324,31469,87022,78586,11174,47427,15967,26341,17344,17330,49996
9/7/2022 2 a.m. EDT,52847,23853,31366,29352,83874,74808,11098,43724,15343,25783,15905,16381,46650
9/7/2022 3 a.m. EDT,49014,22838,30010,27811,81404,72147,11077,40428,14925,24890,14783,15624,44414
9/7/2022 4 a.m. EDT,45062,22229,29020,26858,80072,70649,11016,38020,14690,24286,13998,15283,42936
9/7/2022 5 a.m. EDT,42425,22184,28558,26546,80236,69778,11200,36322,14754,24089,13330,15042,42052
9/7/2022 6 a.m. EDT,40330,22942,28246,27277,83297,70185,11704,35100,15446,24508,12914,15258,41903
9/7/2022 7 a.m. EDT,38852,24528,28874,28772,89144,73060,12649,34645,16808,25792,12628,16180,43128
9/7/2022 8 a.m. EDT,37670,25256,30529,29544,92343,77267,13030,35206,17887,26367,12594,17142,45063
9/7/2022 9 a.m. EDT,37219,26221,31506,31609,94951,79613,13207,36780,18574,26843,12947,17652,45633
9/7/2022 10 a.m. EDT,37888,27804,32502,34848,95863,81748,13151,38726,18953,27980,13048,18306,46995
9/7/2022 11 a.m. EDT,39951,29790,34210,38488,96990,85390,13200,40436,19168,29417,13527,19174,49876
9/7/2022 12 p.m. EDT,42471,31909,36256,41950,99276,89560,13238,42026,19340,31580,14364,20252,53599
9/7/2022 1 p.m. EDT,45773,33993,38288,44801,101355,93467,13123,43999,19379,33849,15299,21293,57804
9/7/2022 2 p.m. EDT,48576,35642,40288,47002,103515,97186,13474,46195,19423,35682,16399,22322,61851
9/7/2022 3 p.m. EDT,50482,36220,42139,48192,104979,100666,13632,48665,19473,37005,17602,23143,65154
9/7/2022 4 p.m. EDT,52531,36210,43665,48147,106042,103164,13911,51212,19633,37779,18754,23622,66710
9/7/2022 5 p.m. EDT,26097,36055,44648,47400,107332,104844,14313,53483,19732,38108,19567,24128,66988
9/7/2022 6 p.m. EDT,26097,35430,45268,46468,107367,105423,14807,55305,19990,37701,20239,24100,66563
9/7/2022 7 p.m. EDT,26097,34503,44959,44537,105883,104635,15067,56634,19964,36681,20768,23620,65269
9/7/2022 8 p.m. EDT,26097,33344,43780,42539,103701,101674,15194,57208,19991,35110,20854,22583,63761
9/7/2022 9 p.m. EDT,26097,32328,41685,40856,101646,98346,14738,56413,19627,34196,20614,21982,61288
9/7/2022 10 p.m. EDT,26097,30230,40141,38089,96994,95417,13829,54356,18715,32451,20000,20855,59413
9/7/2022 11 p.m. EDT,26097,27851,38007,34916,91390,89978,12670,52474,17573,29983,19369,19386,56468
9/8/2022 12 a.m. EDT,26097,25504,35245,31708,87257,83570,11656,50071,16445,27594,18365,17857,52402
9/8/2022 1 a.m. EDT,26097,23606,32716,29231,83484,78661,11129,46508,15556,25673,17075,16476,48509
9/8/2022 2 a.m. EDT,51733,22333,30818,27346,80175,74656,10940,42997,14952,25014,15977,15564,45517
9/8/2022 3 a.m. EDT,47781,21541,29578,25926,77970,72050,10888,40028,14521,24038,14850,14803,43329
9/8/2022 4 a.m. EDT,44034,21009,28656,25043,76888,70000,10795,37818,14294,23367,14146,14433,41839
9/8/2022 5 a.m. EDT,41497,21105,28004,24707,77100,69157,10676,36290,14340,23048,13587,14182,41020
9/8/2022 6 a.m. EDT,39323,22040,27947,25534,80070,70130,11035,35193,14994,23237,12994,14454,40978
9/8/2022 7 a.m. EDT,38110,23915,28570,27221,85175,73196,12003,34893,16255,24542,12696,15273,42328
9/8/2022 8 a.m. EDT,36996,24660,30085,28099,88824,77023,12645,35561,17234,25484,12760,16171,44497
9/8/2022 9 a.m. EDT,36653,25275,30934,29803,91963,78791,12566,37301,17816,26155,13147,16627,45127
9/8/2022 10 a.m. EDT,37723,26097,31932,32325,93903,81135,12263,39218,18210,27362,13322,17492,46320
9/8/2022 11 a.m. EDT,40016,27079,33530,35122,94763,84307,12021,41003,18443,28557,13468,18471,48896
9/8/2022 12 p.m. EDT,41961,28067,35550,37403,97004,88124,11935,42590,18650,30475,13934,19615,52584
9/8/2022 1 p.m. EDT,44102,29055,37583,39061,99777,92023,12000,44110,18847,32281,14677,20659,56429
9/8/2022 2 p.m. EDT,45719,30248,39586,40057,102597,95919,12307,45787,19348,33987,15509,21748,59972
9/8/2022 3 p.m. EDT,47246,31229,41486,39906,105274,99780,12648,47439,19740,35125,16495,22631,62903
9/8/2022 4 p.m. EDT,49555,32036,42863,39407,107909,102127,13232,48450,20297,35663,17713,23190,64496
9/8/2022 5 p.m. EDT,51936,32571,43886,38629,110539,104190,14143,49981,20932,35964,18747,23784,65489
9/8/2022 6 p.m. EDT,26097,32446,44544,37357,111669,105158,15082,51061,21440,35810,19297,23982,65855
9/8/2022 7 p.m. EDT,26097,31819,44169,36001,109892,104136,15367,51787,21295,34574,19557,23482,65672
9/8/2022 8 p.m. EDT,26097,30792,42932,35121,106432,100849,15281,52082,20831,33337,19602,22482,64008
9/8/2022 9 p.m. EDT,26097,30071,40937,34338,103774,97373,14762,51351,20250,32576,19262,21725,61634
9/8/2022 10 p.m. EDT,26097,28225,39428,32512,98488,94416,13770,49847,19191,31242,18758,20815,59690
9/8/2022 11 p.m. EDT,26097,25961,37219,30139,92960,89120,12613,48364,17894,29100,18283,19211,56615
9/9/2022 12 a.m. EDT,26097,23872,34583,27705,87601,83396,11549,46463,16633,27018,17614,17738,52720
9/9/2022 1 a.m. EDT,26097,22157,32317,25428,82855,77807,11046,43446,15635,25636,16637,16388,48541
9/9/2022 2 a.m. EDT,51944,21083,30253,23930,79451,74895,10664,40280,14910,24732,15398,15451,45322
9/9/2022 3 a.m. EDT,48274,20392,29041,23046,76951,72081,10532,37479,14439,23837,14436,14701,42905
9/9/2022 4 a.m. EDT,44447,19973,28132,22576,75474,70163,10400,35396,14165,23244,13864,14353,41253
9/9/2022 5 a.m. EDT,41889,20039,27498,22662,75656,69291,10543,34128,14182,23060,13256,14158,40366
9/9/2022 6 a.m. EDT,39821,20860,27370,23687,78409,69610,10777,33211,14769,23652,12838,14400,40209
9/9/2022 7 a.m. EDT,38414,22385,27966,25486,83290,71649,11710,33048,15903,24927,12676,15256,41552
9/9/2022 8 a.m. EDT,37903,22978,29475,26412,86629,75604,12335,33549,16816,25783,12868,16084,43676
9/9/2022 9 a.m. EDT,37602,23240,30367,28323,88786,77832,12294,35229,17412,25947,13260,16576,44548
9/9/2022 10 a.m. EDT,38424,23817,31203,31068,91091,80156,11966,37011,17667,26842,13208,17415,46004
9/9/2022 11 a.m. EDT,40263,24769,32640,34099,94209,83398,11669,38290,17976,27807,13313,18555,48854
9/9/2022 12 p.m. EDT,42025,25709,34425,37169,97531,87212,11620,39002,18325,28718,13712,19705,52573
9/9/2022 1 p.m. EDT,44013,26681,36439,39553,101379,90988,11878,39895,18804,29579,14481,20911,55918
9/9/2022 2 p.m. EDT,45952,27666,38225,40373,105730,94748,12306,40649,19434,30097,15283,22110,59430
9/9/2022 3 p.m. EDT,47413,28538,39965,39996,109381,97838,12895,41568,19983,30223,15565,22953,62019
9/9/2022 4 p.m. EDT,49093,29353,41095,39055,112453,99712,13766,42461,20670,30092,16948,23585,64046
9/9/2022 5 p.m. EDT,51507,30098,41929,38338,114940,100716,14776,43395,21302,29960,17816,23763,65374
9/9/2022 6 p.m. EDT,53427,30155,42281,37706,115601,100995,15579,44260,21629,29891,18380,23514,66020
9/9/2022 7 p.m. EDT,53556,29705,41574,36640,112356,99804,15626,45088,21302,29194,18447,22712,65265
9/9/2022 8 p.m. EDT,52917,28816,40130,35622,107140,96117,15514,45635,20831,28468,18181,21776,63052
9/9/2022 9 p.m. EDT,52036,28163,38011,34712,103166,92365,14920,44967,20183,28212,17358,21306,59916
9/9/2022 10 p.m. EDT,50833,26792,36544,33020,97690,89028,14066,43802,19150,27408,16492,20384,57582
9/9/2022 11 p.m. EDT,49439,25337,34824,31102,91861,84586,13056,42718,17964,26303,15922,19289,54928
9/10/2022 12 a.m. EDT,48157,23636,32920,29107,87154,79443,12033,41325,16793,24915,15140,18122,52054
9/10/2022 1 a.m. EDT,46191,22118,30917,27020,83055,75332,11266,39470,15820,23963,14341,17004,48765
9/10/2022 2 a.m. EDT,43920,20934,29174,25518,79594,72556,11021,37145,15094,23161,13578,16081,45738
9/10/2022 3 a.m. EDT,41294,20148,27909,24513,76654,70533,10942,35081,14535,22275,12807,15397,43329
9/10/2022 4 a.m. EDT,38367,19679,26894,23899,74982,68618,10725,33499,14182,21728,12289,14865,41412
9/10/2022 5 a.m. EDT,36051,19650,26338,23585,74256,67428,10680,32479,14033,21492,11893,14577,40145
9/10/2022 6 a.m. EDT,34597,19848,26009,23695,74682,67315,10872,31810,14114,21575,11691,14516,39408
9/10/2022 7 a.m. EDT,33137,20348,26082,24294,76385,68203,11003,31246,14453,22013,11414,14681,39335
9/10/2022 8 a.m. EDT,32493,20911,26480,25157,77325,69411,11024,31442,14899,22256,11305,15046,39695
9/10/2022 9 a.m. EDT,32217,21988,26672,27833,80865,70195,11217,31979,15524,22935,11309,15484,40277
9/10/2022 10 a.m. EDT,32476,23221,27843,31455,84087,73058,11236,32648,16044,23966,11073,16301,42460
9/10/2022 11 a.m. EDT,33258,24214,29215,35007,86248,76728,11550,33891,16608,25149,11386,17055,46026
9/10/2022 12 p.m. EDT,33964,24844,30699,38030,89448,80775,11869,35323,17269,26450,12046,17556,50276
9/10/2022 1 p.m. EDT,35933,25577,32069,39907,93301,84814,12365,36328,17974,27242,12667,17911,54108
9/10/2022 2 p.m. EDT,36920,26096,33348,40901,96846,88107,13003,36484,18664,27993,13523,18065,57500
9/10/2022 3 p.m. EDT,37629,26815,34423,40672,100156,90764,13736,37511,19267,28510,14429,18126,60129
9/10/2022 4 p.m. EDT,38307,27471,35047,39861,102617,92941,14525,38425,19967,28749,15284,18299,62209
9/10/2022 5 p.m. EDT,39011,27784,35463,39441,104219,94254,15456,39321,20602,29055,16263,18503,63905
9/10/2022 6 p.m. EDT,39444,28044,35404,38786,103693,94746,16257,40616,20887,29025,16889,18561,64743
9/10/2022 7 p.m. EDT,40127,27854,35029,37562,101709,93927,16358,41616,20478,28760,17464,18567,64408
9/10/2022 8 p.m. EDT,40843,27650,33976,36282,99755,91486,16107,42336,20146,28292,17794,18379,62713
9/10/2022 9 p.m. EDT,40799,27425,32668,35350,97928,89004,15499,42410,19689,28068,17663,18515,60176
9/10/2022 10 p.m. EDT,40989,26439,31723,33627,94239,86578,14616,41749,18986,27097,16887,18048,57920
9/10/2022 11 p.m. EDT,41118,25221,30479,31625,89933,82307,13589,40888,18124,25851,16224,17370,54940
9/11/2022 12 a.m. EDT,41231,23711,29080,29420,86928,77852,12636,39588,17228,24557,15351,16568,51877
9/11/2022 1 a.m. EDT,40443,22490,27498,27451,82666,73541,12169,37587,16290,23496,14538,15670,48812
9/11/2022 2 a.m. EDT,39290,21573,26229,25887,80074,71031,11641,35527,15639,22895,13863,14885,46037
9/11/2022 3 a.m. EDT,37423,21110,25316,24772,78058,69362,11469,33628,15167,22198,13095,14325,43906
9/11/2022 4 a.m. EDT,35366,20633,24731,23981,76649,67779,11420,32148,14827,21689,12578,13969,42126
9/11/2022 5 a.m. EDT,33873,20514,24300,23508,75995,66488,11399,31065,14659,21391,12080,13807,40865
9/11/2022 6 a.m. EDT,32416,20683,24096,23390,76238,66007,11494,30354,14714,21248,11604,13772,39802
9/11/2022 7 a.m. EDT,31215,21122,24095,23687,77239,66510,11416,30064,14946,21196,11284,13957,39626
9/11/2022 8 a.m. EDT,30630,21609,24319,24302,78393,67317,11704,30071,15301,21468,11157,14210,39328
9/11/2022 9 a.m. EDT,30382,23085,24500,27372,81375,68439,11857,30467,15979,22538,11075,14902,39396
9/11/2022 10 a.m. EDT,30211,24663,25320,31349,83375,70122,12057,30905,16732,23848,10829,16007,41262
9/11/2022 11 a.m. EDT,30947,26005,26305,35228,86151,72920,12555,31920,17350,25403,11411,16842,44570
9/11/2022 12 p.m. EDT,32136,27719,27187,38989,88695,75853,13244,33314,17874,27240,12086,17661,47861
9/11/2022 1 p.m. EDT,33360,29643,28385,42134,91510,78514,13677,34630,18167,29139,12977,18705,51218
9/11/2022 2 p.m. EDT,34364,31085,29381,44040,92884,80864,13973,35837,18319,30610,13982,19779,54354
9/11/2022 3 p.m. EDT,35373,32083,30281,44860,93757,82414,14265,36994,18397,31931,15018,20584,57051
9/11/2022 4 p.m. EDT,37258,33214,31213,45170,94616,83475,14544,38139,18575,32786,16118,21081,59236
9/11/2022 5 p.m. EDT,39160,33875,32090,45165,95916,84660,14900,39210,18804,33477,16933,21223,61089
9/11/2022 6 p.m. EDT,41185,34161,32958,43971,97867,85784,15343,40550,19057,33872,17670,21404,61918
9/11/2022 7 p.m. EDT,43351,33501,33337,43301,97665,86185,15549,42049,19056,33321,18519,21200,61901
9/11/2022 8 p.m. EDT,44980,32732,32988,40175,97555,84968,15650,43340,19193,32312,19120,20575,60386
9/11/2022 9 p.m. EDT,44898,31881,32024,38980,96957,84278,15163,43836,18965,31753,18997,20245,57909
9/11/2022 10 p.m. EDT,45193,30189,31376,36323,93113,82182,14280,43299,18295,30082,18331,19453,56662
9/11/2022 11 p.m. EDT,44833,27717,29863,33363,88550,78042,13217,42683,17396,28032,17726,18248,53996
9/12/2022 12 a.m. EDT,44080,25591,27990,30399,85177,73732,12255,41126,16474,25921,16722,16999,50267
9/12/2022 1 a.m. EDT,42572,24006,26233,28025,81489,69961,11870,38526,15775,24388,15067,15682,46510
9/12/2022 2 a.m. EDT,40644,22860,25095,26170,79858,67453,11854,35883,15296,23712,13879,14761,43369
9/12/2022 3 a.m. EDT,37765,22058,24293,24920,78194,66006,11639,33756,15052,22948,12849,14165,41140
9/12/2022 4 a.m. EDT,35388,21639,23893,24194,77575,64876,11589,32232,14945,22551,12196,13888,39789
9/12/2022 5 a.m. EDT,33722,21631,23663,24097,78436,64396,11842,31279,15081,22465,11768,13809,38986
9/12/2022 6 a.m. EDT,32755,22643,23906,25042,81534,65705,12145,30709,15867,23101,11401,14102,39168
9/12/2022 7 a.m. EDT,31888,24400,24936,26690,86111,68397,13136,30745,17277,24533,11256,15064,40456
9/12/2022 8 a.m. EDT,31178,25142,26570,27608,90108,72199,13986,31756,18374,25390,11404,15884,42613
9/12/2022 9 a.m. EDT,31130,26127,27518,29743,92318,74552,14239,33639,19130,26014,11865,16378,43120
9/12/2022 10 a.m. EDT,32222,27475,28321,33000,94658,76011,14313,35695,19609,26811,12097,17040,44305
9/12/2022 11 a.m. EDT,34628,29528,29190,36529,97263,78052,14603,36931,20015,28311,12392,17631,46458
9/12/2022 12 p.m. EDT,36474,31584,30261,39961,99947,79842,14961,37843,20371,29879,12748,18223,49516
9/12/2022 1 p.m. EDT,38557,33672,31291,42857,103053,81759,14960,38655,20639,31673,13348,18913,52768
9/12/2022 2 p.m. EDT,40091,35177,32475,44868,106416,83571,15305,39363,20927,33225,14139,19477,56009
9/12/2022 3 p.m. EDT,40628,35974,33857,45467,108567,85282,15651,40557,21153,34392,15092,20141,59104
9/12/2022 4 p.m. EDT,41450,35995,35184,44890,109788,86204,16209,41737,21850,35039,15953,20602,61715
9/12/2022 5 p.m. EDT,42457,36103,36528,43872,110625,86759,16837,43082,22657,35346,16903,21032,63677
9/12/2022 6 p.m. EDT,44062,35964,37636,42907,110321,87424,17406,44352,23207,35145,17369,21146,65065
9/12/2022 7 p.m. EDT,45070,35250,37908,41311,107879,87282,17596,45474,22947,34052,17512,20775,65008
9/12/2022 8 p.m. EDT,46321,34012,37387,39827,105725,86181,17605,46332,22583,32520,17659,19774,63010
9/12/2022 9 p.m. EDT,46841,32802,35860,38741,103718,84886,17019,46050,21916,31698,17503,19321,60341
9/12/2022 10 p.m. EDT,46754,30633,34701,36379,98330,82745,15962,44987,20846,29872,17045,18696,58634
9/12/2022 11 p.m. EDT,45903,28056,32863,33372,91947,78421,14691,43975,19567,27443,16586,17270,55428
9/13/2022 12 a.m. EDT,44896,25650,30787,30292,86579,74072,13661,43440,18309,25253,15798,15826,51053
9/13/2022 1 a.m. EDT,43032,23805,28489,27769,82564,70673,12969,39737,17278,23665,14732,14657,46975
9/13/2022 2 a.m. EDT,40804,22396,26861,25868,80461,68206,12628,36763,16644,22712,13760,13895,43894
9/13/2022 3 a.m. EDT,37760,21415,25915,24617,78687,66271,12504,34462,16171,22012,12745,13401,41654
9/13/2022 4 a.m. EDT,34934,20887,25303,23858,77612,64978,12412,33822,15945,21382,12211,12906,40303
9/13/2022 5 a.m. EDT,32954,20822,25066,23682,77940,64534,12573,32658,15978,21176,11771,12984,39545
9/13/2022 6 a.m. EDT,31486,21627,25055,24639,80829,65651,12837,32059,16502,21662,11428,13305,39317
9/13/2022 7 a.m. EDT,30557,23314,25879,26472,85058,68194,13868,32073,17829,22694,11260,14288,40615
9/13/2022 8 a.m. EDT,30164,23939,27488,27407,88319,71506,14811,32822,18887,22943,11408,15171,42841
9/13/2022 9 a.m. EDT,30312,24506,28226,29365,91163,73035,15385,34557,19687,23402,11883,15616,43301
9/13/2022 10 a.m. EDT,31415,25544,28894,32219,92962,74243,15669,36607,20271,24187,12062,16065,44461
9/13/2022 11 a.m. EDT,33238,26736,30040,35381,94102,76001,15711,37751,20706,25311,12248,16581,46815
9/13/2022 12 p.m. EDT,34844,28180,31662,37967,96346,78277,15744,38479,21134,26473,12606,17246,50221
9/13/2022 1 p.m. EDT,36270,29692,33242,39601,98709,80588,15866,39342,21521,27648,13031,17938,53667
9/13/2022 2 p.m. EDT,37615,31012,35092,40921,101123,83168,16130,40157,21975,29008,13776,18771,57230
9/13/2022 3 p.m. EDT,37854,32054,37196,41461,103250,85445,16218,40663,22364,30239,14785,19557,60580
9/13/2022 4 p.m. EDT,38755,32931,39013,42587,105016,87350,16569,41850,22793,31369,15579,20408,62990
9/13/2022 5 p.m. EDT,39431,33513,40375,43668,106111,89076,16960,42981,23156,32139,16392,21123,65006
9/13/2022 6 p.m. EDT,40201,33353,41305,43964,106393,90232,17408,43563,23264,32363,17058,21467,66256
9/13/2022 7 p.m. EDT,41198,32346,41276,42778,104094,90443,17527,43945,22706,31572,17177,21246,66139
9/13/2022 8 p.m. EDT,42275,30989,40215,41102,101144,89105,17464,44200,22111,30107,17319,20395,64258
9/13/2022 9 p.m. EDT,42507,29734,38546,39609,98974,87564,16918,44112,21123,29296,16904,20059,61573
9/13/2022 10 p.m. EDT,42436,27546,37390,36614,93376,85338,15866,43764,19781,27716,16332,19148,59525
9/13/2022 11 p.m. EDT,42062,24988,35315,33258,87563,81021,14553,43288,18395,25457,15913,17827,56458
9/14/2022 12 a.m. EDT,41412,22727,32756,30076,83151,76390,13245,41893,17004,23425,15082,16438,52188
9/14/2022 1 a.m. EDT,39837,20988,30310,27401,78895,72072,12470,39311,15889,22176,14061,15066,48019
9/14/2022 2 a.m. EDT,37887,19877,28532,25553,75360,68882,11903,36979,15110,20971,13217,14161,44591
9/14/2022 3 a.m. EDT,35334,19233,27399,24244,73603,66408,11649,34901,14550,20177,12519,13616,42234
9/14/2022 4 a.m. EDT,32743,18814,26562,23455,72524,64928,11358,33207,14296,20062,11917,13324,40606
9/14/2022 5 a.m. EDT,31109,18904,26089,23443,72914,64640,11390,32094,14260,20042,11422,13225,39536
9/14/2022 6 a.m. EDT,29862,19702,26034,24490,76036,65481,11965,31371,14859,20735,11096,13479,39346
9/14/2022 7 a.m. EDT,28997,21514,26807,26367,81400,68122,12571,31159,16104,21688,10957,14328,40570
9/14/2022 8 a.m. EDT,28708,22017,28412,27203,84599,71481,13110,32061,16979,22700,11084,15236,42751
9/14/2022 9 a.m. EDT,29118,22659,29282,28731,86735,73734,12883,33954,17451,23066,11405,15694,43360
9/14/2022 10 a.m. EDT,30135,23596,29971,31043,87537,75599,12546,35972,17764,23669,11525,16290,44482
9/14/2022 11 a.m. EDT,32095,24454,31104,33659,88427,77575,12468,37144,18077,24835,11659,17051,47124
9/14/2022 12 p.m. EDT,33393,25328,32862,35847,90904,80077,12652,37664,18371,26293,12020,17921,50299
9/14/2022 1 p.m. EDT,34429,26752,34726,37051,93479,82908,13035,38445,18759,27809,12462,18864,53464
9/14/2022 2 p.m. EDT,35257,28123,36713,37893,96987,86422,13615,39102,19292,29492,13186,19834,56626
9/14/2022 3 p.m. EDT,35082,29595,38757,38418,99901,89974,14060,39978,19759,31141,13926,20772,59729
9/14/2022 4 p.m. EDT,35061,30718,40193,38867,102881,92652,14531,40814,20312,32610,14798,21439,62232
9/14/2022 5 p.m. EDT,35730,31454,41336,39134,105325,94995,15410,41764,20920,33561,15644,21952,64035
9/14/2022 6 p.m. EDT,35970,31540,41738,38779,106596,96529,16211,42524,21311,33640,16357,22289,65110
9/14/2022 7 p.m. EDT,37369,30722,41326,37555,104529,96251,16359,42898,21013,32815,16650,21992,64729
9/14/2022 8 p.m. EDT,38496,29514,40042,36268,101797,94150,16328,43020,20776,31307,16982,20979,62432
9/14/2022 9 p.m. EDT,39301,28604,38306,35201,99698,91738,15658,42707,20198,30394,16992,20312,59640
9/14/2022 10 p.m. EDT,39552,26482,37083,33120,94266,88652,14598,42230,19237,28835,16608,19465,57887
9/14/2022 11 p.m. EDT,39710,24113,35051,30437,88399,83194,13340,41896,17985,26748,16034,18069,54751
9/15/2022 12 a.m. EDT,39303,21798,32665,27742,84181,78227,12231,40639,16787,24477,15277,16540,50852
9/15/2022 1 a.m. EDT,38028,20375,30404,25425,79732,74266,11739,38330,15807,22674,14337,15225,46783
9/15/2022 2 a.m. EDT,36074,19339,28608,23791,76353,70661,11229,35772,15149,21734,13325,14337,43631
9/15/2022 3 a.m. EDT,33839,18761,27522,22765,74340,68185,11001,33651,14654,21263,12482,13767,41363
9/15/2022 4 a.m. EDT,31470,18437,26781,22132,73352,66560,10995,32297,14332,21123,11779,13451,39839
9/15/2022 5 a.m. EDT,29848,18625,26253,22061,73623,65940,10825,31372,14271,21120,11251,13355,38979
9/15/2022 6 a.m. EDT,28710,19429,26152,23211,76610,65931,11404,30936,14788,21417,10931,13702,38599
9/15/2022 7 a.m. EDT,28044,21216,26818,25196,81119,68847,12116,30824,15900,22739,10753,14551,39781
9/15/2022 8 a.m. EDT,27530,21806,28549,26187,84626,72579,12513,31660,16643,23340,10816,15445,41983
9/15/2022 9 a.m. EDT,27892,22361,29412,27646,86410,74922,12131,33565,16817,23639,11148,15837,42625
9/15/2022 10 a.m. EDT,29229,23326,29995,30189,88308,76941,11534,35717,16754,24700,10963,16486,43918
9/15/2022 11 a.m. EDT,31215,24504,31102,33256,90056,79486,11064,37165,16700,26118,11785,17308,46510
9/15/2022 12 p.m. EDT,32486,25737,32624,35859,92025,82814,10879,37920,16700,27750,11978,18230,49669
9/15/2022 1 p.m. EDT,33477,26972,34289,37495,94230,86158,10858,38486,16727,29305,12476,19297,52982
9/15/2022 2 p.m. EDT,33799,28384,35857,38560,97653,89964,11048,39119,16875,31091,13340,20386,56164
9/15/2022 3 p.m. EDT,33341,29602,37663,39551,100636,93901,11337,39663,17086,32414,14188,21483,59263
9/15/2022 4 p.m. EDT,32948,30807,39035,40345,103170,96539,11877,40607,17593,33506,15072,22439,61639
9/15/2022 5 p.m. EDT,33417,31670,40021,40524,105790,98745,12730,41402,18203,34110,16075,23018,63546
9/15/2022 6 p.m. EDT,33944,31693,40316,39883,106344,99883,13800,42097,18755,33966,16918,23275,64817
9/15/2022 7 p.m. EDT,34904,30886,39784,38282,104031,99169,14246,42899,18764,33020,17461,22776,64636
9/15/2022 8 p.m. EDT,36042,29702,38646,37021,100988,96508,14288,43299,18668,31424,17861,21739,62598
9/15/2022 9 p.m. EDT,37597,28752,37181,35854,98757,94177,13734,43118,18140,30589,17890,21225,60013
9/15/2022 10 p.m. EDT,38209,26715,36003,33562,93127,90906,12835,42538,17198,28744,17313,20189,58545
9/15/2022 11 p.m. EDT,38348,24386,34219,30854,87112,85802,11697,41904,16021,26550,16670,18655,55906
9/16/2022 12 a.m. EDT,38064,22246,32043,28127,82722,80474,10888,40392,14889,24610,15773,17215,52505
9/16/2022 1 a.m. EDT,36883,20526,29845,25847,78087,76366,10186,38163,14085,23017,14671,15876,48880
9/16/2022 2 a.m. EDT,35288,19580,28398,24212,74849,72692,9950,35635,13510,22066,13617,14918,45919
9/16/2022 3 a.m. EDT,33092,18983,27195,23086,72799,70029,9977,33465,13101,21447,12627,14284,43667
9/16/2022 4 a.m. EDT,30825,18691,26451,22503,71660,68224,9917,31926,12974,21064,11972,13888,42265
9/16/2022 5 a.m. EDT,29463,18682,25917,22521,71983,67272,10096,31031,13059,20692,11386,13762,41530
9/16/2022 6 a.m. EDT,28366,19526,25933,23522,74691,67559,10509,30538,13705,21226,10931,13840,41483
9/16/2022 7 a.m. EDT,27451,21169,26601,25416,79962,70345,11351,30528,14910,22605,10727,14729,42796
9/16/2022 8 a.m. EDT,27221,21740,28166,26457,83507,74662,11906,31260,15737,22930,10794,15641,44926
9/16/2022 9 a.m. EDT,27460,22447,29265,28157,84711,77196,11700,32788,16138,23551,11153,16000,45715
9/16/2022 10 a.m. EDT,28576,23675,30034,30525,86338,79070,11239,34790,16200,24738,11236,16770,47045
9/16/2022 11 a.m. EDT,30325,24963,31273,33389,88148,82145,10951,36141,16123,26138,11632,17733,50042
9/16/2022 12 p.m. EDT,31549,26243,32864,36243,90491,85781,10740,37072,16241,27583,12122,18934,53798
9/16/2022 1 p.m. EDT,32022,27426,34550,38346,93130,89621,10725,37672,16395,29032,12754,20169,57283
9/16/2022 2 p.m. EDT,32730,28828,36192,39685,96614,93555,10811,38520,16717,30412,13565,21188,60435
9/16/2022 3 p.m. EDT,32241,29983,37979,39967,99980,96906,10867,39181,17100,31551,14503,22066,63523
9/16/2022 4 p.m. EDT,32210,31053,39092,39497,102821,99092,11426,39783,17568,32601,15476,22698,65474
9/16/2022 5 p.m. EDT,32430,31571,39967,38625,105346,100300,12266,40608,18097,33074,16426,23284,66229
9/16/2022 6 p.m. EDT,33447,31566,40423,37351,105796,100793,13242,40871,18400,32929,17161,23271,66659
9/16/2022 7 p.m. EDT,34908,30417,40209,35921,102812,99333,13673,41458,18298,31821,17691,22777,66486
9/16/2022 8 p.m. EDT,36367,28834,38993,34821,99135,95715,13730,41955,18267,30146,18083,21327,64684
9/16/2022 9 p.m. EDT,37700,27611,37464,33620,96040,92408,13204,41227,17748,29059,17963,20521,62083
9/16/2022 10 p.m. EDT,38234,25753,36162,31838,91295,89034,12496,40419,17028,27536,17260,19462,60299
9/16/2022 11 p.m. EDT,38165,23976,34505,29830,86181,85671,11577,40059,16085,25872,16323,18292,57944
9/17/2022 12 a.m. EDT,37641,22078,32812,27790,82091,82702,10681,38673,15169,24362,15389,17118,54999
9/17/2022 1 a.m. EDT,36367,20473,30956,25890,78275,75583,10037,36795,14435,22877,14409,15730,51952
9/17/2022 2 a.m. EDT,34628,19351,29404,24311,75346,72380,9639,34744,13868,21797,13477,14651,49030
9/17/2022 3 a.m. EDT,32637,18590,28211,23317,72883,70195,9868,32887,13480,20928,12605,13910,46758
9/17/2022 4 a.m. EDT,30691,17986,27316,22682,71290,68250,9773,31397,13260,20757,11883,13603,45070
9/17/2022 5 a.m. EDT,29167,17851,26793,22440,70746,67082,9527,30501,13185,20493,11309,13238,43891
9/17/2022 6 a.m. EDT,27769,18092,26477,22695,71481,66869,9642,29857,13373,20457,10808,13283,43186
9/17/2022 7 a.m. EDT,26834,18528,26570,23306,73104,67654,9914,29633,13790,20859,10532,13394,43336
9/17/2022 8 a.m. EDT,26261,19033,27004,24129,74166,68859,10208,29882,14276,20967,10421,13655,43649
9/17/2022 9 a.m. EDT,26190,20251,27450,26215,76994,70498,10007,30397,14789,21928,10468,14277,44221
9/17/2022 10 a.m. EDT,26660,21717,28762,29348,80038,72881,9716,30989,15051,23243,10284,15294,46584
9/17/2022 11 a.m. EDT,27267,23273,30657,32392,83791,76831,9356,32169,15110,24685,10574,16486,50465
9/17/2022 12 p.m. EDT,27824,24644,32564,35018,86776,81193,9334,33672,15353,26684,11222,17729,54205
9/17/2022 1 p.m. EDT,28761,25885,34708,37536,90565,85469,9460,34530,15606,28423,11912,18978,57898
9/17/2022 2 p.m. EDT,29519,27141,36754,39390,94535,89617,9569,35299,15886,30024,12794,20012,61396
9/17/2022 3 p.m. EDT,28983,28378,38567,39716,97982,92515,9836,36174,16297,31271,13835,20898,64160
9/17/2022 4 p.m. EDT,28420,29316,39965,39157,100723,94747,10066,36858,16776,32177,14818,21611,66106
9/17/2022 5 p.m. EDT,28072,30093,40965,38288,102337,96374,11064,37504,17351,32603,15664,22205,67248
9/17/2022 6 p.m. EDT,28266,30102,41433,36978,102606,97288,12210,38187,17930,32523,16529,22357,67588
9/17/2022 7 p.m. EDT,29449,29111,41308,35449,100270,96304,12804,38834,18066,31641,17301,21853,67096
9/17/2022 8 p.m. EDT,30929,27740,40317,34322,97423,93577,13001,39403,18184,29988,17879,20721,65401
9/17/2022 9 p.m. EDT,32130,26689,38700,33378,95028,91062,12590,39105,17874,29084,17848,19904,62570
9/17/2022 10 p.m. EDT,33148,25089,37563,31677,91036,87907,11999,38723,17251,27358,17100,18768,60611
9/17/2022 11 p.m. EDT,33770,23281,35934,29652,87062,83611,11278,38484,16487,25626,16047,17644,58035
9/18/2022 12 a.m. EDT,33823,21558,34211,27397,83237,78934,10554,37366,15663,24045,15036,16439,55072
9/18/2022 1 a.m. EDT,32847,20029,32415,25262,79321,75069,9973,35544,14908,22378,13999,15153,51993
9/18/2022 2 a.m. EDT,31609,18941,30853,23631,75867,72621,9613,33841,14364,21031,13105,14362,49170
9/18/2022 3 a.m. EDT,30207,18173,29528,22409,73126,70030,9369,32113,13953,20485,12177,13771,46806
9/18/2022 4 a.m. EDT,28761,17778,28616,21587,71349,67939,9258,30751,13699,20505,11415,13306,44744
9/18/2022 5 a.m. EDT,27624,17631,27908,21110,70350,66708,9303,29827,13569,20184,10956,13078,43463
9/18/2022 6 a.m. EDT,26691,17674,27440,21044,69875,65511,9495,29071,13656,20125,10485,12930,42660
9/18/2022 7 a.m. EDT,25903,18127,27099,21477,70555,65528,9845,28815,13921,20408,10181,13121,42539
9/18/2022 8 a.m. EDT,25442,18552,27164,22283,71632,66414,10156,28920,14282,20128,9970,13384,42353
9/18/2022 9 a.m. EDT,25319,20114,27307,24607,74512,67680,10395,29551,14918,20832,9921,14053,42545
9/18/2022 10 a.m. EDT,25492,22070,28829,27860,77918,70833,10353,30080,15462,22333,9620,15232,44997
9/18/2022 11 a.m. EDT,25684,23803,31123,30998,82208,75216,10366,31054,16031,24304,9880,16482,49361
9/18/2022 12 p.m. EDT,26055,25876,33700,33754,86806,80141,10652,32462,16731,26381,10526,17862,53322
9/18/2022 1 p.m. EDT,26811,27190,36070,35805,92385,85104,11173,33679,17600,28347,11373,19353,57263
9/18/2022 2 p.m. EDT,27127,28748,38100,37199,97478,89860,11862,34642,18386,30020,12451,20596,61101
9/18/2022 3 p.m. EDT,26588,29842,39729,38220,101714,93687,12721,35549,19160,31378,13540,21921,64271
9/18/2022 4 p.m. EDT,26648,30713,41186,38913,105573,96515,13690,36388,19812,32403,14629,22779,66702
9/18/2022 5 p.m. EDT,26697,31479,42548,39484,108907,98900,14716,37389,20459,33129,15689,23324,67864
9/18/2022 6 p.m. EDT,26842,31874,43448,39661,110775,100403,15633,38629,20814,33189,16623,23596,68638
9/18/2022 7 p.m. EDT,29006,31179,43757,38815,108984,100440,15956,39799,20703,32531,17376,23318,68554
9/18/2022 8 p.m. EDT,29277,29964,42891,37504,106309,98666,16028,40832,20705,31194,17886,22215,67254
9/18/2022 9 p.m. EDT,30743,29018,41212,36538,103690,96885,15454,41386,20263,30287,17999,21488,65010
9/18/2022 10 p.m. EDT,31908,26982,39827,34149,97983,93622,14498,41111,19338,28524,17383,20179,63160
9/18/2022 11 p.m. EDT,32512,24665,37627,31290,92264,88510,13384,40664,18241,26372,16648,18682,60346
9/19/2022 12 a.m. EDT,32917,22501,35250,28383,88126,83459,12659,39165,17088,24204,15629,17134,56429
9/19/2022 1 a.m. EDT,32159,20995,32877,25996,83310,78371,12009,36629,16170,22838,14464,15971,52404
9/19/2022 2 a.m. EDT,31023,19915,30984,24164,79671,75231,11648,34072,15502,21900,13282,14955,48897
9/19/2022 3 a.m. EDT,29318,19059,29706,22914,77372,72896,11540,31898,15091,21108,12241,14272,46432
9/19/2022 4 a.m. EDT,27740,18802,28776,22280,76180,71313,11645,30347,14865,20621,11570,13892,44778
9/19/2022 5 a.m. EDT,26355,18798,28204,22362,76846,70595,11795,29426,14956,20581,11040,13780,43962
9/19/2022 6 a.m. EDT,25524,19863,28033,23453,79942,71182,11557,29031,15702,21339,10747,14050,43866
9/19/2022 7 a.m. EDT,25040,21694,28862,25324,85952,74123,13057,29254,17121,22649,10621,15074,45172
9/19/2022 8 a.m. EDT,24990,22444,30582,26370,89861,78465,13857,30288,18115,23295,10674,16182,47067
9/19/2022 9 a.m. EDT,25506,23233,31530,28248,92519,80602,13803,32201,18858,24052,11136,16701,47673
9/19/2022 10 a.m. EDT,27033,24769,32706,30932,94980,83532,14129,34533,19401,25298,11330,17459,49317
9/19/2022 11 a.m. EDT,28933,26605,34606,33585,98853,87389,13959,36017,20021,27140,11613,18609,52861
9/19/2022 12 p.m. EDT,29953,28460,37170,36352,103676,91803,14016,36839,20767,29231,12090,20086,57007
9/19/2022 1 p.m. EDT,30802,30318,39889,39086,108369,96482,14348,37659,21397,31300,12850,21582,61025
9/19/2022 2 p.m. EDT,30712,32045,42546,41158,112081,100625,14530,38561,21924,33129,13814,23048,64391
9/19/2022 3 p.m. EDT,30744,33377,44816,42207,114124,104254,14699,39454,22084,34645,14933,24335,67869
9/19/2022 4 p.m. EDT,30532,34498,46192,42826,115271,107149,15106,40622,22245,35855,16147,25234,69248
9/19/2022 5 p.m. EDT,31052,35148,47100,43017,116422,108991,15507,42106,22580,36496,17413,26075,69739
9/19/2022 6 p.m. EDT,31873,35262,47415,42643,116558,109940,15961,43285,22323,36569,18472,26492,70185
9/19/2022 7 p.m. EDT,32886,34296,46951,41366,114553,109499,16022,44488,21598,35623,19130,26106,69844
9/19/2022 8 p.m. EDT,33886,32808,45753,39913,111282,106260,15691,45174,21271,33989,19442,25050,68780
9/19/2022 9 p.m. EDT,35316,31215,43803,38576,107686,103565,14946,45113,20501,32907,19356,24312,66531
9/19/2022 10 p.m. EDT,35820,28666,42006,36009,101493,98797,13956,44214,19505,30977,18684,22956,64733
9/19/2022 11 p.m. EDT,35876,26078,39573,33032,94876,92776,12786,43303,18272,28473,17883,21331,61464
9/20/2022 12 a.m. EDT,35808,23636,36923,29873,89593,86803,12035,41431,17061,25977,16944,19506,57224
9/20/2022 1 a.m. EDT,34825,21873,34353,27306,84625,81749,11591,38533,16106,24125,15765,18155,53117
9/20/2022 2 a.m. EDT,33291,20739,32365,25352,80708,77528,11478,35650,15396,23421,14551,16956,49764
9/20/2022 3 a.m. EDT,31090,19946,30932,24000,78411,74379,11284,33480,14930,22780,13342,16155,47315
9/20/2022 4 a.m. EDT,29036,19530,29940,23455,76648,72211,11168,31917,14699,22290,12733,15622,45573
9/20/2022 5 a.m. EDT,27539,19545,29267,23350,76775,71473,11332,30972,14740,22189,12220,15387,44514
9/20/2022 6 a.m. EDT,26633,20488,29018,24333,80113,72245,11665,30438,15426,22642,11943,15545,44367
9/20/2022 7 a.m. EDT,26242,22385,29582,26126,86166,75032,12526,30438,16747,23874,11820,16470,45717
9/20/2022 8 a.m. EDT,26068,22923,31101,27231,89927,78807,13265,31287,17769,24186,11898,17407,47708
9/20/2022 9 a.m. EDT,26279,23493,32112,28997,92212,80842,13440,33288,18431,24638,12354,17898,48248
9/20/2022 10 a.m. EDT,27592,24642,33274,31837,94498,83546,13319,35241,18768,26109,12584,18974,49751
9/20/2022 11 a.m. EDT,29549,26362,35413,34863,97458,87792,13386,36458,19004,28130,12656,20617,53471
9/20/2022 12 p.m. EDT,30657,28504,38269,37975,100618,92897,13407,37262,19248,30628,12860,22685,57720
9/20/2022 1 p.m. EDT,31465,30770,41031,40713,104865,97968,13452,38177,19523,33206,13518,24819,61364
9/20/2022 2 p.m. EDT,32332,33079,43516,42981,109193,103142,13690,39148,19858,35661,14110,26478,65012
9/20/2022 3 p.m. EDT,32429,34595,45598,44346,113044,107271,13706,40098,20085,37417,15007,27550,68311
9/20/2022 4 p.m. EDT,32283,35714,46928,44950,115897,110072,13908,41318,20425,38611,15904,27903,70134
9/20/2022 5 p.m. EDT,32829,36478,47728,44947,117974,112086,14338,42600,20762,39175,16830,28346,70489
9/20/2022 6 p.m. EDT,33240,36612,48072,43758,118157,113196,14820,43659,20895,38902,17496,28335,70988
9/20/2022 7 p.m. EDT,34420,35965,47538,41841,114933,112502,15041,44583,20621,38234,17801,27630,70667
9/20/2022 8 p.m. EDT,35482,34538,46324,40277,111247,109724,14998,45246,20497,36374,17980,26745,69383
9/20/2022 9 p.m. EDT,35971,32741,44318,39007,107367,106355,14296,45069,19814,35182,17664,25818,66931
9/20/2022 10 p.m. EDT,36822,30034,42430,36478,100823,102021,13347,44365,18755,33027,17364,24093,64733
9/20/2022 11 p.m. EDT,37225,27212,39937,33257,94071,95822,12236,43545,17570,30707,16898,22330,61325
9/21/2022 12 a.m. EDT,37151,24607,37171,30310,88792,89952,11468,41585,16352,28222,16088,20459,56956
9/21/2022 1 a.m. EDT,35809,22636,34406,27822,84334,84946,10770,38912,15385,26078,15108,18833,52868
9/21/2022 2 a.m. EDT,33980,21296,32288,25907,80360,80525,10604,36112,14728,25207,14103,17533,49194
9/21/2022 3 a.m. EDT,31802,20445,30854,24605,77630,77106,10355,33840,14243,24095,13247,16573,46554
9/21/2022 4 a.m. EDT,29627,19979,29798,23909,76029,74885,10265,32180,14013,23692,12539,15958,44934
9/21/2022 5 a.m. EDT,28104,20002,29167,23753,76397,73598,10464,31346,14049,23535,12076,15769,43786
9/21/2022 6 a.m. EDT,26909,20988,28880,23616,79509,74329,10674,30818,14707,23925,11736,15867,43532
9/21/2022 7 a.m. EDT,26322,22749,29426,26625,85326,76455,11927,30689,16006,24878,11598,16545,44442
9/21/2022 8 a.m. EDT,25904,23366,30926,27478,89203,80767,12632,31644,16914,25056,11723,17318,46286
9/21/2022 9 a.m. EDT,26249,24126,31878,29038,91530,83252,12531,33564,17379,25558,12248,17972,46715
9/21/2022 10 a.m. EDT,27617,25561,32742,32095,94445,85989,12335,35735,17606,27259,12486,19159,48219
9/21/2022 11 a.m. EDT,29498,27509,34418,34949,98011,89401,12601,36981,17764,29606,12741,20642,51668
9/21/2022 12 p.m. EDT,30772,29742,36616,37723,102049,93861,12626,37788,18157,32381,12991,22554,55910
9/21/2022 1 p.m. EDT,32050,32123,38836,40122,107171,98216,12518,38347,18658,35088,13497,24618,60096
9/21/2022 2 p.m. EDT,32573,34248,40787,41841,112477,102950,12361,38796,19249,37395,14274,26443,63924
9/21/2022 3 p.m. EDT,32310,35735,42411,42685,116702,106409,12210,39397,19926,39102,14831,27587,67517
9/21/2022 4 p.m. EDT,32546,36861,43147,42834,119990,108300,12609,39842,20687,40274,15316,28115,69695
9/21/2022 5 p.m. EDT,32402,37448,43316,42945,122257,108794,13387,39918,21326,40827,15801,28542,70321
9/21/2022 6 p.m. EDT,32429,37352,42993,43226,122567,108534,14422,40203,21459,40577,15937,28529,70662
9/21/2022 7 p.m. EDT,33453,36229,42053,42110,118626,106635,14815,40522,21162,39311,15695,27991,70521
9/21/2022 8 p.m. EDT,34737,34470,40523,40592,114585,103360,14912,40818,21137,37297,15479,26898,69122
9/21/2022 9 p.m. EDT,35983,32598,38847,39048,110586,100418,14278,40822,20582,35839,15381,26047,66394
9/21/2022 10 p.m. EDT,36703,29999,37333,36360,104159,96215,13353,40546,19636,33478,15299,24400,63797
9/21/2022 11 p.m. EDT,36667,27231,35335,33302,97387,90214,12282,40217,18487,30750,15115,22546,60179
9/22/2022 12 a.m. EDT,36514,24667,32961,30105,91450,84436,11304,39002,17275,28369,14525,20641,55615
9/22/2022 1 a.m. EDT,35337,22692,30724,27592,86551,79521,10962,36739,16329,26145,13801,18969,51363
9/22/2022 2 a.m. EDT,33530,21498,28983,25717,82586,75697,10818,34577,15646,25104,13083,17707,47871
9/22/2022 3 a.m. EDT,31207,20586,27669,24475,80047,72769,10646,32728,15159,24026,12304,16857,45137
9/22/2022 4 a.m. EDT,29358,20200,26826,23699,78392,70712,10401,31481,14900,23585,11781,16285,43313
9/22/2022 5 a.m. EDT,28277,20255,26288,23568,78618,69612,10850,30700,14941,23393,11354,15993,42175
9/22/2022 6 a.m. EDT,27383,21228,26133,24512,81277,69968,11483,30157,15615,23823,11058,16102,41875
9/22/2022 7 a.m. EDT,26555,23087,26698,26471,85635,72357,12530,30244,17059,24969,11042,16966,42866
9/22/2022 8 a.m. EDT,26176,23918,28249,27093,88969,75866,13609,31084,18197,25232,11247,17948,44849
9/22/2022 9 a.m. EDT,26270,24807,29142,28887,90583,77243,14372,33197,18752,25850,11716,18491,45364
9/22/2022 10 a.m. EDT,27466,26229,29446,31785,93032,78019,14792,35605,19015,27444,12005,19253,46768
9/22/2022 11 a.m. EDT,29383,28207,30182,34862,95798,79776,14948,37054,19370,29961,12285,20163,50387
9/22/2022 12 p.m. EDT,30137,30805,31026,37984,97474,81898,14982,37840,19599,32748,12788,21069,54628
9/22/2022 1 p.m. EDT,31126,33828,31836,40808,97433,83898,14944,38206,19311,35758,13288,21892,59054
9/22/2022 2 p.m. EDT,31497,36356,32433,43156,96607,85410,14750,38490,18722,38321,13955,22577,63390
9/22/2022 3 p.m. EDT,31093,37580,33075,44877,95290,86850,14196,38694,17838,40127,14875,22940,67168
9/22/2022 4 p.m. EDT,30926,37818,33488,46092,93905,87536,13614,39274,17709,40967,15742,22976,69611
9/22/2022 5 p.m. EDT,31421,37459,33735,46408,93887,87670,13448,39483,18039,40775,16345,22817,70217
9/22/2022 6 p.m. EDT,32691,36551,33868,45955,93057,87691,13876,39662,18372,39878,16895,22225,70502
9/22/2022 7 p.m. EDT,34598,34835,33572,44345,90936,86687,14165,40307,18251,38296,17335,21212,70155
9/22/2022 8 p.m. EDT,36709,33229,32857,42321,90154,85655,14211,40844,18162,36586,17496,20190,68392
9/22/2022 9 p.m. EDT,38386,31401,32394,40476,88435,84917,13607,40984,17474,35529,17473,19940,65574
9/22/2022 10 p.m. EDT,38791,28751,31751,37600,84277,82669,12705,40749,16582,33403,17175,19072,62765
9/22/2022 11 p.m. EDT,38979,25947,30470,34135,80216,78259,11777,40434,15487,30658,16646,17829,59185
9/23/2022 12 a.m. EDT,38491,23419,28799,31097,76484,73935,10941,39029,14440,28159,15902,16753,54968
9/23/2022 1 a.m. EDT,36918,21265,27240,28371,72674,70947,10606,36862,13648,25944,14908,15348,50845
9/23/2022 2 a.m. EDT,34835,19848,26104,26346,69966,68482,10274,34637,13136,24612,13887,14385,47412
9/23/2022 3 a.m. EDT,32443,18785,25310,24837,68363,66332,10179,32734,12807,23207,12905,13720,44838
9/23/2022 4 a.m. EDT,30072,18104,24555,23960,67810,65133,10086,31363,12618,22337,12426,13318,43419
9/23/2022 5 a.m. EDT,28637,18049,24306,23748,67926,64567,10197,30622,12719,21925,11894,13287,42457
9/23/2022 6 a.m. EDT,27423,18528,24461,24691,70272,65286,10516,30155,13318,22131,11526,13527,42159
9/23/2022 7 a.m. EDT,26339,20257,25188,26526,75285,68188,11388,30170,14618,23267,11350,14365,43187
9/23/2022 8 a.m. EDT,25897,20843,26759,27449,78282,71320,11968,31076,15505,23650,11491,15198,45282
9/23/2022 9 a.m. EDT,26120,21275,27768,29225,79260,73393,11700,32969,15719,23623,11896,15552,45728
9/23/2022 10 a.m. EDT,27225,21909,28302,32209,79091,74982,11298,35005,15594,24368,12249,16037,47133
9/23/2022 11 a.m. EDT,29134,22325,29051,35359,78999,76477,10725,36046,15355,25212,12613,16368,50700
9/23/2022 12 p.m. EDT,30766,22270,29836,38350,78696,78034,10369,36850,15107,26163,12889,16809,54866
9/23/2022 1 p.m. EDT,32129,23011,30703,41139,78970,79515,10133,37318,14923,27203,13594,17109,58900
9/23/2022 2 p.m. EDT,32991,23509,31724,43605,79095,80875,10075,37574,14924,28506,14398,17548,63555
9/23/2022 3 p.m. EDT,33232,24083,32824,45023,79201,82360,10124,37982,14932,29761,15328,18050,67337
9/23/2022 4 p.m. EDT,33533,24534,34022,45456,79523,83124,10538,38565,15077,30680,16421,18572,69804
9/23/2022 5 p.m. EDT,34014,25323,34895,45430,80534,83506,11160,39229,15508,31282,17350,19139,70237
9/23/2022 6 p.m. EDT,36139,25580,35526,44281,81328,83384,12264,39843,16085,31238,18061,19358,70393
9/23/2022 7 p.m. EDT,38366,24906,35540,42082,80729,82689,12925,40705,16456,30178,18593,19027,69896
9/23/2022 8 p.m. EDT,40654,23999,34673,39961,81498,81404,13141,41372,16705,28294,18799,18164,67658
9/23/2022 9 p.m. EDT,42219,23166,33553,38191,80512,80415,12671,41213,16272,27156,17926,17837,64724
9/23/2022 10 p.m. EDT,42744,21863,32679,35879,77779,78206,12036,40659,15642,25516,17041,17065,61991
9/23/2022 11 p.m. EDT,42081,20514,31339,33457,74224,75030,11197,40433,14794,23903,16329,16259,58946
9/24/2022 12 a.m. EDT,40931,19007,29913,30949,71592,71624,10349,38793,13920,22464,15473,15358,55689
9/24/2022 1 a.m. EDT,38953,17811,28349,28447,68666,68464,9727,36547,13220,20955,14600,14342,52293
9/24/2022 2 a.m. EDT,36952,16971,27009,26467,66263,66159,9315,34323,12752,20210,13781,13595,49316
9/24/2022 3 a.m. EDT,34477,16626,26145,25043,64940,64556,9081,32458,12454,19583,12907,13209,46810
9/24/2022 4 a.m. EDT,32142,16387,25514,24115,64811,63450,9235,31146,12314,19274,12208,12794,44954
9/24/2022 5 a.m. EDT,30487,16444,25084,23563,65259,62530,9151,30341,12306,19140,11623,12675,43595
9/24/2022 6 a.m. EDT,28887,16720,24923,23528,64981,62538,9394,29848,12548,19187,11140,12794,42647
9/24/2022 7 a.m. EDT,27605,17553,25066,23891,66520,63112,9952,29689,13061,19593,10752,13111,42219
9/24/2022 8 a.m. EDT,26769,17853,25554,24567,68888,64210,10345,29821,13511,19681,10684,13392,42420
9/24/2022 9 a.m. EDT,26454,19174,25905,26983,71258,65903,10041,30550,13832,20390,10713,14090,42618
9/24/2022 10 a.m. EDT,26708,20100,26842,30245,72565,67885,9524,31449,13816,21411,10540,14831,44703
9/24/2022 11 a.m. EDT,27411,20410,28179,33541,72928,70561,9383,32558,13636,22254,10917,15422,48799
9/24/2022 12 p.m. EDT,28696,20819,29840,36395,72757,73131,9088,33931,13563,23468,11652,15925,53002
9/24/2022 1 p.m. EDT,30403,21127,31407,38731,72646,75468,8894,34861,13398,24764,12483,16593,57089
9/24/2022 2 p.m. EDT,31803,21576,32879,40173,72749,77890,9050,35451,13283,26132,13322,17497,60679
9/24/2022 3 p.m. EDT,32261,22260,34096,41152,73043,80101,9275,36017,13412,27382,14339,18446,63605
9/24/2022 4 p.m. EDT,32819,22893,35268,41557,73727,81851,9385,36673,13708,28630,15355,19335,65792
9/24/2022 5 p.m. EDT,34176,23492,36235,41311,75264,83446,10422,37634,14380,29747,16416,20226,67417
9/24/2022 6 p.m. EDT,36089,23833,36907,40662,76778,84293,11656,38796,15158,29955,17433,20851,68177
9/24/2022 7 p.m. EDT,38163,23798,36956,39071,77681,84390,12402,39891,15673,29221,18096,20681,67603
9/24/2022 8 p.m. EDT,40419,23361,36029,37379,78687,82831,12558,40958,16016,27803,18535,20090,65409
9/24/2022 9 p.m. EDT,41841,22869,34727,35835,78241,81207,12113,41061,15716,26909,18389,19676,62423
9/24/2022 10 p.m. EDT,42630,21776,33429,33668,75648,78669,11492,40288,15154,25344,17552,18844,59773
9/24/2022 11 p.m. EDT,42024,20573,31834,31392,72641,75159,10772,39690,14499,23875,16630,17660,56830
9/25/2022 12 a.m. EDT,40465,19225,30176,29010,71245,71169,10027,38271,13765,22308,15779,16394,53674
9/25/2022 1 a.m. EDT,38314,18023,28553,26729,69151,67730,9447,36162,13138,21097,14882,15460,50572
9/25/2022 2 a.m. EDT,36184,17317,26985,24916,66752,65852,9083,33968,12668,20242,14062,14670,47557
9/25/2022 3 a.m. EDT,33749,16843,25988,23626,65346,64416,8874,32279,12357,19822,13117,14132,45183
9/25/2022 4 a.m. EDT,31579,16604,25252,22740,64721,63027,8768,31089,12194,19316,12474,13883,43588
9/25/2022 5 a.m. EDT,30051,16498,24790,22227,64600,62039,8813,30203,12139,19117,11862,13714,42290
9/25/2022 6 a.m. EDT,28608,16643,24526,22109,65092,61541,9010,29622,12278,19121,11372,13601,41424
9/25/2022 7 a.m. EDT,27271,16934,24419,22571,66210,61071,9397,29323,12632,19042,10906,13735,40915
9/25/2022 8 a.m. EDT,26659,17418,24685,23061,68007,61952,9684,29531,13036,19067,10560,13944,40900
9/25/2022 9 a.m. EDT,26591,18745,24943,25694,70075,63273,9971,29998,13678,19551,10480,14572,41116
9/25/2022 10 a.m. EDT,26510,20027,25866,29199,72154,65754,10115,30587,14137,20914,10193,15440,43089
9/25/2022 11 a.m. EDT,27132,21006,27361,32462,73428,68718,10286,31577,14597,22447,10456,16139,47236
9/25/2022 12 p.m. EDT,27596,22033,29008,35407,74516,71665,10405,32809,14925,23786,11207,16842,51436
9/25/2022 1 p.m. EDT,29188,22991,30501,38069,75920,74415,10731,33833,15262,25228,12102,17624,55545
9/25/2022 2 p.m. EDT,29919,23985,31893,40297,76960,76872,10992,34710,15283,26533,13185,18407,60011
9/25/2022 3 p.m. EDT,30863,24902,32939,42240,78563,78704,11328,35552,15362,27866,14168,19335,63753
9/25/2022 4 p.m. EDT,32050,25732,33934,43435,79828,80348,11805,36594,15574,29078,15269,20090,66422
9/25/2022 5 p.m. EDT,33409,26398,34686,44078,81099,81459,12272,37790,15965,30217,16290,20735,68287
9/25/2022 6 p.m. EDT,35210,26792,35151,43806,81794,82528,12995,39208,16300,30933,17047,21093,68846
9/25/2022 7 p.m. EDT,37794,26637,35126,42039,82054,82792,13391,40701,16506,30566,17580,20931,67978
9/25/2022 8 p.m. EDT,40048,26606,34064,40256,83318,81833,13411,41973,16739,29688,17978,20061,65385
9/25/2022 9 p.m. EDT,41872,26104,32776,38875,82738,81363,12871,42277,16352,29101,17929,19616,62677
9/25/2022 10 p.m. EDT,42983,24551,31796,36245,79469,78555,12066,41555,15669,27485,17113,18542,60429
9/25/2022 11 p.m. EDT,42394,22747,30036,33424,75835,74272,11149,40826,14864,25801,16172,17165,57137
9/26/2022 12 a.m. EDT,41114,21019,28106,30582,73179,69950,10340,39176,14007,23872,15063,15823,53185
9/26/2022 1 a.m. EDT,39033,19576,26182,27996,70455,66000,9771,36694,13423,22639,13909,14625,49246
9/26/2022 2 a.m. EDT,36754,18616,24795,26125,68168,63513,9501,34410,12978,21945,12807,13726,45929
9/26/2022 3 a.m. EDT,34022,18062,23894,24921,66843,62028,9582,32805,12694,21379,11798,13185,43487
9/26/2022 4 a.m. EDT,31309,17761,23422,24251,66378,61050,9563,30970,12595,20975,11247,12892,42192
9/26/2022 5 a.m. EDT,29624,18063,23194,24201,67238,60845,9812,30162,12729,20730,10818,12990,41467
9/26/2022 6 a.m. EDT,28164,19009,23378,25138,70143,62222,10548,29771,13386,21068,10554,13366,41323
9/26/2022 7 a.m. EDT,27241,20929,24242,26707,75283,65982,11497,29827,14572,22202,10391,14277,42344
9/26/2022 8 a.m. EDT,26934,21764,25902,27613,79103,70896,12248,30678,15509,23353,10557,15214,44421
9/26/2022 9 a.m. EDT,27117,22464,27051,29192,81050,73397,12272,32930,15993,23867,11058,15709,44826
9/26/2022 10 a.m. EDT,28583,23496,27531,32063,82006,74783,12004,35132,16143,24755,11318,16140,45519
9/26/2022 11 a.m. EDT,30654,24768,28393,35555,83040,76188,11624,36292,16166,26188,11511,16716,48206
9/26/2022 12 p.m. EDT,32577,26132,29261,38772,84203,77867,11309,37011,16397,27743,12083,17268,50907
9/26/2022 1 p.m. EDT,34803,27332,30370,41429,85928,79417,11392,37855,16618,29327,12940,17883,53842
9/26/2022 2 p.m. EDT,36086,28618,31357,43180,86947,81178,11615,38663,16680,30871,13963,18494,56614
9/26/2022 3 p.m. EDT,35943,29537,32311,43728,87383,82372,11842,39677,16826,32035,15105,18851,59529
9/26/2022 4 p.m. EDT,36379,30373,33185,43853,87783,82927,12227,40949,17004,32773,16301,19118,61643
9/26/2022 5 p.m. EDT,38502,30990,34004,43337,88175,83121,13116,42441,17319,33144,17322,19497,63169
9/26/2022 6 p.m. EDT,41143,30882,34591,41794,88711,83157,14098,44086,17740,32825,18055,19582,63786
9/26/2022 7 p.m. EDT,43856,30089,34567,39969,88086,82728,14542,45557,17854,31667,18667,19233,63057
9/26/2022 8 p.m. EDT,46130,29077,33810,38733,88557,81927,14519,46560,17947,30355,18927,18497,60721
9/26/2022 9 p.m. EDT,47437,27748,32700,37133,87021,81647,13793,46372,17445,29314,18704,18344,58081
9/26/2022 10 p.m. EDT,47587,25739,31589,34863,82984,79071,12893,45239,16598,27421,18126,17495,55526
9/26/2022 11 p.m. EDT,46461,23355,29905,31904,78101,74566,12051,44188,15514,25509,17409,16304,52220
9/27/2022 12 a.m. EDT,44678,21257,28027,29407,74599,70043,11068,41983,14540,23314,16682,15126,48016
9/27/2022 1 a.m. EDT,41924,19700,26182,26913,71352,65947,10409,38860,13796,21656,15685,14038,43997
9/27/2022 2 a.m. EDT,39194,18636,25145,25196,69007,63789,10089,35992,13308,21511,14533,13268,40827
9/27/2022 3 a.m. EDT,35973,17995,24249,23900,67728,62622,10081,33843,12974,20751,13504,12795,38440
9/27/2022 4 a.m. EDT,33067,17583,23643,23501,67095,61504,10015,32319,12806,20208,12800,12665,37238
9/27/2022 5 a.m. EDT,31218,17756,23495,23196,67949,60991,10161,31248,12899,20151,11990,12673,36463
9/27/2022 6 a.m. EDT,29802,18684,23717,24084,70532,61584,10705,30641,13532,20337,11470,13140,36273
9/27/2022 7 a.m. EDT,28795,20576,24580,25805,76219,64954,11744,30606,14778,21529,11393,14076,37126
9/27/2022 8 a.m. EDT,28171,21270,26222,26825,80395,70138,12475,31480,15659,22056,11551,15144,39452
9/27/2022 9 a.m. EDT,28331,21570,27280,27703,81046,72229,12534,33292,16058,22105,11941,15518,39994
9/27/2022 10 a.m. EDT,29710,22010,27597,29092,81138,72746,12118,35329,16000,22635,12035,15649,40918
9/27/2022 11 a.m. EDT,31869,22536,28250,30480,81381,73173,11420,36524,16017,23249,12345,15801,42926
9/27/2022 12 p.m. EDT,33392,22844,29225,31680,81726,74063,11137,37476,16084,23907,12845,16239,45081
9/27/2022 1 p.m. EDT,34795,23674,30282,32766,82617,74954,10980,38121,16252,24612,13565,16533,47781
9/27/2022 2 p.m. EDT,35845,24402,31451,33408,83308,75865,11219,38982,16442,25394,14273,16728,50540
9/27/2022 3 p.m. EDT,35572,25038,32870,33872,83305,76797,11567,39925,16559,26166,15077,16936,53754
9/27/2022 4 p.m. EDT,36651,25795,34086,34067,83678,77476,12020,41216,16782,26801,15958,17227,56429
9/27/2022 5 p.m. EDT,38556,26329,35188,33934,84374,78142,12679,42498,17209,27297,16916,17491,58616
9/27/2022 6 p.m. EDT,40851,26502,36145,33714,85178,78875,13691,43588,17539,27318,17687,17707,60018
9/27/2022 7 p.m. EDT,43182,26049,36206,33233,85021,79160,14161,44792,17632,26687,18182,17686,60189
9/27/2022 8 p.m. EDT,44984,25711,35346,33183,86416,79130,14171,45439,17703,26070,18412,17537,58173
9/27/2022 9 p.m. EDT,46444,24979,34200,32260,85369,79201,13475,45333,17073,25719,18169,17649,55529
9/27/2022 10 p.m. EDT,46908,23354,33053,30729,81513,77044,12533,44534,16214,24402,17605,16979,53553
9/27/2022 11 p.m. EDT,46021,21409,31241,28809,76950,73243,11664,43736,15147,22727,16880,16033,50739
9/28/2022 12 a.m. EDT,44679,19725,29105,26802,73048,68968,10724,41956,14138,21236,16019,14980,47347
9/28/2022 1 a.m. EDT,42158,18437,27348,24891,70470,65260,9908,39331,13413,20467,14894,14080,43458
9/28/2022 2 a.m. EDT,39507,17755,25917,23538,69058,62598,9694,36471,12939,20359,13879,13582,40579
9/28/2022 3 a.m. EDT,36335,17416,24980,22656,67801,60928,9579,34244,12604,19875,12799,13238,38576
9/28/2022 4 a.m. EDT,33379,17253,24398,22081,67481,60221,9527,32807,12481,19594,12204,13012,37318
9/28/2022 5 a.m. EDT,31262,17360,24020,22065,68122,60155,9765,31722,12600,19584,11649,13099,36661
9/28/2022 6 a.m. EDT,29965,18441,24132,22558,71346,61588,10408,31222,13255,20025,11295,13522,36414
9/28/2022 7 a.m. EDT,28814,20564,24909,23673,77333,65524,11549,31228,14661,21031,11135,14663,37243
9/28/2022 8 a.m. EDT,28223,21390,26634,24724,81122,70531,12200,31957,15624,22006,11273,15833,39353
9/28/2022 9 a.m. EDT,28415,21720,27537,26340,82130,72952,11822,34073,15970,22297,11695,16080,40273
9/28/2022 10 a.m. EDT,29801,21945,27902,28170,82027,73379,11190,35937,16018,22740,11888,16039,41312
9/28/2022 11 a.m. EDT,31804,22171,28503,28878,81262,73361,10839,37117,15961,23056,12083,16137,43015
9/28/2022 12 p.m. EDT,33291,22148,29457,29958,81075,74015,10913,37892,16045,23124,12460,16307,45320
9/28/2022 1 p.m. EDT,34014,22349,30310,30010,81464,74657,11136,38582,15997,23494,13158,16314,47861
9/28/2022 2 p.m. EDT,35534,22381,31400,29447,81942,75379,11397,39450,16178,23915,13992,16269,50551
9/28/2022 3 p.m. EDT,36067,22569,32775,28696,82458,76213,11542,40150,16363,24363,15024,16405,53674
9/28/2022 4 p.m. EDT,37314,22774,33806,28112,82502,76855,11846,41070,16656,24767,16042,16589,56515
9/28/2022 5 p.m. EDT,39237,23027,34738,27448,82890,76830,12549,40915,17100,25106,16927,16759,59001
9/28/2022 6 p.m. EDT,41378,23127,35471,26783,83827,76996,13537,42534,17450,25307,17486,16919,60880
9/28/2022 7 p.m. EDT,43328,23168,35237,26181,84215,78030,14092,43180,17536,24886,17530,16863,61057
9/28/2022 8 p.m. EDT,45367,23735,34298,26076,85941,77859,14154,43616,17735,24661,17265,16894,58981
9/28/2022 9 p.m. EDT,46554,23513,33239,25424,85199,78510,13507,43622,17095,24733,16915,17178,56199
9/28/2022 10 p.m. EDT,46885,22477,32279,24161,81766,76739,12594,43291,16260,23715,16643,16675,53995
9/28/2022 11 p.m. EDT,45481,20929,30606,22583,77566,73060,11530,43036,15200,22105,16176,15853,50800
9/29/2022 12 a.m. EDT,43931,19407,28843,21032,73884,68733,10813,41294,14168,20892,15336,14865,46954
9/29/2022 1 a.m. EDT,41473,18269,27041,19583,70891,65057,10403,38623,13408,20352,14439,14080,43244
9/29/2022 2 a.m. EDT,38864,17752,25727,18456,69357,63289,10064,36132,12924,19694,13494,13650,40520
9/29/2022 3 a.m. EDT,35856,17260,24919,17577,68369,61769,9838,34068,12612,19182,12535,13317,38414
9/29/2022 4 a.m. EDT,33003,17509,24421,17012,67929,61194,10011,32458,12486,18989,11921,13135,37319
9/29/2022 5 a.m. EDT,31116,17503,24078,16803,69021,61082,10260,31417,12592,19174,11436,13208,36621
9/29/2022 6 a.m. EDT,29790,18729,24056,16954,71569,62395,10504,30932,13234,19807,11116,13588,36562
9/29/2022 7 a.m. EDT,28940,20698,24862,17411,77700,65705,11692,30890,14665,20683,10896,14720,37510
9/29/2022 8 a.m. EDT,27965,21682,26613,18028,82015,70869,12199,31860,15673,21833,10941,15885,39862
9/29/2022 9 a.m. EDT,28097,21944,27588,19017,82946,73051,11767,33896,15941,22154,11311,16001,40641
9/29/2022 10 a.m. EDT,29284,22111,27823,20293,82350,73359,11117,35861,15765,22571,11456,16067,41163
9/29/2022 11 a.m. EDT,31324,22132,28284,21322,81895,73441,10939,37194,15680,22912,11588,16021,42640
9/29/2022 12 p.m. EDT,32674,22107,28753,22422,81838,73704,10789,38219,15539,23092,11869,16146,44428
9/29/2022 1 p.m. EDT,34287,21962,29322,23286,81780,73924,10659,38747,15339,23229,12417,16223,46312
9/29/2022 2 p.m. EDT,35160,21932,30074,23902,82033,74237,10705,39472,15262,23502,13105,16347,48561
9/29/2022 3 p.m. EDT,36064,21739,31073,24297,81745,74784,10662,40392,15311,23856,13805,16450,51289
9/29/2022 4 p.m. EDT,36955,21746,31942,24579,81878,75205,11021,41997,15605,24099,14551,16552,53776
9/29/2022 5 p.m. EDT,37844,21895,32683,24796,82282,75421,11959,42768,16101,24376,15337,16769,56183
9/29/2022 6 p.m. EDT,39314,22089,33232,24913,82879,75883,13016,43167,16764,24416,15822,16849,58088
9/29/2022 7 p.m. EDT,40973,22391,33162,24758,83405,76072,13665,43712,17196,24115,16307,16753,58198
9/29/2022 8 p.m. EDT,42848,22952,32523,24856,84904,76228,13764,43817,17425,24081,16547,16803,56276
9/29/2022 9 p.m. EDT,43543,22746,31970,24342,84081,77089,13185,43599,16910,24169,16295,17043,54135
9/29/2022 10 p.m. EDT,43793,21830,31070,22878,80771,75332,12332,43227,16107,23309,15917,16730,51938
9/29/2022 11 p.m. EDT,43073,20531,29713,21187,76859,71939,11317,42848,15077,22012,15385,15844,49174
9/30/2022 12 a.m. EDT,41715,19099,27860,19227,73870,69004,10386,41158,14035,20826,14614,15030,45756
9/30/2022 1 a.m. EDT,39545,18181,26255,17459,71637,65734,9802,38767,13306,19998,13741,14073,42334
9/30/2022 2 a.m. EDT,37240,17525,23355,16106,69680,64011,9710,36387,12867,19436,12936,13502,39485
9/30/2022 3 a.m. EDT,34438,17077,24402,15367,68731,62524,9515,34247,12563,18944,11984,13215,37429
9/30/2022 4 a.m. EDT,31878,16961,24032,14933,68529,61781,9492,32710,12464,18730,11358,13072,36204
9/30/2022 5 a.m. EDT,30061,17224,23823,14878,69310,61696,9746,31749,12618,18794,10902,13075,35384
9/30/2022 6 a.m. EDT,28534,17770,23912,15505,71654,62254,10183,31202,13297,19443,10505,13531,35334
9/30/2022 7 a.m. EDT,27553,18995,24589,16736,76387,64964,11520,31201,14752,20229,10263,14423,36246
9/30/2022 8 a.m. EDT,27197,20139,23814,17692,80581,69566,12204,32019,15725,21076,10361,15624,38370
9/30/2022 9 a.m. EDT,27437,20992,27122,19039,82240,72181,11879,33990,15944,21523,10773,15937,39295
9/30/2022 10 a.m. EDT,28727,21661,27574,20419,82768,72846,11144,36258,15774,21898,10992,16018,40070
9/30/2022 11 a.m. EDT,30814,22151,28019,21765,82807,72940,10806,37519,15508,22402,11225,16015,41770
9/30/2022 12 p.m. EDT,32323,22216,28715,23049,82592,73468,10538,38207,15329,22817,11622,16058,43064
9/30/2022 1 p.m. EDT,33697,22112,29256,24474,82194,73906,10506,38739,15221,23257,12115,16220,44934
9/30/2022 2 p.m. EDT,34578,21852,29930,26183,82423,74390,10535,39182,15193,23604,12800,16474,47066
9/30/2022 3 p.m. EDT,34724,21580,30909,27810,82150,74959,10629,39702,15359,24085,13526,16539,49709
9/30/2022 4 p.m. EDT,35024,21330,31794,29203,81432,75464,11089,40177,15606,24609,14475,16915,52114
9/30/2022 5 p.m. EDT,35141,21368,32660,30206,81779,75759,11893,40645,16022,25008,15301,17089,54309
9/30/2022 6 p.m. EDT,35784,21542,33176,30501,81925,76115,12733,41126,16485,25205,16027,15880,44934
9/30/2022 7 p.m. EDT,37670,23391,28808,17380,81766,75904,13287,41366,16784,24870,16601,17081,55904
9/30/2022 8 p.m. EDT,39642,21499,31913,28763,82135,74715,13275,41472,16870,24415,16731,16699,53658
9/30/2022 9 p.m. EDT,40393,20802,30942,27816,81002,74214,12743,41394,16365,24005,16464,16627,50852
9/30/2022 10 p.m. EDT,40626,19921,30000,26067,78345,72017,12046,40935,15662,23076,15990,16050,48832
9/30/2022 11 p.m. EDT,39808,18911,28816,24203,75392,69199,11171,40247,14808,21848,15284,15315,46623
10/1/2022 12 a.m. EDT,38507,17858,27423,22285,73068,66531,10345,38774,13931,20794,14413,14497,44031
10/1/2022 1 a.m. EDT,35741,17025,25923,20453,70238,63410,9707,37079,13238,19533,13590,13740,41190
10/1/2022 2 a.m. EDT,34793,16459,24801,19024,68175,61762,9564,35338,12749,19368,12869,13025,38529
10/1/2022 3 a.m. EDT,32642,16053,24025,18034,67376,60510,9416,33454,12447,18773,12013,12665,36549
10/1/2022 4 a.m. EDT,30549,15831,23525,17386,66624,59531,9518,32082,12295,18662,11260,12340,35213
10/1/2022 5 a.m. EDT,28900,15904,23201,17092,66753,59292,9355,30973,12293,18526,10701,12475,34298
10/1/2022 6 a.m. EDT,27566,16113,23127,17273,67959,58494,9638,30368,12505,18629,10391,12589,33945
10/1/2022 7 a.m. EDT,26512,16676,23294,17838,68928,58958,9895,30142,13045,18865,10211,12874,33907
10/1/2022 8 a.m. EDT,25925,17306,23855,18540,70945,60941,10551,30285,13661,18693,10159,13450,34518
10/1/2022 9 a.m. EDT,25767,18430,24221,20300,73538,62650,11324,31053,14324,19218,10260,13928,35121
10/1/2022 10 a.m. EDT,26158,19719,24922,22529,75451,64552,11813,31876,14720,20239,9968,14562,36595
10/1/2022 11 a.m. EDT,27030,20466,25585,24676,76817,65898,11926,33066,14848,20995,10187,14995,38654
10/1/2022 12 p.m. EDT,27650,20805,26361,26532,77471,66869,11807,34411,14701,21587,10856,15134,40654
10/1/2022 1 p.m. EDT,28636,20934,27191,28416,77457,67275,11600,35197,14441,22229,11512,15224,42513
10/1/2022 2 p.m. EDT,29534,20898,28116,29879,77032,67821,11434,35663,14344,22997,12205,15466,44678
10/1/2022 3 p.m. EDT,28708,20922,29233,31194,76552,68670,11396,36234,14418,23785,12996,15531,46963
10/1/2022 4 p.m. EDT,28334,21171,30332,32156,76481,69816,11408,36861,14545,24592,13895,15948,49361
10/1/2022 5 p.m. EDT,28688,21485,31334,32798,76851,71063,11732,37671,14947,25246,14820,16289,51582
10/1/2022 6 p.m. EDT,29525,21651,32136,32823,77441,72124,12332,38465,15467,25529,15483,16558,53048
10/1/2022 7 p.m. EDT,30878,21717,32298,31782,78121,72562,12770,39454,15842,24966,16106,16440,53213
10/1/2022 8 p.m. EDT,32734,22107,31475,30650,79109,71891,12716,39941,16014,24271,16464,16286,51365
10/1/2022 9 p.m. EDT,33890,21569,30430,29346,78151,71617,12229,40206,15637,23733,16391,16119,48959
10/1/2022 10 p.m. EDT,34747,20777,29615,27516,75716,69616,11592,40078,15077,22690,15823,15636,46969
10/1/2022 11 p.m. EDT,35043,19683,28296,25658,72695,66797,10851,39419,14365,21427,15047,14924,44772
10/2/2022 12 a.m. EDT,34461,18628,27001,23845,70670,63789,10109,38045,13647,20208,14263,14126,42317
10/2/2022 1 a.m. EDT,33141,17611,25555,21760,68594,60763,9569,36157,13017,18909,13505,13289,39729
10/2/2022 2 a.m. EDT,31866,16970,24432,20218,66433,58455,9640,34544,12545,18223,12830,12757,37513
10/2/2022 3 a.m. EDT,30205,16443,23632,19152,65135,57436,9786,32785,12245,18000,12047,12403,35705
10/2/2022 4 a.m. EDT,28552,16324,23085,18487,64301,57107,9692,31375,12053,17995,11365,12197,34402
10/2/2022 5 a.m. EDT,27271,16347,22725,18194,64063,56704,9724,30533,11998,17867,10806,12111,33732
10/2/2022 6 a.m. EDT,26158,16535,22686,18216,64789,56839,9676,30076,12148,17906,10489,12297,33265
10/2/2022 7 a.m. EDT,25273,17060,22867,18564,66473,56842,10083,29781,12503,17818,10286,12471,33049
10/2/2022 8 a.m. EDT,24779,17725,23195,19130,68439,58293,10275,29857,12909,17946,10183,12929,33561
10/2/2022 9 a.m. EDT,24641,18920,23571,20744,70391,59899,10582,30364,13456,18905,10214,13448,34092
10/2/2022 10 a.m. EDT,25011,19712,24300,22856,72174,62122,10748,31161,13919,19969,10114,14036,35455
10/2/2022 11 a.m. EDT,25947,20108,25074,24861,73569,63705,10831,32433,14201,20450,10271,14329,37542
10/2/2022 12 p.m. EDT,26229,20491,25843,27047,74574,64647,10662,34205,14293,21154,10926,14517,39664
10/2/2022 1 p.m. EDT,26563,20962,26878,29137,75429,65858,10567,35236,14307,21885,11799,14768,42028
10/2/2022 2 p.m. EDT,27130,21223,27982,31093,75499,67253,10526,35895,14266,22853,12624,15150,44333
10/2/2022 3 p.m. EDT,26554,21311,29171,32620,75391,68549,10649,36552,14323,23777,13372,15534,46628
10/2/2022 4 p.m. EDT,26326,21336,30377,33860,75587,70059,10940,37117,14511,24647,14217,15987,48963
10/2/2022 5 p.m. EDT,26520,21518,31537,34584,76562,71680,11654,37852,14949,25410,15014,16488,51151
10/2/2022 6 p.m. EDT,27371,21826,32486,34701,77853,73314,12505,39056,15502,25783,15719,16858,52416
10/2/2022 7 p.m. EDT,28729,21994,32911,33642,79065,74501,13203,40376,16060,25775,16389,16960,52591
10/2/2022 8 p.m. EDT,31105,22662,32228,32323,80451,74313,13149,41603,16324,25306,16857,16644,51307
10/2/2022 9 p.m. EDT,33019,22251,31572,31057,79837,74952,12715,42015,15899,25080,16809,16830,50107
10/2/2022 10 p.m. EDT,34603,21132,30498,28659,76780,72585,11855,41507,15205,23699,16329,16081,48295
10/2/2022 11 p.m. EDT,35208,19791,29025,26269,73095,69271,10910,40861,14399,22112,15588,15194,46072
10/3/2022 12 a.m. EDT,35007,18415,27210,23652,70730,65218,10069,39115,13547,20416,14773,14255,42673
10/3/2022 1 a.m. EDT,33747,17385,25442,21526,68727,62505,9838,36669,12901,19439,13891,13406,39504
10/3/2022 2 a.m. EDT,32362,16802,24210,19992,67290,61195,9761,34433,12538,18786,12797,12996,36854
10/3/2022 3 a.m. EDT,30202,16541,23537,18996,66574,59715,9623,32420,12375,18545,11833,12531,35260
10/3/2022 4 a.m. EDT,28270,16593,23104,18396,66983,59266,9651,31031,12320,18557,11122,12283,34292
10/3/2022 5 a.m. EDT,26835,16924,22923,18328,68273,59439,9931,30290,12505,18728,10623,12550,33923
10/3/2022 6 a.m. EDT,25935,18099,23159,19190,70867,60742,10367,29932,13303,19272,10303,13144,34148
10/3/2022 7 a.m. EDT,25384,20166,24024,20756,77742,63805,11711,30074,14829,20590,10196,14078,35645
10/3/2022 8 a.m. EDT,25210,21375,25900,21701,82590,69071,12562,31165,15984,21441,10432,15050,38067
10/3/2022 9 a.m. EDT,25824,21637,27031,22881,84025,71681,12582,33322,16408,21852,11013,15646,39093
10/3/2022 10 a.m. EDT,27371,21939,27465,24671,84916,72674,12354,35665,16515,22408,11344,16135,39875
10/3/2022 11 a.m. EDT,29423,22079,28015,26754,85282,73504,12071,36886,16401,22986,11354,16079,41483
10/3/2022 12 p.m. EDT,30452,22088,28896,28878,84706,74617,11741,37875,16303,23511,11706,16591,42993
10/3/2022 1 p.m. EDT,31401,21896,29988,30885,84626,75633,11568,37641,16300,24186,12416,16824,44746
10/3/2022 2 p.m. EDT,31850,21875,30962,32609,84621,76933,11788,38549,16363,24930,13206,17103,47047
10/3/2022 3 p.m. EDT,31739,21817,32148,33915,84233,78215,12024,39049,16395,25596,14003,17243,49565
10/3/2022 4 p.m. EDT,32080,21749,33249,34833,83799,79160,12324,39855,16550,26193,14915,17544,52111
10/3/2022 5 p.m. EDT,32768,22212,34185,35329,84660,80120,12910,40767,16958,26667,15750,17792,54397
10/3/2022 6 p.m. EDT,33961,22547,34882,34815,85584,80750,13762,41674,17491,26908,16332,17952,55953
10/3/2022 7 p.m. EDT,35145,23047,34798,33619,86500,80846,14361,42354,17817,26536,16763,17700,55956
10/3/2022 8 p.m. EDT,37044,23800,33869,32949,87490,80443,14195,43016,17847,26235,16100,17608,54210
10/3/2022 9 p.m. EDT,38403,23458,32985,31764,86230,80113,13519,43416,17283,25986,14891,17678,52439
10/3/2022 10 p.m. EDT,39496,22214,31973,29530,82799,77440,12596,43024,16430,24590,14432,16967,50512
10/3/2022 11 p.m. EDT,39286,20729,30160,26962,78665,73373,11535,42317,15324,23072,13941,15858,47712
10/4/2022 12 a.m. EDT,38447,19347,28194,24224,75904,69359,10980,40549,14317,21590,13391,14797,44300
10/4/2022 1 a.m. EDT,35973,18372,26406,21855,73302,66303,10772,38059,13580,20482,12616,13991,40907
10/4/2022 2 a.m. EDT,34698,17847,25157,20150,71591,64632,10546,35572,13147,20362,11745,13491,38481
10/4/2022 3 a.m. EDT,32251,17651,24291,19115,70751,63161,10485,33364,12916,20033,10952,13255,36824
10/4/2022 4 a.m. EDT,29959,17713,23859,18494,70680,61854,10457,31913,12863,19802,10322,13045,35611
10/4/2022 5 a.m. EDT,28458,18128,23617,18576,71920,61582,10449,31014,13017,19857,10008,13133,35137
10/4/2022 6 a.m. EDT,27424,19395,23732,19532,74348,63019,10663,30551,13795,20482,9652,13637,35289
10/4/2022 7 a.m. EDT,26905,21709,24606,21303,80614,66021,11889,30622,15274,21277,9551,14510,36438
10/4/2022 8 a.m. EDT,26477,22734,26294,22216,85549,70851,12743,31588,16379,22368,9846,15718,38802
10/4/2022 9 a.m. EDT,26608,22690,27247,23121,86707,73025,12816,33885,16835,22595,10318,16086,39884
10/4/2022 10 a.m. EDT,28016,22476,27481,24622,86696,73410,12696,36205,16971,23037,10717,16226,40316
10/4/2022 11 a.m. EDT,29864,22185,27912,26425,86525,73775,12644,37179,17001,23540,10826,16439,41775
10/4/2022 12 p.m. EDT,31280,21939,28653,28215,86275,74515,12626,37766,17054,23986,10996,16446,43454
10/4/2022 1 p.m. EDT,32716,21844,29537,29737,86066,75795,12576,38013,17009,24413,11383,16626,45468
10/4/2022 2 p.m. EDT,33829,21999,30482,30995,85814,77039,12695,38336,17008,25105,11779,16823,47754
10/4/2022 3 p.m. EDT,33749,22060,31729,31976,85312,78362,12791,38642,16934,25741,12245,17065,50408
10/4/2022 4 p.m. EDT,33725,22245,32725,32925,85040,79296,12780,39188,16938,26346,12854,17449,52941
10/4/2022 5 p.m. EDT,34019,22738,33512,33594,85779,79954,13268,39876,17224,26846,13604,17653,55025
10/4/2022 6 p.m. EDT,35084,23080,34059,33562,86755,80446,13879,39984,17619,27033,14211,17892,56370
10/4/2022 7 p.m. EDT,36683,23342,33778,32586,87315,80471,14255,41196,17857,26488,14534,17754,56373
10/4/2022 8 p.m. EDT,39064,23850,32886,31991,88241,79932,14037,41966,17763,26230,14786,17558,54537
10/4/2022 9 p.m. EDT,40523,23500,32190,30946,87174,79757,13471,42086,17161,25967,14855,17521,52804
10/4/2022 10 p.m. EDT,40886,22382,31225,28812,83540,77186,12574,41853,16405,24534,14719,16946,50877
10/4/2022 11 p.m. EDT,40356,20841,29641,26261,78997,73269,11504,40919,15372,22972,14233,15931,48110
10/5/2022 12 a.m. EDT,39314,19310,27819,23617,76047,69583,10775,39617,14352,21313,13605,14762,44882
10/5/2022 1 a.m. EDT,37373,18349,26179,21431,73928,66360,10732,37320,13643,20600,12842,13998,41426
10/5/2022 2 a.m. EDT,34992,17935,24995,19941,71984,65084,10611,34942,13204,20412,11989,13518,38555
10/5/2022 3 a.m. EDT,32385,17678,24146,18965,70787,63980,10490,33088,12939,19992,11086,13278,36757
10/5/2022 4 a.m. EDT,30307,17819,23721,18430,70613,62575,10453,31576,12823,19692,10444,13215,35727
10/5/2022 5 a.m. EDT,29000,18241,23513,18442,71525,62224,10690,30879,12967,19970,9970,13290,35026
10/5/2022 6 a.m. EDT,27983,19599,23692,19378,73764,62555,11098,30546,13666,20640,9662,13716,35093
10/5/2022 7 a.m. EDT,27212,21800,24469,21129,79731,65693,12005,30578,14953,21243,9549,14677,36262
10/5/2022 8 a.m. EDT,26802,22596,26151,22168,83803,70444,12684,31539,15931,22363,9709,15867,38657
10/5/2022 9 a.m. EDT,26898,22757,27192,23319,85138,72797,13059,33736,16314,22583,10158,16347,39653
10/5/2022 10 a.m. EDT,28228,22466,27497,24940,85307,73392,13121,36059,16338,22844,10491,16264,40253
10/5/2022 11 a.m. EDT,30190,22263,28001,26618,85336,74188,13077,37170,16306,23263,10657,16355,41915
10/5/2022 12 p.m. EDT,31618,21939,28805,28293,84964,75462,12832,37720,16191,23408,10886,16104,44153
10/5/2022 1 p.m. EDT,32931,21976,29620,30052,84755,76555,12740,38003,15982,23956,11183,16292,46777
10/5/2022 2 p.m. EDT,33453,22087,30539,31711,84933,77971,12801,38315,16049,24644,11697,16522,49667
10/5/2022 3 p.m. EDT,33063,22306,31759,33163,84597,79373,12861,38711,16096,25370,12346,16817,52651
10/5/2022 4 p.m. EDT,33422,22675,32802,34324,84333,80411,13034,39231,16246,26098,13196,17092,55263
10/5/2022 5 p.m. EDT,34323,23461,33573,35209,84529,81290,13405,39782,16623,26717,13995,17574,57396
10/5/2022 6 p.m. EDT,35930,23872,33966,35345,85275,81883,13941,40301,17050,26943,14742,17715,58900
10/5/2022 7 p.m. EDT,38163,23902,33774,34138,85773,81669,14284,41035,17415,26492,15213,17679,58613
10/5/2022 8 p.m. EDT,40149,24210,32931,33157,87175,81033,14059,41702,17535,26000,15449,17522,56227
10/5/2022 9 p.m. EDT,41717,23807,32279,31876,85633,80918,13463,41940,16986,25575,15286,17319,54402
10/5/2022 10 p.m. EDT,41952,22598,31318,29645,82436,78006,12597,41779,16143,24313,15076,16858,52375
10/5/2022 11 p.m. EDT,41264,20974,29681,26754,78605,73885,11536,41221,15099,22732,14550,15737,49294
10/6/2022 12 a.m. EDT,39822,19369,27820,24225,75233,70107,10909,39352,14099,21113,13837,14834,45793
10/6/2022 1 a.m. EDT,37764,18249,26033,21654,72295,67121,10308,36974,13403,20429,13016,14020,41994
10/6/2022 2 a.m. EDT,35735,17674,24866,20031,70263,64924,10302,34535,12923,20300,12182,13475,39167
10/6/2022 3 a.m. EDT,33193,17457,24139,19036,69234,63778,10470,32685,12677,19940,11313,13146,37318
10/6/2022 4 a.m. EDT,30731,17419,23727,18461,68863,62773,10471,31384,12584,19678,10668,13022,36115
10/6/2022 5 a.m. EDT,29006,17819,23589,18417,70256,62538,10599,30615,12736,19844,10241,13093,35562
10/6/2022 6 a.m. EDT,27788,19049,23786,19404,73615,62883,10726,30421,13481,20562,9953,13832,35690
10/6/2022 7 a.m. EDT,27243,21175,24665,21313,78656,65279,11776,30536,14930,21582,9893,14820,36910
10/6/2022 8 a.m. EDT,26823,22182,26397,22397,82873,70332,12577,31308,15870,22255,10067,15772,39280
10/6/2022 9 a.m. EDT,27037,22350,27411,23524,83172,73017,12321,33403,15992,22470,10573,16104,40333
10/6/2022 10 a.m. EDT,28364,22325,27892,25283,82421,73750,11565,35865,15716,22828,10930,16292,41206
10/6/2022 11 a.m. EDT,30040,22537,28504,27098,82212,74684,11138,37051,15441,23413,11009,16258,43110
10/6/2022 12 p.m. EDT,31200,22439,29456,29013,81904,76147,11086,37810,15363,23826,11195,16457,45570
10/6/2022 1 p.m. EDT,33454,22955,30396,30856,82228,77372,10921,38075,15376,24444,11568,16814,48257
10/6/2022 2 p.m. EDT,33917,23646,31432,32872,82893,78523,10747,38359,15546,25083,11971,17115,51512
10/6/2022 3 p.m. EDT,33822,24117,32501,33879,83369,79922,11056,38574,15832,25933,12449,17430,54528
10/6/2022 4 p.m. EDT,33972,24873,33415,35343,84277,80929,11704,39159,16283,26751,13139,17826,56935
10/6/2022 5 p.m. EDT,34579,25603,34105,35782,85329,81331,12575,39753,16891,27475,13831,18238,58720
10/6/2022 6 p.m. EDT,36347,25629,34452,36776,86314,81886,13589,40378,17384,27699,14546,18586,59532
10/6/2022 7 p.m. EDT,37878,25431,34096,34855,86554,81786,14113,41237,17680,27066,14783,18306,59002
10/6/2022 8 p.m. EDT,39670,25498,32969,33655,87643,81215,14051,42091,17711,26343,14898,17993,56638
10/6/2022 9 p.m. EDT,41080,24853,32347,32170,86050,80717,13445,42115,17079,25710,14653,18091,54650
10/6/2022 10 p.m. EDT,40906,23385,31319,29781,82636,78091,12620,41998,16247,24461,14366,17364,52796
10/6/2022 11 p.m. EDT,40328,21724,29809,27067,78810,74037,11548,41254,15182,22811,13843,16192,49891
10/7/2022 12 a.m. EDT,39274,19852,28064,24257,75334,70827,10745,39306,14157,21466,13351,15217,46557
10/7/2022 1 a.m. EDT,37305,18671,26341,21897,71898,67785,10511,37051,13452,20450,12725,14227,43196
10/7/2022 2 a.m. EDT,35337,18050,25172,20186,69505,65709,10462,34436,12960,20281,11890,13480,40456
10/7/2022 3 a.m. EDT,33014,17634,24465,19055,67893,64251,10377,32522,12637,19907,10970,13120,38436
10/7/2022 4 a.m. EDT,30718,17484,24002,18391,67560,63003,10300,31354,12479,19560,10341,12937,37211
10/7/2022 5 a.m. EDT,29278,17754,23757,18318,68558,62503,10505,30616,12580,19711,9862,13065,36480
10/7/2022 6 a.m. EDT,28212,18763,23911,19206,71613,63132,10758,30213,13237,20314,9578,13389,36595
10/7/2022 7 a.m. EDT,27669,20537,24661,20984,76328,65576,11436,30338,14581,21116,9488,14272,37861
10/7/2022 8 a.m. EDT,27504,21579,26258,22039,80361,69828,12171,31284,15632,21570,9634,15313,39964
10/7/2022 9 a.m. EDT,27298,21818,27298,23385,81758,72329,12102,33064,16094,22049,10057,15672,40914
10/7/2022 10 a.m. EDT,28263,22219,27770,25406,82232,73303,11561,35291,16183,22570,10519,16013,41681
10/7/2022 11 a.m. EDT,30228,22519,28234,27400,81585,74212,11098,36912,16185,23306,10667,16281,43662
10/7/2022 12 p.m. EDT,31880,22989,28607,29291,81406,75239,11070,37848,16163,24075,10974,16579,45602
10/7/2022 1 p.m. EDT,33491,23538,28913,31359,81849,75837,11099,38202,16246,24883,11349,16943,47582
10/7/2022 2 p.m. EDT,34237,24426,29177,33421,82200,76734,11399,38406,16401,25969,11797,17340,49714
10/7/2022 3 p.m. EDT,34124,24919,29455,35111,82182,77607,11517,38522,16638,27048,12279,17648,51732
10/7/2022 4 p.m. EDT,34435,25796,29550,36543,82830,77914,12091,38764,16833,27892,12829,17947,53203
10/7/2022 5 p.m. EDT,35847,26190,29454,37369,83473,77749,12963,39212,17234,28515,13416,18057,54181
10/7/2022 6 p.m. EDT,37253,26075,29326,37070,83669,77657,13676,39797,17507,28419,14013,18042,54472
10/7/2022 7 p.m. EDT,38714,25322,28888,35212,83725,77074,13920,40693,17678,27496,14303,17522,53599
10/7/2022 8 p.m. EDT,40486,24879,28387,33440,83914,76537,13722,41328,17525,26417,14379,17198,51800
10/7/2022 9 p.m. EDT,41399,23924,28508,31706,82392,76431,13131,41115,16898,25447,14213,17002,50735
10/7/2022 10 p.m. EDT,41254,22578,27971,29552,79406,74375,12385,40731,16174,24116,13939,16415,49268
10/7/2022 11 p.m. EDT,40103,21394,27157,27329,75975,71779,11479,40009,15284,22845,13339,15733,47434
10/8/2022 12 a.m. EDT,38809,19942,26256,24748,72540,68810,10780,38352,14321,21770,12822,14621,44979
10/8/2022 1 a.m. EDT,36978,18675,25198,22820,69264,65891,10075,36340,13568,20457,12240,13849,42458
10/8/2022 2 a.m. EDT,35317,17776,24230,21046,67009,64358,9795,34403,13064,20158,11622,13165,39963
10/8/2022 3 a.m. EDT,33263,17254,23675,19842,66126,63551,9891,32649,12735,19934,10852,12779,38186
10/8/2022 4 a.m. EDT,31059,16942,23264,19034,66023,62507,9808,31391,12552,19528,10238,12492,36726
10/8/2022 5 a.m. EDT,29485,17079,23169,18708,66358,62415,9846,30532,12528,19311,9838,12436,35676
10/8/2022 6 a.m. EDT,27973,17358,23209,18900,66487,62370,9740,30241,12751,19481,9529,12610,35395
10/8/2022 7 a.m. EDT,26931,18056,23614,19541,68946,62660,9886,30066,13334,19438,9312,12951,35586
10/8/2022 8 a.m. EDT,26325,18622,24295,20399,71506,64685,10441,30355,13882,19327,9309,13464,36194
10/8/2022 9 a.m. EDT,26334,19284,25030,22387,73479,66711,10477,30946,14233,19655,9466,14106,36938
10/8/2022 10 a.m. EDT,26674,19843,25675,24779,74178,68348,9779,32032,14217,20479,9657,14535,38004
10/8/2022 11 a.m. EDT,27464,20009,26042,27086,73963,68718,8988,33273,14215,21466,9900,14848,39847
10/8/2022 12 p.m. EDT,28186,19975,26286,29301,73573,68685,8654,34671,14112,22241,10308,15041,42220
10/8/2022 1 p.m. EDT,30470,20034,26380,31244,74081,69103,8583,35174,13921,22938,10631,14922,44341
10/8/2022 2 p.m. EDT,31376,20203,26388,32982,72937,69190,8307,35473,13650,23604,10990,14886,46576
10/8/2022 3 p.m. EDT,31234,20395,26471,34392,72238,69340,8304,35869,13579,24287,11495,14775,48893
10/8/2022 4 p.m. EDT,31476,20895,26614,35483,72321,69628,9012,36225,13824,25004,12064,14929,50830
10/8/2022 5 p.m. EDT,32227,21529,26860,36148,73423,70052,10271,36896,14389,25460,12467,15118,52351
10/8/2022 6 p.m. EDT,33326,22229,27087,35909,73647,70600,11688,37737,15126,25385,12771,15334,52924
10/8/2022 7 p.m. EDT,35141,22299,27077,34520,74574,71465,12430,38864,15762,24535,12986,15236,52438
10/8/2022 8 p.m. EDT,36898,22548,26860,33305,77498,72093,12466,39735,16028,23788,13166,15411,50647
10/8/2022 9 p.m. EDT,38013,21911,27160,31834,77238,72363,12077,39877,15720,23282,13286,15369,49523
10/8/2022 10 p.m. EDT,38337,21097,26744,29890,75520,70464,11561,39689,15273,22321,13181,15152,47813
10/8/2022 11 p.m. EDT,38162,20050,26048,27940,74274,68043,10898,39061,14671,21169,12562,14564,45638
10/9/2022 12 a.m. EDT,37094,18919,25154,25753,72390,65452,10237,37588,13980,19978,12066,14102,43251
10/9/2022 1 a.m. EDT,35516,17993,24187,23847,70768,62980,9709,35742,13307,18964,11560,13552,40893
10/9/2022 2 a.m. EDT,34010,17336,23409,22174,69908,61977,9655,33774,12878,18879,11032,13337,38632
10/9/2022 3 a.m. EDT,32129,16959,22835,20992,69101,61590,9494,32217,12599,18936,10400,13074,36831
10/9/2022 4 a.m. EDT,29994,16852,22551,20230,68932,60979,9421,31007,12444,18586,9862,12976,35666
10/9/2022 5 a.m. EDT,28412,16876,22501,19855,69415,60562,9505,30362,12424,18484,9454,13066,34757
10/9/2022 6 a.m. EDT,27135,17285,22508,19827,70365,60873,9786,29802,12625,18303,9123,13250,34146
10/9/2022 7 a.m. EDT,26274,17920,22725,20334,71271,61808,9957,29639,13035,18628,8975,13602,34203
10/9/2022 8 a.m. EDT,25851,18749,23218,21021,73409,62572,10387,29902,13434,18512,8928,14450,34525
10/9/2022 9 a.m. EDT,25356,19998,23746,23198,75068,63524,10265,30526,13635,19187,9043,15074,34902
10/9/2022 10 a.m. EDT,25345,20602,24415,25911,74258,65018,9694,31448,13499,20176,9137,15573,36475
10/9/2022 11 a.m. EDT,25840,20610,24859,28304,72588,65541,9086,32474,13255,20687,9219,15336,38691
10/9/2022 12 p.m. EDT,26743,20519,25280,30647,71604,65812,8728,33744,13194,20915,9552,14923,40944
10/9/2022 1 p.m. EDT,28737,20688,25759,32614,71373,66292,8523,34561,13314,21302,9916,14727,43406
10/9/2022 2 p.m. EDT,29752,20618,26289,34079,70945,66817,8552,35061,13418,21745,10210,14687,46081
10/9/2022 3 p.m. EDT,29931,20800,26796,35204,71326,67373,8925,35607,13626,22023,10707,14506,48543
10/9/2022 4 p.m. EDT,29528,20832,27330,36030,70651,68008,9718,36175,14039,22592,11297,14766,50778
10/9/2022 5 p.m. EDT,29892,21253,27809,36469,71706,69325,11037,36926,14622,23030,11911,15002,52480
10/9/2022 6 p.m. EDT,31082,21621,28336,36293,74113,70675,12204,37888,15278,23352,12496,15399,53412
10/9/2022 7 p.m. EDT,33034,21765,28752,35248,76260,72083,12852,39057,15870,23269,13093,15443,53318
10/9/2022 8 p.m. EDT,34604,22667,28620,34700,79050,73093,12765,39944,16022,23376,13656,15705,51979
10/9/2022 9 p.m. EDT,36115,22279,28870,33488,78811,73675,12274,40096,15637,23162,13780,15880,50938
10/9/2022 10 p.m. EDT,36766,21284,28211,31367,76471,71402,11581,40376,15135,22171,13625,15454,49348
10/9/2022 11 p.m. EDT,36859,20057,26928,28954,73396,68414,11013,39757,14402,20965,13178,14796,47042
10/10/2022 12 a.m. EDT,36035,18742,25579,26385,71371,65562,10399,38248,13664,20173,12548,14072,44273
10/10/2022 1 a.m. EDT,34550,17794,24360,24036,70034,63494,9968,35942,13076,19193,11898,13556,41265
10/10/2022 2 a.m. EDT,32921,17266,23359,22430,68839,61977,9804,33614,12671,19012,11058,13287,38741
10/10/2022 3 a.m. EDT,30808,17020,22975,21408,68461,60937,9657,31817,12434,18613,10286,13210,37019
10/10/2022 4 a.m. EDT,28676,17127,22763,20901,68814,60462,9477,30504,12373,18477,9818,13270,36066
10/10/2022 5 a.m. EDT,27300,17665,22666,20973,70508,60872,9412,29731,12533,18851,9437,13397,35417
10/10/2022 6 a.m. EDT,26316,18899,23008,22017,73020,61976,9954,29461,13147,19382,9194,14249,35461
10/10/2022 7 a.m. EDT,25939,20976,24054,23791,79416,64859,10966,29764,14178,20817,9111,15331,36654
10/10/2022 8 a.m. EDT,25798,22006,25766,24881,84128,70189,11712,30992,15061,21576,9279,16457,38338
10/10/2022 9 a.m. EDT,26119,22444,27090,26335,85018,72993,12027,33297,15602,22254,9787,17154,39494
10/10/2022 10 a.m. EDT,27345,22628,27519,28742,83715,73919,11809,35653,15718,22737,10143,17039,40653
10/10/2022 11 a.m. EDT,29492,22661,28051,30951,82442,74274,11702,36763,15552,23142,10165,16973,42976
10/10/2022 12 p.m. EDT,31127,22594,28679,33383,81254,74631,11438,37517,15305,23518,10327,16766,45645
10/10/2022 1 p.m. EDT,32709,22711,29241,35803,80524,75446,11376,37884,15270,23819,10706,16731,48324
10/10/2022 2 p.m. EDT,34602,22919,29805,37937,80487,76489,11411,38233,15241,24305,11106,16630,50948
10/10/2022 3 p.m. EDT,34453,23148,30556,39526,80316,77642,11507,38693,15237,24865,11649,16764,53596
10/10/2022 4 p.m. EDT,33722,23307,31123,40648,80656,78447,11982,39438,15379,25319,12225,16857,55816
10/10/2022 5 p.m. EDT,33674,23758,31578,41479,81815,79144,12724,39924,15829,25766,12954,16990,57299
10/10/2022 6 p.m. EDT,34404,24075,31778,41173,82988,79844,13543,40523,16570,26026,13567,17115,57791
10/10/2022 7 p.m. EDT,35639,24325,31579,39792,84409,80337,14051,41163,17093,25639,14094,17145,56996
10/10/2022 8 p.m. EDT,37273,24879,31178,38718,86298,80416,13861,41832,17254,25576,14355,17232,54930
10/10/2022 9 p.m. EDT,38635,24247,31317,36950,84741,80082,13221,41899,16681,25120,14335,17323,53687
10/10/2022 10 p.m. EDT,39316,22888,30544,34275,81100,77156,12351,42124,15901,23883,14123,16673,51949
10/10/2022 11 p.m. EDT,39094,21284,29421,31436,76946,73524,11316,41541,14910,22362,13569,15808,49350
10/11/2022 12 a.m. EDT,38179,19751,28009,28505,74201,70070,10423,39787,13973,21445,12942,15049,46010
10/11/2022 1 a.m. EDT,35763,18726,26384,25963,71650,67762,10186,37262,13310,20233,12189,14210,42937
10/11/2022 2 a.m. EDT,34717,18175,25315,24206,69981,65447,10271,34901,12868,19903,11384,13798,40119
10/11/2022 3 a.m. EDT,32413,17890,24572,22992,69214,63708,10197,32739,12642,19476,10516,13499,38396
10/11/2022 4 a.m. EDT,30310,17728,24198,22251,69257,62937,10199,31458,12540,19241,9964,13384,36959
10/11/2022 5 a.m. EDT,29012,18060,24107,22185,70802,63108,10478,30809,12760,19499,9557,13586,36219
10/11/2022 6 a.m. EDT,27631,19249,24273,23149,73356,64397,10969,30504,13556,20315,9358,14036,36232
10/11/2022 7 a.m. EDT,26958,21482,25136,25069,80583,66370,12023,30643,15076,21222,9135,15077,37603
10/11/2022 8 a.m. EDT,26916,22543,26989,26166,85368,70911,12839,31649,16043,22502,9323,16307,40053
10/11/2022 9 a.m. EDT,26880,22585,28224,27493,85328,73458,12424,34011,16063,22997,9793,16714,41180
10/11/2022 10 a.m. EDT,27928,22459,28559,29720,83511,74064,11460,36449,15672,23294,10120,16686,41897
10/11/2022 11 a.m. EDT,29977,22403,29073,32095,82544,74743,10954,37778,15325,23693,10348,16693,43877
10/11/2022 12 p.m. EDT,31527,22480,29709,34577,81474,75737,10606,38115,15115,23934,10566,16645,46279
10/11/2022 1 p.m. EDT,32613,22643,30421,37148,82122,76773,10468,38106,15002,24499,10839,16617,49008
10/11/2022 2 p.m. EDT,33894,23072,31076,39561,82255,77930,10637,38099,15060,25220,11301,16958,51222
10/11/2022 3 p.m. EDT,33329,23357,31921,41236,82327,79329,10671,38445,15213,26051,11934,17086,52937
10/11/2022 4 p.m. EDT,32487,23662,32520,42387,82886,79996,11248,39049,15592,26685,12721,17172,54351
10/11/2022 5 p.m. EDT,32328,24010,32831,42808,83277,80282,12029,39721,16280,27269,13492,17449,55899
10/11/2022 6 p.m. EDT,32895,24176,33040,42247,84542,81087,13339,40184,16987,27559,14169,17591,56937
10/11/2022 7 p.m. EDT,34309,24363,32816,40581,85472,81298,14041,40774,17426,27181,14674,17474,56762
10/11/2022 8 p.m. EDT,35996,24964,32347,39696,86913,81464,13920,41350,17480,27050,15039,17577,55231
10/11/2022 9 p.m. EDT,36647,24336,32346,37979,85119,81375,13282,41326,16854,26655,15048,17483,54262
10/11/2022 10 p.m. EDT,37329,23016,31601,35571,81452,78748,12395,41187,15999,25374,14715,16795,53204
10/11/2022 11 p.m. EDT,37624,21337,30255,32691,77527,75720,11347,41005,14958,23883,13969,16053,51278
10/12/2022 12 a.m. EDT,36990,19753,28505,29871,74294,71937,10433,39491,13994,22467,13280,14988,48403
10/12/2022 1 a.m. EDT,35525,18754,26906,27314,71288,68767,10422,37214,13247,21478,12427,14063,45091
10/12/2022 2 a.m. EDT,33886,18311,25736,25498,69439,66506,10101,34629,12793,21131,11521,13458,42399
10/12/2022 3 a.m. EDT,31726,17875,24995,24300,68129,64740,10158,32689,12526,20592,10630,13165,40691
10/12/2022 4 a.m. EDT,29538,17756,24503,23671,68082,63702,10152,31495,12437,20304,10001,12939,39709
10/12/2022 5 a.m. EDT,28084,18097,24274,23612,69407,63187,10423,30842,12610,20315,9642,13065,39074
10/12/2022 6 a.m. EDT,26892,18991,24437,24627,72474,63607,10939,30707,13323,21004,9544,13428,39209
10/12/2022 7 a.m. EDT,26413,21005,25318,26530,78474,66190,11871,30919,14813,21937,9467,14298,40606
10/12/2022 8 a.m. EDT,25691,22028,26929,27735,83224,71131,12669,31999,15783,22883,9629,15407,42965
10/12/2022 9 a.m. EDT,26117,22159,28107,28862,83763,74076,12177,34189,15949,23397,10134,15759,44288
10/12/2022 10 a.m. EDT,27551,22350,28544,30770,82959,75023,11231,36705,15724,23832,10395,16186,45093
10/12/2022 11 a.m. EDT,29731,22682,29066,33026,82556,75775,10851,37905,15443,24410,10445,16652,47665
10/12/2022 12 p.m. EDT,31299,23024,29585,35383,82301,77189,10755,38260,15315,25092,10448,16864,50656
10/12/2022 1 p.m. EDT,32317,23257,30098,37530,82227,78827,10666,38188,15294,25586,10688,17446,53947
10/12/2022 2 p.m. EDT,33734,23805,30783,38964,82497,80117,10806,38252,15489,25944,11223,17921,57309
10/12/2022 3 p.m. EDT,33380,24053,31592,39834,82768,81238,10870,38949,15686,26212,11986,18146,60764
10/12/2022 4 p.m. EDT,32997,24382,32193,39940,82773,81644,11302,38539,16079,26323,12892,18056,63524
10/12/2022 5 p.m. EDT,32800,24703,32580,39771,83730,81569,12320,38969,16617,26245,13676,17839,65300
10/12/2022 6 p.m. EDT,33263,24984,32758,39026,84258,81677,13341,39380,17028,26268,14447,17673,66062
10/12/2022 7 p.m. EDT,34130,25221,32393,38046,85675,81581,14012,39945,17455,26093,14952,17540,65188
10/12/2022 8 p.m. EDT,35197,25615,31735,37788,87112,81796,13841,40854,17416,26186,15357,17658,61927
10/12/2022 9 p.m. EDT,36320,24936,31268,36311,85513,81376,13166,41267,16768,25914,15284,17418,59319
10/12/2022 10 p.m. EDT,37091,23756,30279,34098,82123,78790,12306,41402,15962,24843,14886,16935,57630
10/12/2022 11 p.m. EDT,37317,22099,28990,31402,77701,75030,11293,40721,14939,23419,14089,16100,54787
10/13/2022 12 a.m. EDT,36706,20535,27566,28850,74403,71062,10671,39075,13997,22097,13258,15159,50940
10/13/2022 1 a.m. EDT,35174,19451,25855,26323,71356,68584,10055,36965,13299,21213,12390,14295,46912
10/13/2022 2 a.m. EDT,33486,18798,24682,24719,69122,66879,10141,34887,12875,20928,11502,13667,43587
10/13/2022 3 a.m. EDT,31349,18443,24010,23625,67951,65140,10023,32979,12586,20345,10678,13320,41394
10/13/2022 4 a.m. EDT,29469,18292,23713,22930,67586,64306,10000,31749,12503,20059,10030,13013,39882
10/13/2022 5 a.m. EDT,28119,18247,23645,22754,68686,63432,10246,31111,12656,20015,9542,12855,38995
10/13/2022 6 a.m. EDT,26994,19149,23844,23695,71235,64539,10734,30742,13395,20787,9298,13182,38743
10/13/2022 7 a.m. EDT,26504,21253,24686,25548,76877,67340,11751,30925,14886,21784,9184,14009,39894
10/13/2022 8 a.m. EDT,25985,22441,26351,26520,81675,72233,12616,32029,16012,22730,9363,14963,42148
10/13/2022 9 a.m. EDT,26151,22592,27592,27666,83570,75044,12844,34421,16449,23065,9858,15387,42886
10/13/2022 10 a.m. EDT,27552,23070,27823,29962,84247,75690,13035,37174,16792,23413,10199,15706,43167
10/13/2022 11 a.m. EDT,29613,23492,28038,32161,84742,76087,13250,38032,17050,24053,10281,15994,44639
10/13/2022 12 p.m. EDT,31257,23938,28450,33882,84949,76741,13197,38233,17155,24642,10584,16273,46402
10/13/2022 1 p.m. EDT,32016,24567,28661,34752,85298,77318,13107,38489,17255,25197,10885,16424,48760
10/13/2022 2 p.m. EDT,33255,25217,29012,35160,85361,77991,13051,38345,17258,25806,11383,16525,51161
10/13/2022 3 p.m. EDT,33399,25717,29388,34990,85141,78854,13062,38463,17202,26544,12128,16618,53797
10/13/2022 4 p.m. EDT,32940,26009,29454,34909,84794,78869,13404,38463,17335,27157,13069,16641,56081
10/13/2022 5 p.m. EDT,32410,26092,29611,34974,85155,79022,13817,38815,17646,27449,14059,16656,57839
10/13/2022 6 p.m. EDT,32614,26180,29765,34782,85629,79162,14231,39367,17942,27142,14786,16544,58610
10/13/2022 7 p.m. EDT,32925,25815,29612,34383,86514,78992,14422,40156,18115,26344,15215,16300,57733
10/13/2022 8 p.m. EDT,34127,25950,29165,34464,87474,79387,14094,40947,17855,25983,15545,16474,54742
10/13/2022 9 p.m. EDT,35540,25294,29201,33261,85683,79244,13508,41065,17228,25487,15437,16630,53102
10/13/2022 10 p.m. EDT,36308,24134,28678,31343,82277,77103,12720,41138,16384,24140,14906,16200,51389
10/13/2022 11 p.m. EDT,36638,22278,27722,28952,77779,73917,11729,40592,15321,22515,14124,15580,48686
10/14/2022 12 a.m. EDT,35977,20493,26443,26137,74263,70146,11011,38960,14198,21052,13396,14708,45366
10/14/2022 1 a.m. EDT,34567,19098,25236,24045,71771,67304,10528,36695,13440,19946,12505,14011,42083
10/14/2022 2 a.m. EDT,33082,18254,24609,22402,70094,65480,10117,34592,12941,19220,11593,13573,39378
10/14/2022 3 a.m. EDT,30928,17682,24219,21348,69056,64232,10111,32878,12630,18554,10717,13312,37472
10/14/2022 4 a.m. EDT,28929,17355,23994,20718,68791,63693,10042,31646,12517,18341,10117,13270,36403
10/14/2022 5 a.m. EDT,27588,17644,23830,20641,69944,63751,10229,30974,12675,18505,9656,13482,35766
10/14/2022 6 a.m. EDT,26612,18619,24089,21665,71942,64721,10808,30684,13380,19521,9418,13978,35993
10/14/2022 7 a.m. EDT,26007,20558,24983,23533,78181,67488,11752,30931,14786,20646,9324,14968,36996
10/14/2022 8 a.m. EDT,25691,21689,26744,24709,83060,72837,12792,32024,15827,21607,9461,16170,39217
10/14/2022 9 a.m. EDT,25982,22091,27953,26007,84410,75641,13205,34209,16001,22161,9832,16609,40347
10/14/2022 10 a.m. EDT,27203,22192,28295,28017,83823,76064,13218,36152,15798,22544,10175,16649,41029
10/14/2022 11 a.m. EDT,29357,22269,28406,29864,82766,76107,13079,37485,15539,22706,10203,16504,42988
10/14/2022 12 p.m. EDT,31008,22422,28683,31948,81150,75951,12814,38129,15200,22882,10420,16273,45184
10/14/2022 1 p.m. EDT,32129,22546,29149,33951,80586,75880,12475,38268,14957,23125,10932,15990,47563
10/14/2022 2 p.m. EDT,33391,22535,29327,36084,81254,75837,12299,38210,14922,23543,11411,15903,49981
10/14/2022 3 p.m. EDT,33580,22503,29874,37970,81505,76605,12061,38320,14974,23932,12113,15921,52498
10/14/2022 4 p.m. EDT,32900,22758,30465,39017,80916,76872,12140,38564,15234,24252,12986,15980,55030
10/14/2022 5 p.m. EDT,32679,23196,30773,39166,80764,76997,12700,38926,15800,24540,13883,16003,56961
10/14/2022 6 p.m. EDT,32188,23324,30992,38447,80973,77264,13396,39500,16449,24552,14647,16099,58135
10/14/2022 7 p.m. EDT,32713,23061,30704,36619,81348,76963,13754,40177,16833,23893,15067,16068,57524
10/14/2022 8 p.m. EDT,33215,23094,30070,35349,82283,76727,13456,40797,16788,23492,15291,16116,54737
10/14/2022 9 p.m. EDT,34061,22402,29727,33657,80679,76000,12864,40598,16270,23041,14925,16165,52953
10/14/2022 10 p.m. EDT,34760,21536,28988,31708,78386,73697,12174,40346,15601,22153,14477,15721,51091
10/14/2022 11 p.m. EDT,35265,20475,27921,29638,75305,71257,11333,39373,14809,21295,13806,15192,49243
10/15/2022 12 a.m. EDT,34451,19272,26927,27113,73151,68225,10463,37783,13985,20326,13199,14531,47128
10/15/2022 1 a.m. EDT,32479,18249,25747,25077,70591,65238,9835,36049,13273,19318,12570,13700,44749
10/15/2022 2 a.m. EDT,32024,17696,24930,23369,68580,62904,9750,34223,12840,18822,11863,13056,42648
10/15/2022 3 a.m. EDT,30421,17344,24374,22200,67487,61105,9496,32556,12537,18273,11085,13010,40887
10/15/2022 4 a.m. EDT,28627,17333,24009,21449,67109,60208,9392,31235,12351,18474,10500,12830,39754
10/15/2022 5 a.m. EDT,27490,17459,23868,21095,67519,60109,9438,30482,12375,18510,10047,12835,38983
10/15/2022 6 a.m. EDT,26474,18022,23897,21183,69105,60728,9418,30165,12631,18816,9681,12966,38521
10/15/2022 7 a.m. EDT,25674,18946,24191,21841,70628,61960,10012,30219,13204,19089,9483,13333,38678
10/15/2022 8 a.m. EDT,25101,19919,24779,22700,72977,64363,10589,30555,13803,19214,9440,13928,39401
10/15/2022 9 a.m. EDT,25103,20792,25477,24858,74936,66234,10640,31507,14079,20078,9599,14384,40214
10/15/2022 10 a.m. EDT,25433,21047,26081,27711,74661,68109,10094,32790,13978,20805,9677,14904,41892
10/15/2022 11 a.m. EDT,26209,20886,26703,29950,73798,68991,9508,33873,13785,21287,9745,15038,44834
10/15/2022 12 p.m. EDT,27194,20785,27427,32182,72811,69620,9130,34833,13716,21571,10362,15129,48466
10/15/2022 1 p.m. EDT,28593,20863,28123,34176,72005,70058,9044,35196,13606,21892,10819,15310,51943
10/15/2022 2 p.m. EDT,29498,21008,28827,35778,72293,70571,9046,35397,13404,22397,11035,15361,54916
10/15/2022 3 p.m. EDT,29627,21241,29734,37128,72460,71106,9476,35538,13477,23123,11095,15562,57455
10/15/2022 4 p.m. EDT,29076,21829,30547,37916,72621,71675,10206,35868,13745,23869,11402,15729,59786
10/15/2022 5 p.m. EDT,28827,22345,31186,37697,73549,72623,11153,36046,14329,24428,11782,15826,61401
10/15/2022 6 p.m. EDT,28429,22675,31597,36689,75164,73647,12103,36484,15077,24576,11821,15975,61999
10/15/2022 7 p.m. EDT,28528,22460,31495,34981,76564,73907,12677,37115,15734,23871,12140,15884,61218
10/15/2022 8 p.m. EDT,29525,22481,30883,33800,78160,74244,12517,37880,15919,23430,12058,15912,57929
10/15/2022 9 p.m. EDT,30406,21873,30615,32278,77267,73670,12038,38245,15584,23012,12064,15952,55943
10/15/2022 10 p.m. EDT,31028,20960,29717,30316,75131,71607,11466,38445,15059,22071,11768,15442,54290
10/15/2022 11 p.m. EDT,31706,19831,28695,28338,72842,69083,10815,37897,14453,20943,11347,14832,52276
10/16/2022 12 a.m. EDT,31331,18671,27455,26398,70478,66345,10274,36748,13761,19822,10979,13996,49798
10/16/2022 1 a.m. EDT,30434,17617,26110,24323,68582,63741,9732,35148,13116,18711,10612,13219,47110
10/16/2022 2 a.m. EDT,29457,16934,25013,22627,66952,61611,9354,33510,12688,18349,10220,12807,44622
10/16/2022 3 a.m. EDT,28182,16528,24281,21484,66013,60124,9184,31934,12388,18067,9718,12437,42617
10/16/2022 4 a.m. EDT,26960,16372,23809,20715,65331,59036,9117,30776,12235,17780,9229,12300,40861
10/16/2022 5 a.m. EDT,26080,16376,23450,20244,65511,58774,9135,30066,12226,17545,8886,12249,39663
10/16/2022 6 a.m. EDT,25129,16678,23437,20187,66484,58807,9296,29580,12382,17625,8672,12258,39097
10/16/2022 7 a.m. EDT,24496,17339,23569,20596,67696,59651,9607,29527,12803,17809,8517,12562,38871
10/16/2022 8 a.m. EDT,24009,18000,24039,21311,69163,61378,9948,29819,13271,18223,8531,12910,38801
10/16/2022 9 a.m. EDT,23728,19193,24711,23559,71077,63522,9903,30563,13571,19001,8567,13606,39076
10/16/2022 10 a.m. EDT,24129,19931,25350,26790,72010,65522,9423,31738,13556,19825,8782,14178,40216
10/16/2022 11 a.m. EDT,24495,20299,25892,29432,72234,67074,9191,32871,13471,20532,9080,14563,42954
10/16/2022 12 p.m. EDT,25096,20857,26380,31894,71600,68105,9107,34380,13269,21222,9314,14914,45435
10/16/2022 1 p.m. EDT,26075,21572,26673,34334,71993,69144,9078,35111,13191,22119,9494,15080,47505
10/16/2022 2 p.m. EDT,27308,22261,26879,36409,73074,70125,9080,35168,13540,23163,9669,15389,49957
10/16/2022 3 p.m. EDT,27663,22669,26988,38061,73896,70660,9560,35719,13710,24189,9924,15532,52241
10/16/2022 4 p.m. EDT,28062,23323,27063,39312,73786,71154,10310,35803,13782,24955,10156,15659,53729
10/16/2022 5 p.m. EDT,27379,23995,27105,39962,74859,72197,11452,36123,14501,25679,10477,15838,54746
10/16/2022 6 p.m. EDT,26741,24316,27241,39417,76796,73370,12490,36794,15428,25832,10784,15979,55404
10/16/2022 7 p.m. EDT,26738,24325,27491,37662,79240,74371,13225,37658,16152,25438,11148,16072,55030
10/16/2022 8 p.m. EDT,27608,24538,27723,36496,81144,75493,13050,38807,16171,25440,11561,16479,53798
10/16/2022 9 p.m. EDT,28540,23761,28335,34685,79697,75844,12465,39290,15804,24832,11866,16531,53199
10/16/2022 10 p.m. EDT,29845,22480,27875,32414,77053,73710,11632,39468,15121,23467,11964,16033,51602
10/16/2022 11 p.m. EDT,31146,20913,27143,29830,73865,70927,10732,38937,14312,21944,11653,15270,49325
10/17/2022 12 a.m. EDT,31124,19319,25980,27103,71283,67366,10098,37381,13522,20645,11203,14417,46581
10/17/2022 1 a.m. EDT,29551,18339,24838,24695,68894,64533,9932,35327,12946,19666,10622,13664,43510
10/17/2022 2 a.m. EDT,29019,17604,24106,22925,67213,62681,9641,33081,12536,19252,9879,13117,40778
10/17/2022 3 a.m. EDT,27387,17228,23812,21852,66590,61809,9487,31458,12301,18735,9198,12784,38991
10/17/2022 4 a.m. EDT,25780,17121,23756,21282,66436,61411,9744,30391,12223,18613,8796,12606,37911
10/17/2022 5 a.m. EDT,24834,17416,23641,21398,67021,61886,9858,29822,12452,18682,8542,12668,37403
10/17/2022 6 a.m. EDT,23997,18460,23988,22466,70560,64006,10257,29676,13232,19348,8343,13175,37607
10/17/2022 7 a.m. EDT,23723,20459,25072,24245,77157,68443,11535,29948,14700,20886,8356,14294,38716
10/17/2022 8 a.m. EDT,23495,21636,27056,25322,82903,74299,12601,31086,16003,22021,8637,15585,40742
10/17/2022 9 a.m. EDT,24468,22000,28445,26566,84482,77424,12854,33406,16631,22363,9162,15979,41893
10/17/2022 10 a.m. EDT,25767,22414,28729,28901,84926,78136,12951,36059,16942,22963,9730,16186,42075
10/17/2022 11 a.m. EDT,28105,22846,28808,31543,85411,78390,13090,37394,16954,23745,9801,16371,43008
10/17/2022 12 p.m. EDT,29556,23354,28892,34105,85496,78393,13144,37787,16861,24494,9763,16475,43567
10/17/2022 1 p.m. EDT,30445,24062,28971,36396,85366,78541,13084,37849,16782,25037,9713,16400,43883
10/17/2022 2 p.m. EDT,30984,24968,28844,37804,84928,78341,13180,37730,16657,25718,9825,16390,43973
10/17/2022 3 p.m. EDT,30783,25426,28855,38486,84408,78089,13113,37752,16558,26495,9976,16299,44215
10/17/2022 4 p.m. EDT,30088,25702,28741,38925,84454,77310,13130,37807,16592,26247,10270,16204,44131
10/17/2022 5 p.m. EDT,30143,25877,28609,38627,85362,76940,13498,37976,16939,26346,11015,16193,44122
10/17/2022 6 p.m. EDT,30328,25908,28616,37897,86665,77283,14088,38409,17433,26090,11517,16180,44568
10/17/2022 7 p.m. EDT,31171,25746,28673,36845,88477,78239,14434,39008,17828,25610,12003,16366,44527
10/17/2022 8 p.m. EDT,32032,25972,29027,36375,89627,79987,14064,39706,17565,25876,12485,17098,44196
10/17/2022 9 p.m. EDT,33295,25183,29726,34749,87828,80540,13416,40092,16920,25357,12772,17303,44688
10/17/2022 10 p.m. EDT,34376,23646,29383,32435,84600,78833,12533,40446,16107,24210,12698,16864,43904
10/17/2022 11 p.m. EDT,34973,21846,28621,29795,80184,76038,11474,39695,15071,22705,12364,16250,42064
10/18/2022 12 a.m. EDT,34479,20157,27479,27039,77190,72692,10581,38042,14104,21232,11858,15540,39357
10/18/2022 1 a.m. EDT,32346,18972,26425,24599,74348,69604,10228,35748,13401,20321,11203,15043,36752
10/18/2022 2 a.m. EDT,31474,18274,25656,22969,72584,67432,10115,33426,12956,20026,10460,14673,35002
10/18/2022 3 a.m. EDT,29815,17934,25351,21912,71709,66399,10126,31707,12668,19625,9715,14646,34010
10/18/2022 4 a.m. EDT,28843,17754,25301,21364,71656,65945,10129,30494,12589,19569,9266,14829,33276
10/18/2022 5 a.m. EDT,27513,18083,25446,21347,73157,66196,10353,30017,12774,19810,8892,15178,32921
10/18/2022 6 a.m. EDT,26514,19237,25761,22417,76389,68198,10431,29802,13526,20188,8686,16084,33384
10/18/2022 7 a.m. EDT,26132,21522,26947,24352,83684,72546,11778,30114,15032,21913,8645,17439,34877
10/18/2022 8 a.m. EDT,25919,22923,29115,25451,89004,78234,12853,31605,16171,23404,8940,19125,37793
10/18/2022 9 a.m. EDT,26317,23100,30578,26566,89720,81321,13062,34224,16364,23999,9504,19614,39289
10/18/2022 10 a.m. EDT,27711,23082,30654,28365,88833,81140,12900,37023,16136,24353,10063,19361,39397
10/18/2022 11 a.m. EDT,29615,22890,30316,29913,87868,80495,12615,38005,16000,25036,9918,18974,39812
10/18/2022 12 p.m. EDT,31309,22355,30066,31369,86569,79576,12499,37952,15758,25044,9777,18483,39999
10/18/2022 1 p.m. EDT,31649,22383,29740,32757,85656,78515,12073,37760,15481,23980,9789,18080,39613
10/18/2022 2 p.m. EDT,32705,22184,29298,33647,86193,77727,11736,37450,15455,23753,10020,17758,39310
10/18/2022 3 p.m. EDT,32429,21904,29021,33888,85605,77027,11885,37413,15459,23415,10284,17314,39580
10/18/2022 4 p.m. EDT,32829,22013,28626,34062,85733,76138,11881,37711,15765,23262,10643,17097,39531
10/18/2022 5 p.m. EDT,33309,22349,28295,33809,86931,75765,12269,38084,16339,23445,11156,17113,39771
10/18/2022 6 p.m. EDT,33757,23145,28300,33263,88527,76303,13427,38447,17013,23767,11623,17295,40331
10/18/2022 7 p.m. EDT,34787,24128,28429,32626,91235,77671,14083,39089,17607,24356,11979,17907,40506
10/18/2022 8 p.m. EDT,36370,25296,29047,32673,92687,79914,13869,39662,17581,25748,12455,18865,40998
10/18/2022 9 p.m. EDT,37356,25047,30094,31315,91424,80967,13261,39943,17018,26072,12756,19159,41753
10/18/2022 10 p.m. EDT,37990,24238,29979,29219,88415,80009,12413,40372,16268,25485,12802,18912,41485
10/18/2022 11 p.m. EDT,37975,22939,29328,26620,84257,77104,11407,39685,15262,24324,12500,18305,40127
10/19/2022 12 a.m. EDT,37276,21847,28281,24024,81079,73661,10516,38136,14271,23286,12185,17480,37955
10/19/2022 1 a.m. EDT,35378,21188,27431,21722,78766,70726,10458,35981,13591,22585,11529,16782,35775
10/19/2022 2 a.m. EDT,34251,21057,26885,20266,77188,69002,10143,33682,13161,22744,10827,16480,34488
10/19/2022 3 a.m. EDT,31761,21129,26733,19315,76540,68205,10224,31960,12938,22919,10037,16399,33775
10/19/2022 4 a.m. EDT,29630,21545,26701,18691,76631,68180,10061,30838,12897,23109,9529,16557,33418
10/19/2022 5 a.m. EDT,28514,22528,26943,18679,77521,68793,10316,30144,13127,23419,9007,16955,33433
10/19/2022 6 a.m. EDT,27413,24366,27564,18782,81449,70964,10829,30097,13975,24346,8816,17687,34119
10/19/2022 7 a.m. EDT,26863,26899,28872,21665,88862,75559,12178,30545,15504,26590,8921,19073,35874
10/19/2022 8 a.m. EDT,26697,28473,31114,22965,93770,81778,13111,31734,16608,28410,9189,20478,39006
10/19/2022 9 a.m. EDT,26809,28305,32412,23491,93600,84713,12596,34387,16774,28636,9702,20630,40710
10/19/2022 10 a.m. EDT,27785,27341,32213,24106,91371,84231,11461,37229,16449,28011,10184,20057,40584
10/19/2022 11 a.m. EDT,29819,25719,31340,24431,89688,82552,10568,38453,16166,27090,10165,19219,40347
10/19/2022 12 p.m. EDT,31281,24362,30553,24147,88155,80721,10477,38511,16155,26056,9937,18417,39912
10/19/2022 1 p.m. EDT,32115,23590,29868,23745,87072,78631,10541,38361,16195,25424,9826,17670,39608
10/19/2022 2 p.m. EDT,33064,23006,29306,23447,86525,77027,10625,38007,16337,24676,9845,17069,39404
10/19/2022 3 p.m. EDT,33082,22475,28939,23267,86675,75830,10760,37134,16323,24139,10735,16581,39735
10/19/2022 4 p.m. EDT,33667,22691,28630,23318,86324,74695,11151,37993,16689,23755,10644,16265,39840
10/19/2022 5 p.m. EDT,34424,22473,28372,23684,86171,73953,12277,38317,17170,23664,11234,16119,40268
10/19/2022 6 p.m. EDT,35460,22862,28362,24068,87447,74310,13443,38783,17572,23850,11951,16178,41005
10/19/2022 7 p.m. EDT,37460,24203,28485,24597,89905,75746,14082,39385,18031,24040,12554,16617,41410
10/19/2022 8 p.m. EDT,39569,25547,28853,25555,92394,78272,13948,39932,17894,25345,12892,17596,41366
10/19/2022 9 p.m. EDT,40915,25507,29487,25007,91388,79479,13486,39521,17338,25841,13112,18092,41868
10/19/2022 10 p.m. EDT,41174,24802,29300,23689,88775,78608,12693,40551,16582,25372,13209,18135,41335
10/19/2022 11 p.m. EDT,40441,23748,28587,21832,84802,76467,11657,39887,15535,24367,12751,17720,39989
10/20/2022 12 a.m. EDT,39092,22741,27337,19935,81872,73468,10746,38249,14563,23615,12279,17286,37866
10/20/2022 1 a.m. EDT,37192,22190,26122,18514,79521,70876,10418,36101,13908,22944,11584,16953,36127
10/20/2022 2 a.m. EDT,35117,22081,25490,17655,78170,69114,10116,33882,13461,23388,10820,16951,34564
10/20/2022 3 a.m. EDT,32606,22320,25220,17244,77906,68458,9962,32415,13206,23499,10054,17079,33884
10/20/2022 4 a.m. EDT,30195,22825,25195,17208,78312,68320,9967,31146,13123,23824,9572,17257,33549
10/20/2022 5 a.m. EDT,28707,23757,25450,17681,79316,69011,9989,30458,13300,24265,9249,17588,33463
10/20/2022 6 a.m. EDT,27764,25577,26104,19196,83929,70889,10849,30256,14091,25760,9022,18574,33939
10/20/2022 7 a.m. EDT,27573,28060,27377,21862,91508,75400,12419,30725,15607,27862,9003,19861,35879
10/20/2022 8 a.m. EDT,27297,29281,29490,23520,96337,81017,13336,31809,16754,29833,9219,21555,38738
10/20/2022 9 a.m. EDT,27172,28884,30846,24164,96054,83839,12833,34173,16949,30067,9761,21712,40262
10/20/2022 10 a.m. EDT,28472,26999,30510,24190,93055,83283,11700,36880,16647,28870,10255,20751,40239
10/20/2022 11 a.m. EDT,30370,25242,29715,24168,89659,81171,10909,38128,16369,27177,10218,19479,40147
10/20/2022 12 p.m. EDT,31103,23867,29174,24128,87224,78869,10294,38359,16100,26110,10107,18455,40182
10/20/2022 1 p.m. EDT,31766,23081,28753,24277,86460,77189,10141,38422,15960,25331,10128,17653,40550
10/20/2022 2 p.m. EDT,32666,22581,28577,24548,85517,75683,10284,38216,15906,23522,10370,17081,41202
10/20/2022 3 p.m. EDT,32666,22134,28634,24857,84544,75075,10255,38177,15864,23449,10750,16673,42358
10/20/2022 4 p.m. EDT,33303,21949,28760,25409,84325,74117,10929,38247,16044,23622,11394,16214,43576
10/20/2022 5 p.m. EDT,33701,22148,28848,25979,83625,73486,12131,38398,16611,23650,11989,16063,45036
10/20/2022 6 p.m. EDT,34912,22499,29062,26219,85046,73678,13364,38507,17279,23470,12512,16125,46395
10/20/2022 7 p.m. EDT,36529,23308,29126,26399,87210,74387,14045,39201,17829,23731,13059,16489,46835
10/20/2022 8 p.m. EDT,38196,24490,29117,27205,89353,76402,13966,39771,17814,24942,13503,17281,45724
10/20/2022 9 p.m. EDT,39227,24430,29330,26591,88521,77127,13474,40281,17271,25258,13524,17867,45260
10/20/2022 10 p.m. EDT,39438,23794,28842,25075,86053,75679,12715,40661,16521,24835,13309,17630,44494
10/20/2022 11 p.m. EDT,38864,22745,27921,22995,82260,72854,11711,40038,15496,23902,12797,17165,43082
10/21/2022 12 a.m. EDT,37721,21836,26766,20789,79422,69513,10782,38584,14519,23188,12322,16577,40533
10/21/2022 1 a.m. EDT,35170,21337,25628,19072,77744,67077,10448,36543,13860,22800,11612,16061,37857
10/21/2022 2 a.m. EDT,34074,21196,24782,18002,76478,65990,10119,34282,13431,22615,10823,15870,35987
10/21/2022 3 a.m. EDT,31933,21375,24227,17437,76155,65175,9966,32389,13134,22596,10241,15953,34851
10/21/2022 4 a.m. EDT,29916,21838,24007,17234,76467,64651,9972,31444,13073,22839,9501,16169,34088
10/21/2022 5 a.m. EDT,29077,22635,23994,17565,77496,64932,10287,30755,13257,23080,9131,16451,33885
10/21/2022 6 a.m. EDT,27971,24478,24296,18923,80667,65660,10836,30524,14076,24351,8937,17218,34214
10/21/2022 7 a.m. EDT,27466,27129,25262,21207,87811,69121,12360,30889,15563,26433,8906,18499,35562
10/21/2022 8 a.m. EDT,27137,28497,27061,22800,92954,74420,13278,31963,16635,28075,9105,19874,38245
10/21/2022 9 a.m. EDT,27130,28120,28430,23675,93016,77065,12795,34148,16665,28342,9604,20038,39601
10/21/2022 10 a.m. EDT,27963,26421,28602,24112,89775,76788,11653,36556,16077,27378,10089,19303,39945
10/21/2022 11 a.m. EDT,29892,24530,28413,24440,86263,75745,10854,37871,15608,26041,10088,18251,40780
10/21/2022 12 p.m. EDT,31257,23391,28455,24723,83759,74818,10424,38464,15254,24891,10001,17403,41716
10/21/2022 1 p.m. EDT,31954,22513,28565,25086,82270,74235,10115,38559,14998,23925,10209,16757,42777
10/21/2022 2 p.m. EDT,32433,21961,28804,25520,81662,73909,10080,38640,14945,23366,10487,16364,44502
10/21/2022 3 p.m. EDT,31884,21582,29424,25885,81600,74006,10284,38387,14883,23464,10986,16080,46880
10/21/2022 4 p.m. EDT,31482,21218,30202,26482,82160,73982,10684,39078,15092,23615,11640,15943,49152
10/21/2022 5 p.m. EDT,31518,21427,30752,27158,81371,74008,11883,39396,15707,23597,12483,15836,51092
10/21/2022 6 p.m. EDT,32257,21832,31118,27282,81522,74368,13021,39607,16461,22814,13210,15958,52344
10/21/2022 7 p.m. EDT,33607,22304,30975,26746,82645,74507,13568,40222,16928,22626,13847,15915,52243
10/21/2022 8 p.m. EDT,35047,22950,30398,26665,83673,74821,13306,40665,16876,23076,14064,16186,50414
10/21/2022 9 p.m. EDT,35684,22676,29970,25604,82496,74248,12822,40765,16381,22981,13854,16013,49132
10/21/2022 10 p.m. EDT,35777,22240,29156,24252,80515,72122,12194,40718,15792,22528,13503,15880,47571
10/21/2022 11 p.m. EDT,35531,21531,28352,22648,78348,69523,11374,39880,15027,21828,12933,15433,45876
10/22/2022 12 a.m. EDT,34515,20727,27285,20972,75368,66868,10587,38608,14188,21675,12295,14775,43772
10/22/2022 1 a.m. EDT,32617,20165,26051,19241,73006,63788,10087,36868,13490,20836,11721,14152,41346
10/22/2022 2 a.m. EDT,32002,19922,24981,18080,71416,62005,10143,34877,13004,20829,11164,13679,39284
10/22/2022 3 a.m. EDT,30474,19976,24158,17372,71077,60335,9796,33174,12727,20313,10559,13559,37470
10/22/2022 4 a.m. EDT,29521,20211,23662,16971,71062,59392,9835,31965,12597,20340,10183,13467,36357
10/22/2022 5 a.m. EDT,28294,20679,23398,17013,70926,58992,10081,31396,12640,20662,9846,13550,35661
10/22/2022 6 a.m. EDT,27127,21528,23398,17467,71481,59351,10189,30981,12964,21008,9597,13891,35366
10/22/2022 7 a.m. EDT,26379,22682,23861,18510,74799,60673,10538,31087,13572,21824,9432,14402,35669
10/22/2022 8 a.m. EDT,25768,23892,24611,19832,78412,62591,11186,31576,14190,22713,9413,15107,36598
10/22/2022 9 a.m. EDT,25748,24652,25357,21727,79837,64673,11109,32424,14429,23646,9654,15674,37503
10/22/2022 10 a.m. EDT,26440,23931,26081,23234,78993,66000,10261,33902,14082,23798,9832,15840,38864
10/22/2022 11 a.m. EDT,27159,22699,26772,24297,77978,67226,9533,35086,13747,23236,9741,15770,40890
10/22/2022 12 p.m. EDT,27876,21646,27447,25246,76559,68007,9479,36504,13539,22526,9931,15662,42790
10/22/2022 1 p.m. EDT,28701,20924,28050,26180,75757,68212,9446,37339,13381,22053,10271,15263,44938
10/22/2022 2 p.m. EDT,28773,20540,28675,27169,75140,68943,9381,37665,13234,22068,11226,15270,47160
10/22/2022 3 p.m. EDT,28135,20417,29354,28177,74115,69336,9695,37557,13272,21899,11285,15369,49126
10/22/2022 4 p.m. EDT,27367,20462,29967,29101,73866,69853,10429,37138,13653,21894,11711,15240,51015
10/22/2022 5 p.m. EDT,26560,20894,30620,29713,74927,70516,11412,36946,14350,21696,12253,15321,52398
10/22/2022 6 p.m. EDT,26239,21170,31082,29726,76380,71227,12120,37201,15209,21850,12878,15328,53036
10/22/2022 7 p.m. EDT,26512,21454,31082,28583,78099,71638,12705,37543,15835,21732,13295,15534,52558
10/22/2022 8 p.m. EDT,26985,21981,30650,28046,79267,72273,12478,38160,15829,22094,13451,15820,50799
10/22/2022 9 p.m. EDT,28416,21523,30466,26765,78096,72084,12037,38858,15469,21836,13432,15624,50330
10/22/2022 10 p.m. EDT,29302,20864,29773,25153,76246,70073,11503,39405,15028,21234,13155,15366,49050
10/22/2022 11 p.m. EDT,30322,20005,28960,23485,74603,67602,10825,39053,14360,20509,12615,14829,47414
10/23/2022 12 a.m. EDT,30152,19049,27981,21679,72188,64870,10287,37936,13660,19968,12142,14221,45502
10/23/2022 1 a.m. EDT,28583,18396,26823,19941,69776,62119,10098,36475,13051,19586,11656,13537,43412
10/23/2022 2 a.m. EDT,28435,17942,25787,18635,68228,60162,9832,34942,12644,19021,11146,12986,41177
10/23/2022 3 a.m. EDT,27445,17794,25029,17738,67228,58400,9623,33482,12368,18869,10542,12683,39487
10/23/2022 4 a.m. EDT,26475,17849,24514,17176,66939,57459,9764,32556,12264,18885,9976,12631,38183
10/23/2022 5 a.m. EDT,25804,18068,24205,16959,67484,57086,9676,31932,12251,19041,9597,12634,37432
10/23/2022 6 a.m. EDT,24922,18623,23996,17149,68443,57010,9842,31670,12437,19481,9336,12770,36963
10/23/2022 7 a.m. EDT,24369,19584,24079,17832,69918,57708,10226,31596,12888,19991,9171,13091,37024
10/23/2022 8 a.m. EDT,24026,20672,24432,18818,71771,59392,10555,31945,13390,20422,9158,13680,37513
10/23/2022 9 a.m. EDT,23970,21700,25018,20928,73936,60882,10813,33151,13833,21595,9283,14373,38152
10/23/2022 10 a.m. EDT,24157,21840,25814,23176,74937,62965,11292,34135,13981,22056,9381,14926,39603
10/23/2022 11 a.m. EDT,24704,21194,26958,24991,75517,64670,11326,35353,14011,21821,9457,14973,42047
10/23/2022 12 p.m. EDT,25396,20789,28026,26622,75623,66285,11368,36684,14138,21379,9694,14887,44619
10/23/2022 1 p.m. EDT,25127,20634,29144,28222,75783,68029,11335,37534,14290,21325,9833,15063,47242
10/23/2022 2 p.m. EDT,24586,20626,30121,29684,75490,69493,11570,37607,14329,21709,9931,15392,49360
10/23/2022 3 p.m. EDT,23690,20664,31002,31035,75814,70627,11871,37396,14364,21946,10120,15608,51117
10/23/2022 4 p.m. EDT,22765,20902,31603,32120,76601,71582,12224,37127,14589,22012,10364,15861,52765
10/23/2022 5 p.m. EDT,22058,21207,31960,32929,78107,72655,12755,36715,15052,22219,10485,15977,53995
10/23/2022 6 p.m. EDT,22057,21606,32289,32969,79589,74106,13342,36574,15729,22575,10606,16262,54591
10/23/2022 7 p.m. EDT,22583,22130,32375,31750,81664,74789,13654,36997,16337,22607,10846,16328,54286
10/23/2022 8 p.m. EDT,23569,22796,32220,31339,83087,75916,13246,37820,16292,23236,11167,16689,53214
10/23/2022 9 p.m. EDT,25746,22265,32490,29889,81639,76027,12629,38870,15843,23075,11588,16658,53240
10/23/2022 10 p.m. EDT,28048,21344,31777,27795,78495,73826,11798,40001,15160,22143,11789,16021,52187
10/23/2022 11 p.m. EDT,29638,20106,30621,25437,75288,70474,10858,39771,14317,20930,11487,15123,50429
10/24/2022 12 a.m. EDT,29701,18860,29139,22465,72368,66851,10503,38595,13486,19841,11111,14320,48115
10/24/2022 1 a.m. EDT,28189,18071,27674,20729,70251,63506,10433,36630,12882,19307,10555,13622,45434
10/24/2022 2 a.m. EDT,27897,17726,26509,19256,68813,61103,10274,34690,12483,19159,9900,13052,43204
10/24/2022 3 a.m. EDT,26611,17698,25867,18372,68115,59592,10105,33131,12279,19003,9272,12807,41615
10/24/2022 4 a.m. EDT,25537,17953,25263,17953,67830,58959,10111,32237,12259,18966,8942,12837,40771
10/24/2022 5 a.m. EDT,24971,18539,24966,18157,68091,59079,10400,31701,12477,19286,8666,12921,40387
10/24/2022 6 a.m. EDT,24494,19990,25167,19347,71465,60775,10960,31792,13237,20088,8526,13482,40628
10/24/2022 7 a.m. EDT,23999,22591,26034,21411,78349,64764,11802,32267,14695,21947,8551,14690,42099
10/24/2022 8 a.m. EDT,23857,24018,27860,22756,83783,70384,12686,33800,16004,23654,8826,16230,44714
10/24/2022 9 a.m. EDT,24713,24179,29253,23875,85629,73423,13110,36671,16529,24185,9434,16621,45859
10/24/2022 10 a.m. EDT,26071,23938,29694,25537,85949,74494,13293,39441,16670,24198,10006,16573,46019
10/24/2022 11 a.m. EDT,28226,23473,29897,27205,86412,75539,13487,40796,16705,24044,10012,16555,47101
10/24/2022 12 p.m. EDT,29813,23007,30270,28682,86337,76647,13578,41142,16585,23931,9749,16441,48182
10/24/2022 1 p.m. EDT,30304,22767,30167,30247,86288,77740,13618,41030,16523,23975,9558,16577,48873
10/24/2022 2 p.m. EDT,29483,22704,30020,31832,86205,78720,13605,40755,16439,24129,9287,16740,49122
10/24/2022 3 p.m. EDT,28556,22756,29839,33268,85939,79563,13447,40362,16317,24444,9124,16819,49476
10/24/2022 4 p.m. EDT,27401,23072,29594,34526,85392,79559,13460,40387,16438,24567,9153,16965,49787
10/24/2022 5 p.m. EDT,26846,23476,29285,35422,85624,79422,13733,39441,16796,24801,9260,17080,50435
10/24/2022 6 p.m. EDT,26728,23615,29206,35332,86668,79348,14283,39164,17421,24964,9414,17258,51012
10/24/2022 7 p.m. EDT,27486,23934,29144,34132,88122,79632,14524,39405,17839,24842,9836,17206,51176
10/24/2022 8 p.m. EDT,28541,24467,29592,33751,88680,80726,14058,40102,17515,25380,10326,17505,50948
10/24/2022 9 p.m. EDT,30192,24032,29740,32133,86442,80241,13381,41126,16874,24971,10963,17367,51285
10/24/2022 10 p.m. EDT,31983,22754,29178,29775,82869,77625,12446,42263,16020,23871,11341,16755,50234
10/24/2022 11 p.m. EDT,33009,21060,28302,27081,79298,74099,11442,41671,14959,22349,11071,15834,47997
10/25/2022 12 a.m. EDT,32514,19723,27012,24265,76027,70133,10620,40185,13978,21123,10754,14861,44315
10/25/2022 1 a.m. EDT,31355,18709,25669,21628,72947,66495,10379,38097,13309,20602,10284,14100,41331
10/25/2022 2 a.m. EDT,29958,18433,24781,20034,70672,64992,10085,36006,12866,19973,9808,13542,38755
10/25/2022 3 a.m. EDT,28545,18278,24172,19199,69475,63464,10127,34317,12614,19463,9388,13287,36116
10/25/2022 4 a.m. EDT,27031,18352,23912,18599,69189,62556,10073,33175,12518,19291,9057,13200,34680
10/25/2022 5 a.m. EDT,26218,18825,23901,18574,70319,61739,10298,32745,12671,19460,8845,13336,33900
10/25/2022 6 a.m. EDT,25521,20007,24299,19626,72796,62852,10987,32715,13430,20215,8773,13796,33986
10/25/2022 7 a.m. EDT,24819,22440,25286,21779,78485,66227,11892,33061,14885,21566,8820,14825,35574
10/25/2022 8 a.m. EDT,24969,23755,27375,23019,83592,71290,12761,34551,16125,23170,9081,16031,38188
10/25/2022 9 a.m. EDT,25431,23769,28938,23932,84931,74122,12968,37299,16629,23516,9670,16407,39321
10/25/2022 10 a.m. EDT,26959,23306,29223,25587,85083,74806,12945,40281,16720,23526,10264,16530,39206
10/25/2022 11 a.m. EDT,29018,22746,29215,27289,85393,75299,12959,41474,16725,23777,10191,16628,39560
10/25/2022 12 p.m. EDT,30355,22304,29217,29156,85534,75604,12910,41346,16710,23920,9604,16635,39945
10/25/2022 1 p.m. EDT,29663,22050,29046,31016,85599,76118,12864,40782,16714,24088,9171,16612,40204
10/25/2022 2 p.m. EDT,28754,22135,28940,32610,85525,76023,12907,40185,16712,24438,8933,16764,40605
10/25/2022 3 p.m. EDT,28055,22272,28921,33990,85139,75855,12905,39755,16806,24702,8766,16564,41195
10/25/2022 4 p.m. EDT,27719,22617,28534,35277,84844,75501,13076,39442,16974,24770,8741,16405,41740
10/25/2022 5 p.m. EDT,27739,23118,28277,36051,85396,75265,13544,39028,17480,24811,8889,16468,42796
10/25/2022 6 p.m. EDT,27589,23384,28226,35861,86324,75834,14220,39225,17976,24783,9207,16478,43582
10/25/2022 7 p.m. EDT,27944,23898,28216,34469,88037,76702,14544,39636,18316,25029,9628,16668,43881
10/25/2022 8 p.m. EDT,28893,24563,28533,33822,88278,77757,14137,40538,18000,25682,10304,17102,43185
10/25/2022 9 p.m. EDT,30321,23904,29040,31975,86350,77483,13532,41759,17304,25437,10815,17072,43145
10/25/2022 10 p.m. EDT,31734,22702,28670,29570,82905,75475,12642,42269,16402,24347,11187,16616,42682
10/25/2022 11 p.m. EDT,32800,21073,27912,26770,79330,72255,11763,41832,15362,22909,11075,15563,41144
10/26/2022 12 a.m. EDT,32455,19570,26692,23904,75763,68883,11063,40097,14394,21465,10796,14592,38571
10/26/2022 1 a.m. EDT,31377,18599,25631,21513,72290,65628,10635,38371,13616,20548,10302,13859,36168
10/26/2022 2 a.m. EDT,30236,17906,25044,19974,69993,63617,10422,36101,13129,19999,9783,13299,34550
10/26/2022 3 a.m. EDT,28619,17598,24724,18985,68661,62295,10438,34459,12802,19465,9266,12989,33581
10/26/2022 4 a.m. EDT,27193,17459,24633,18425,68208,61746,10312,33545,12696,19208,8890,12730,33082
10/26/2022 5 a.m. EDT,26249,17899,24725,18430,69310,61888,10430,33025,12839,19290,8712,12806,33067
10/26/2022 6 a.m. EDT,25354,19062,25171,19499,72135,63522,10887,33052,13559,19714,8642,13338,33493
10/26/2022 7 a.m. EDT,25355,21225,26431,21639,77591,67271,12016,33569,14979,21006,8647,14609,35372
10/26/2022 8 a.m. EDT,24897,22367,28674,22867,83054,73019,12874,34912,16225,22402,8922,15831,38406
10/26/2022 9 a.m. EDT,25220,22602,30235,23890,84371,76280,13261,37793,16691,22667,9531,16204,40133
10/26/2022 10 a.m. EDT,26781,22826,30167,25517,84797,76402,13443,40601,16714,22989,10183,16469,40193
10/26/2022 11 a.m. EDT,28911,23033,29614,27222,85028,75550,13522,42058,16736,23339,9986,16740,40182
10/26/2022 12 p.m. EDT,30167,23018,29217,29039,84749,75035,13284,42018,16852,23410,9403,16766,40203
10/26/2022 1 p.m. EDT,30255,23109,28757,31025,84450,74257,13103,41086,16783,23564,8987,16616,40428
10/26/2022 2 p.m. EDT,30249,23251,28431,33169,84444,73681,13133,40350,16851,23743,8816,16459,40750
10/26/2022 3 p.m. EDT,28720,23243,28303,35023,84219,73290,13136,39802,17078,23769,8720,16250,41520
10/26/2022 4 p.m. EDT,27694,23483,28254,36465,83645,72577,13312,39438,17429,23983,8787,16024,42329
10/26/2022 5 p.m. EDT,26948,23708,28156,37298,84383,72277,13718,39134,17789,24106,8975,16065,43416
10/26/2022 6 p.m. EDT,26972,23952,28324,37040,85524,72948,14311,38995,18073,24148,9399,16183,44355
10/26/2022 7 p.m. EDT,27409,24374,28403,35709,87358,74225,14583,39364,18326,24176,9854,16501,44521
10/26/2022 8 p.m. EDT,28475,24814,28612,35083,87946,76373,14196,40225,17949,24797,10374,17222,43980
10/26/2022 9 p.m. EDT,30284,24192,28873,33291,86142,76576,13633,41223,17219,24647,10883,17431,44064
10/26/2022 10 p.m. EDT,31833,23053,28529,30977,82950,75021,12792,42168,16371,23781,11191,17193,43340
10/26/2022 11 p.m. EDT,33003,21455,27875,28285,79288,72399,11751,41576,15252,22402,11058,16578,41883
10/27/2022 12 a.m. EDT,32697,19993,26780,25312,76012,69169,10804,40247,14228,21430,10681,15599,39333
10/27/2022 1 a.m. EDT,31534,18854,25545,22992,73313,66186,10413,38323,13456,20521,10195,15090,36839
10/27/2022 2 a.m. EDT,30151,18321,24780,21249,71053,65157,9992,36232,12963,20238,9582,14660,35079
10/27/2022 3 a.m. EDT,28370,18014,24496,20150,70316,64449,9932,34604,12662,20000,9095,14510,34096
10/27/2022 4 a.m. EDT,26724,17992,24363,19561,70148,64066,9880,33537,12523,19901,8845,14501,33551
10/27/2022 5 a.m. EDT,25889,18428,24434,19568,71205,64256,9937,33115,12679,20261,8649,14629,33275
10/27/2022 6 a.m. EDT,25027,19644,24798,20670,73553,66047,10408,33166,13376,21318,8588,15171,33873
10/27/2022 7 a.m. EDT,24603,21963,26002,22759,80196,70231,11772,33237,14788,22732,8606,16451,35689
10/27/2022 8 a.m. EDT,24548,23317,28114,24111,85316,76078,12508,34958,15957,24170,8905,17914,38636
10/27/2022 9 a.m. EDT,25159,23349,29604,25234,86312,79109,12299,37806,16247,24495,9600,18298,40131
10/27/2022 10 a.m. EDT,26696,23082,29715,26977,85038,78831,11510,40970,15940,24440,10264,17969,40245
10/27/2022 11 a.m. EDT,28933,22919,29508,28972,83675,77369,10939,42306,15569,24051,10218,17283,40632
10/27/2022 12 p.m. EDT,30378,22463,29376,30905,82177,76235,10473,42538,15317,23731,9742,16822,40901
10/27/2022 1 p.m. EDT,30215,22251,29075,32988,81547,75293,10341,41954,15109,23386,9549,16310,41284
10/27/2022 2 p.m. EDT,29546,22083,28762,35004,80851,74495,10549,41002,15023,23316,9384,16028,41716
10/27/2022 3 p.m. EDT,28894,22220,28625,36610,80191,74124,10789,40140,15030,23386,9337,15759,42547
10/27/2022 4 p.m. EDT,28446,22234,28499,37858,80249,73655,11372,39188,15370,23441,9433,15568,43492
10/27/2022 5 p.m. EDT,27884,22381,28222,38455,80940,73381,12192,38606,16061,23678,9636,15495,44336
10/27/2022 6 p.m. EDT,28296,22637,28274,37776,82476,73692,13295,38313,16929,23767,9983,15564,45000
10/27/2022 7 p.m. EDT,29055,23375,28307,36209,84762,74526,13831,38343,17531,23707,10475,15697,44753
10/27/2022 8 p.m. EDT,29387,24034,28567,35587,86340,76441,13552,39350,17438,24304,12322,16436,44453
10/27/2022 9 p.m. EDT,30620,23677,28822,33855,85366,76683,12981,40645,16858,24002,11274,16621,44889
10/27/2022 10 p.m. EDT,32090,22718,28438,31729,83203,75033,12212,41495,16117,23366,11501,16416,44663
10/27/2022 11 p.m. EDT,32845,21322,27676,29302,81083,72393,11265,41258,15149,22186,11293,15824,43339
10/28/2022 12 a.m. EDT,31989,19963,26764,26322,77989,69019,10630,40095,14213,20773,11009,15124,41039
10/28/2022 1 a.m. EDT,30935,18875,25628,24137,75143,66094,10008,38222,13535,20137,10475,14431,38347
10/28/2022 2 a.m. EDT,30286,18298,24940,22445,73683,65076,9879,36340,13119,19952,9955,14098,36317
10/28/2022 3 a.m. EDT,28530,18054,24526,21281,72999,64154,10009,34671,12879,19579,9431,14040,35096
10/28/2022 4 a.m. EDT,26924,18162,24389,20568,73150,63523,9829,33651,12831,19413,9045,14047,34427
10/28/2022 5 a.m. EDT,26148,18518,24328,20532,74494,63791,9914,33022,13026,19623,8848,14261,33952
10/28/2022 6 a.m. EDT,25959,19759,24601,21544,76526,65220,10631,32862,13800,20252,8768,14774,34643
10/28/2022 7 a.m. EDT,25584,21929,25520,23531,83268,68640,11933,33258,15283,21538,8838,15881,36212
10/28/2022 8 a.m. EDT,25440,23294,27440,24769,88591,74110,12871,34378,16440,22760,9119,17266,38913
10/28/2022 9 a.m. EDT,25680,23435,28888,26008,89591,77170,12571,36765,16678,23055,9712,17602,40462
10/28/2022 10 a.m. EDT,27112,23152,29061,28088,88027,77342,11682,39510,16448,23274,10371,17359,40921
10/28/2022 11 a.m. EDT,29283,22771,28977,30194,86279,76009,10986,40620,16051,23281,10209,17008,42153
10/28/2022 12 p.m. EDT,30526,22335,28923,32133,84812,74677,10506,40602,15719,23098,9680,16640,42980
10/28/2022 1 p.m. EDT,29828,22146,28724,34011,83489,73723,10441,40287,15392,22985,9264,16342,43046
10/28/2022 2 p.m. EDT,29793,22007,28511,35411,82537,72761,10430,39684,15255,23080,9124,16193,43436
10/28/2022 3 p.m. EDT,29303,21825,28567,36333,81739,72317,10513,38984,15296,23117,8968,16025,43920
10/28/2022 4 p.m. EDT,29068,21769,28415,37078,81256,71762,10999,38428,15498,23108,8983,16022,43705
10/28/2022 5 p.m. EDT,28892,21973,28137,37232,81582,71191,12045,38028,16196,23113,9158,16014,43634
10/28/2022 6 p.m. EDT,29227,22182,28027,36470,82309,71343,13213,37627,16845,22916,9538,15964,43677
10/28/2022 7 p.m. EDT,29318,22619,27870,34783,83844,71698,13746,37922,17300,22850,10060,15997,43507
10/28/2022 8 p.m. EDT,29601,22939,28078,33795,84454,73065,13465,38578,17125,23330,10713,16143,43431
10/28/2022 9 p.m. EDT,29917,22488,28230,32172,83355,72902,13006,39301,16660,22901,10944,16090,43106
10/28/2022 10 p.m. EDT,30913,21826,27841,30451,82078,71245,12399,40038,16084,22170,10974,15768,41897
10/28/2022 11 p.m. EDT,31956,20862,27175,28521,79705,69281,11599,39688,15280,21227,10811,15229,40486
10/29/2022 12 a.m. EDT,31572,19785,26350,26381,76743,66832,10809,38789,14484,20306,10575,14566,38729
10/29/2022 1 a.m. EDT,31128,18879,25437,24265,73691,64785,10218,37502,13816,19326,10230,13951,36899
10/29/2022 2 a.m. EDT,30225,18204,24692,22583,71708,62884,9854,35777,13361,18973,9790,13386,35093
10/29/2022 3 a.m. EDT,28794,17895,24235,21427,70961,61699,9671,34147,13114,18863,9307,13212,34044
10/29/2022 4 a.m. EDT,27393,17708,24014,20722,71145,60944,9630,33195,12979,18583,8958,13176,33325
10/29/2022 5 a.m. EDT,26456,17835,23917,20470,71726,60968,9768,32818,13041,18584,8737,13229,32894
10/29/2022 6 a.m. EDT,25672,18229,24082,20687,72683,61768,10160,32687,13358,18875,8611,13449,32781
10/29/2022 7 a.m. EDT,25018,19032,24497,21330,75210,62622,10865,32799,13954,19084,8601,13992,33318
10/29/2022 8 a.m. EDT,24663,19965,25211,22254,78371,64911,11616,33479,14659,19435,8708,14649,34180
10/29/2022 9 a.m. EDT,24739,20937,26088,24220,80241,67216,11599,34523,14986,20297,8927,15164,35669
10/29/2022 10 a.m. EDT,25160,21561,26687,26825,79932,68862,10685,35958,14676,21177,9220,15569,36951
10/29/2022 11 a.m. EDT,26066,21777,27101,28939,78138,69445,10287,37089,14258,21748,9251,15708,38087
10/29/2022 12 p.m. EDT,26837,21566,27134,30827,76246,69007,10057,37450,13882,21912,9100,15586,38864
10/29/2022 1 p.m. EDT,26495,21248,27050,32669,75701,68390,9905,38070,13602,21868,8835,15393,39009
10/29/2022 2 p.m. EDT,26686,20903,26776,34136,75304,67691,9790,37414,13388,21656,8754,15061,39152
10/29/2022 3 p.m. EDT,25988,20615,26561,35225,75265,67127,10059,36625,13391,21600,8808,15099,39157
10/29/2022 4 p.m. EDT,25282,20535,26414,35805,75328,66855,10623,35824,13723,21577,8899,15194,39131
10/29/2022 5 p.m. EDT,24951,20656,26293,35885,75615,67000,11157,35289,14471,21643,9193,15268,39173
10/29/2022 6 p.m. EDT,24658,20936,26368,35137,76022,67583,12356,35213,15419,21707,9642,15363,39413
10/29/2022 7 p.m. EDT,24602,21536,26399,33680,77963,68359,12915,35470,16138,21855,10247,15477,39469
10/29/2022 8 p.m. EDT,25576,21776,26611,33036,79123,69671,12655,36401,16097,22380,10783,15728,39655
10/29/2022 9 p.m. EDT,27191,21416,26876,31579,78141,69036,12255,37548,15780,22031,11128,15458,39706
10/29/2022 10 p.m. EDT,28742,20715,26458,29979,76505,67517,11764,38338,15347,21420,11107,15171,39236
10/29/2022 11 p.m. EDT,29961,19809,25941,28215,75784,65635,11141,37946,14741,20578,10708,14593,38264
10/30/2022 12 a.m. EDT,29447,18752,25167,26163,73656,63478,10515,37058,14064,19700,10362,14092,37031
10/30/2022 1 a.m. EDT,28627,17963,24383,24427,72601,61002,10038,35883,13523,19164,10002,13388,35616
10/30/2022 2 a.m. EDT,27797,17329,23747,22937,71404,59419,9995,34513,13117,18452,9671,12961,34350
10/30/2022 3 a.m. EDT,27275,17017,23297,21841,70759,58316,10089,33342,12901,17879,9214,12627,33418
10/30/2022 4 a.m. EDT,26366,16898,22991,21078,70664,57488,10029,32580,12803,17585,8882,12403,32766
10/30/2022 5 a.m. EDT,25426,16906,22890,20616,71030,57314,10126,32081,12826,17859,8677,12405,32533
10/30/2022 6 a.m. EDT,24636,17218,22983,20548,72043,57725,10244,31902,13090,18067,8539,12550,32517
10/30/2022 7 a.m. EDT,23946,17916,23279,20878,74599,58539,10421,31988,13557,18197,8485,12732,32609
10/30/2022 8 a.m. EDT,23699,18777,23890,21570,75866,60246,11035,32513,14096,18244,8591,13080,33188
10/30/2022 9 a.m. EDT,23680,19788,24649,23537,77002,62477,11059,33434,14361,19062,8800,13518,34112
10/30/2022 10 a.m. EDT,23931,20540,25274,26530,77027,64442,10554,34495,14026,20123,9076,14348,35295
10/30/2022 11 a.m. EDT,24832,20793,25828,29134,75939,65680,10122,35692,13685,20810,9122,14752,36750
10/30/2022 12 p.m. EDT,25305,20784,25995,31436,75053,66053,9907,36305,13466,21228,8932,14928,37282
10/30/2022 1 p.m. EDT,25023,20877,26029,33510,74117,66471,9655,36656,13412,21466,8772,15127,37775
10/30/2022 2 p.m. EDT,25050,20801,26151,35292,73875,66969,9881,36723,13318,21699,8684,15195,38656
10/30/2022 3 p.m. EDT,24411,20766,26144,36570,74048,66883,10233,36609,13410,21788,8734,15223,39582
10/30/2022 4 p.m. EDT,23950,20725,26166,37527,74552,66879,10702,36474,13855,21877,8796,15198,40431
10/30/2022 5 p.m. EDT,24025,20918,26218,37943,75105,67067,11580,36167,14738,22165,9112,15221,41384
10/30/2022 6 p.m. EDT,24303,21485,26403,37395,77083,67944,12776,36289,15631,22500,9471,15880,44934
10/30/2022 7 p.m. EDT,24755,23391,28808,17380,80395,69516,13430,36877,16451,22884,9839,15758,42492
10/30/2022 8 p.m. EDT,25651,22850,27330,35377,81540,71501,13137,37839,16384,23424,10452,16321,42679
10/30/2022 9 p.m. EDT,27364,22351,27666,33717,80050,71465,12631,39094,15969,23262,11041,16198,43302
10/30/2022 10 p.m. EDT,29222,21454,27284,31605,77223,69839,11902,39735,15347,22519,11258,15725,42434
10/30/2022 11 p.m. EDT,30570,20093,26531,29087,74318,67288,11211,39363,14592,21230,11057,14942,40837
10/31/2022 12 a.m. EDT,30266,18862,25533,26390,72616,64243,10514,38169,13801,20010,10754,14246,38646
10/31/2022 1 a.m. EDT,28648,17987,24482,24079,70392,61580,10287,36414,13186,18936,10286,13521,36168
10/31/2022 2 a.m. EDT,28341,17428,24354,22336,69075,60260,9998,34642,12772,18952,9640,13080,34281
10/31/2022 3 a.m. EDT,26919,17175,23507,21267,68152,59994,9874,33194,12549,18641,9088,12761,33143
10/31/2022 4 a.m. EDT,26078,17236,23393,20733,68370,59584,9913,32346,12518,18551,8756,12652,32669
10/31/2022 5 a.m. EDT,25182,17587,23423,20837,69923,60082,10223,31839,12718,18756,8618,12741,32496
10/31/2022 6 a.m. EDT,24543,18714,23982,21929,72524,61319,10947,31816,13495,19252,8570,13113,33158
10/31/2022 7 a.m. EDT,24380,21013,25138,23924,78606,64861,12033,32237,15063,20524,8625,14339,34769
10/31/2022 8 a.m. EDT,24230,22257,27952,25125,83705,70406,13105,33684,16317,22242,8980,15682,37785
10/31/2022 9 a.m. EDT,24563,22561,28771,26254,84731,73842,12989,36383,16614,22623,9607,16116,39650
10/31/2022 10 a.m. EDT,26178,22762,28977,28472,84357,74712,12172,38923,16435,23065,10326,16318,39900
10/31/2022 11 a.m. EDT,28719,23016,28957,31076,84849,74885,11565,40003,16301,23390,10265,16482,40351
10/31/2022 12 p.m. EDT,29813,23181,28804,33496,84912,74855,11253,39994,16300,23867,9781,16538,40799
10/31/2022 1 p.m. EDT,29686,23481,28594,35743,84547,75169,11253,39780,16196,24208,9424,16532,41364
10/31/2022 2 p.m. EDT,30120,23701,28464,37843,84497,75193,11500,39301,16248,24393,9315,16506,42106
10/31/2022 3 p.m. EDT,30357,23703,28623,39419,84446,75261,11710,38971,16372,24442,9241,16284,43182
10/31/2022 4 p.m. EDT,30154,23784,28696,40670,84464,74998,12138,38893,16606,24603,9347,16199,43943
10/31/2022 5 p.m. EDT,30080,23894,28739,41186,84899,74722,12985,38661,16884,24662,9625,16153,44726
10/31/2022 6 p.m. EDT,30609,23950,28753,40475,84743,74617,13476,38625,17085,24478,10063,16206,45459
10/31/2022 7 p.m. EDT,30502,24025,28465,38094,84839,74241,13503,38899,17254,24016,10565,16137,45290
10/31/2022 8 p.m. EDT,30638,24053,27966,36212,84551,74376,13085,39349,16971,24163,11003,16297,43925
10/31/2022 9 p.m. EDT,30814,23851,27711,34666,83673,73964,12758,39895,16516,24008,11280,16242,43355
10/31/2022 10 p.m. EDT,31623,22944,27450,32702,81554,73060,12131,39859,15857,23478,10982,16275,42689
10/31/2022 11 p.m. EDT,31837,21610,27218,30865,78426,70890,11180,39387,14892,22437,10528,15713,41885
11/1/2022 12 a.m. EDT,31153,20090,26286,27792,74782,67572,10322,38630,13956,20972,10320,14812,39737
11/1/2022 1 a.m. EDT,29738,18948,25160,25367,71738,64823,10243,37334,13314,19958,10116,13983,37039
11/1/2022 2 a.m. EDT,29937,18292,24295,23810,70031,63735,10134,35545,12920,19766,9691,13490,35405
11/1/2022 3 a.m. EDT,28131,17944,24010,22837,68990,62680,10247,34008,12674,19472,9129,13065,34421
11/1/2022 4 a.m. EDT,26676,17862,23873,22103,68712,62300,10240,32979,12591,19363,8849,13128,33824
11/1/2022 5 a.m. EDT,25673,18074,23911,22020,69707,62562,10163,32449,12777,19544,8714,13085,33539
11/1/2022 6 a.m. EDT,25218,19149,24294,23000,71486,64110,10707,32327,13461,20323,8656,13635,33747
11/1/2022 7 a.m. EDT,24985,21153,25155,24995,77080,66891,11595,32684,14875,21296,8702,14660,35194
11/1/2022 8 a.m. EDT,24975,22590,27111,26203,82740,72239,12705,33906,16167,22982,8992,15927,37925
11/1/2022 9 a.m. EDT,25134,22726,28706,27329,84103,75355,13049,36490,16687,23095,9646,16340,39575
11/1/2022 10 a.m. EDT,26648,22821,28808,29448,84383,75515,13184,39439,16905,23245,10221,16429,39754
11/1/2022 11 a.m. EDT,28779,22812,28577,31769,84487,74781,13251,40678,16950,23289,10276,16349,40314
11/1/2022 12 p.m. EDT,30131,22923,28429,34159,84049,74417,13229,40646,16839,23472,9924,16441,41046
11/1/2022 1 p.m. EDT,30090,23284,28536,36644,83910,74129,13125,40549,16742,23651,9495,16455,41648
11/1/2022 2 p.m. EDT,30171,23758,28656,38865,84042,74239,13098,40348,16840,23912,9493,16529,42093
11/1/2022 3 p.m. EDT,30511,24010,28966,40645,83824,74369,12925,40076,16743,24071,9610,16514,42636
11/1/2022 4 p.m. EDT,30804,24384,29145,42016,83759,74375,12907,39886,16806,24297,9589,16571,42965
11/1/2022 5 p.m. EDT,30512,24620,29328,42687,83964,74261,13294,39676,17133,24419,9786,16709,43284
11/1/2022 6 p.m. EDT,30538,24775,29523,42191,85199,74695,14063,39721,17541,24350,10015,16858,43810
11/1/2022 7 p.m. EDT,30137,25043,29557,40439,87131,75405,14491,40087,17902,24485,10234,16943,43798
11/1/2022 8 p.m. EDT,29205,25281,29682,39598,87789,77384,14034,40921,17553,25215,10772,17587,43898
11/1/2022 9 p.m. EDT,30115,24288,29751,37461,85447,76864,13313,42287,16921,24660,11338,17383,44351
11/1/2022 10 p.m. EDT,31450,22953,29058,35189,81989,74748,12417,43093,16042,23566,11613,16798,43624
11/1/2022 11 p.m. EDT,32738,21267,28120,32039,78511,71362,11577,42412,15024,22231,11457,15977,42155
11/2/2022 12 a.m. EDT,32403,19673,26787,29721,75544,68332,10720,41158,14026,20700,11160,14967,40130
11/2/2022 1 a.m. EDT,31575,18548,25451,26667,72483,65830,10538,39144,13280,19739,10619,14192,37637
11/2/2022 2 a.m. EDT,30246,17894,24737,24864,70467,63986,10311,37107,12877,19525,9990,13662,35773
11/2/2022 3 a.m. EDT,28479,17627,24278,23722,69480,62721,10110,35374,12637,19106,9462,13232,34673
11/2/2022 4 a.m. EDT,26874,17518,24025,23105,69317,62018,10077,34301,12537,18972,9128,13139,34117
11/2/2022 5 a.m. EDT,26183,17815,24051,23081,70556,62075,10332,33740,12685,19228,8883,13085,33802
11/2/2022 6 a.m. EDT,25222,18794,24336,24142,73372,63802,10755,33667,13428,19816,8753,13373,34228
11/2/2022 7 a.m. EDT,25094,21036,25305,26086,78798,66507,11717,34124,14892,20949,8783,14363,35869
11/2/2022 8 a.m. EDT,24646,22214,27263,27166,83800,71770,12709,35535,16120,22426,9060,15634,38544
11/2/2022 9 a.m. EDT,24746,22336,28618,28260,84894,75013,12495,38422,16398,22714,9610,16008,40305
11/2/2022 10 a.m. EDT,26224,22382,28690,30270,83959,75173,11489,41347,16136,22885,10231,16058,40411
11/2/2022 11 a.m. EDT,28662,22358,28694,32525,83273,74694,10974,42894,15774,23085,10142,16123,40957
11/2/2022 12 p.m. EDT,30295,22305,28903,34780,82979,74567,10810,42859,15390,23373,9761,16317,41450
11/2/2022 1 p.m. EDT,30468,22440,29072,37330,82682,74926,10673,42850,15164,23674,9581,16536,42231
11/2/2022 2 p.m. EDT,30567,22644,29195,39478,82814,75259,10500,42652,15150,24156,9622,16697,43056
11/2/2022 3 p.m. EDT,30024,22841,29434,41019,82893,75898,10616,42006,15317,24582,9611,16827,44254
11/2/2022 4 p.m. EDT,29074,23056,29543,41941,82823,76087,11329,41871,15748,24942,9652,16758,45160
11/2/2022 5 p.m. EDT,28157,23359,29635,42239,83160,76179,12526,41304,16477,25225,9904,16843,45852
11/2/2022 6 p.m. EDT,27562,23621,29711,41462,84234,76464,13580,40973,17206,25362,10215,17059,46579
11/2/2022 7 p.m. EDT,27242,24246,29625,39803,86479,76916,14109,41080,17633,25201,10637,17079,46732
11/2/2022 8 p.m. EDT,27712,24533,29627,38929,86840,78263,13707,41685,17355,25636,11082,17454,46576
11/2/2022 9 p.m. EDT,29148,23857,29763,36892,84824,77617,13096,43057,16717,25171,11508,17248,47032
11/2/2022 10 p.m. EDT,30924,22697,29144,34821,81874,75336,12270,43824,15945,23921,11709,16736,46161
11/2/2022 11 p.m. EDT,32585,21174,28278,34954,78846,72367,11232,43283,14910,22635,11468,15868,44768
11/3/2022 12 a.m. EDT,32250,19658,26907,40992,75929,69719,10387,42184,14002,21058,11093,14986,42608
11/3/2022 1 a.m. EDT,30639,18582,25660,26127,72781,66541,10176,40164,13298,20078,10755,14175,40106
11/3/2022 2 a.m. EDT,30225,18012,24796,24702,70890,63782,10051,38078,12935,19654,10090,13679,38085
11/3/2022 3 a.m. EDT,28618,17697,24258,23486,70150,62133,9914,36422,12697,19436,9524,13418,36709
11/3/2022 4 a.m. EDT,26926,17615,23944,22740,70086,61291,9924,35450,12639,19258,9153,13257,36015
11/3/2022 5 a.m. EDT,25789,18060,23927,22658,71429,60964,10210,35053,12843,19520,8860,13410,35801
11/3/2022 6 a.m. EDT,25069,19213,24204,23612,73594,62265,10766,35118,13564,20403,8734,13719,36243
11/3/2022 7 a.m. EDT,24701,21350,25123,25540,79854,66314,12139,35756,15026,21453,8797,14832,37993
11/3/2022 8 a.m. EDT,24711,22678,27111,26775,85262,71800,13253,37143,16284,22884,8991,16152,40935
11/3/2022 9 a.m. EDT,24936,22738,28665,27660,86335,75011,12987,40274,16472,23175,9691,16443,42647
11/3/2022 10 a.m. EDT,26626,22564,28863,29702,84921,75044,11808,43454,15969,23409,10277,16439,43125
11/3/2022 11 a.m. EDT,29320,22478,29060,31881,83532,74875,10914,44919,15490,23624,10373,16223,44004
11/3/2022 12 p.m. EDT,31051,22379,29403,34005,82409,75185,10368,45128,15239,23879,10141,16404,45351
11/3/2022 1 p.m. EDT,30779,22358,29627,35994,82463,75940,10145,44736,15154,24156,10168,16549,46638
11/3/2022 2 p.m. EDT,29844,22563,29804,37522,82678,76730,10377,44341,15169,24583,10214,16762,47806
11/3/2022 3 p.m. EDT,28670,22683,30122,38514,82623,77531,10695,43701,15289,24913,10130,16891,49079
11/3/2022 4 p.m. EDT,28024,22923,30362,39145,82180,77884,11313,43356,15655,25152,10122,16935,50173
11/3/2022 5 p.m. EDT,27562,23195,30425,39189,83725,78086,12550,42885,16352,25248,10021,17199,51310
11/3/2022 6 p.m. EDT,26812,23452,30565,38320,84180,78178,13612,42601,17098,25204,10162,17483,52121
11/3/2022 7 p.m. EDT,26743,23877,30288,36762,86003,78061,14131,43207,17597,24968,9942,17405,52038
11/3/2022 8 p.m. EDT,26793,24314,30394,36173,86496,79344,13743,43890,17281,25401,10387,17740,51273
11/3/2022 9 p.m. EDT,28330,23632,30687,34497,84514,78632,13120,44990,16669,24886,11229,17464,51302
11/3/2022 10 p.m. EDT,30722,22467,30152,32067,81598,76333,12323,46577,15894,23775,11782,16973,50313
11/3/2022 11 p.m. EDT,32594,20971,29317,29440,78416,73059,11330,45267,14935,22617,11353,16104,48751
11/4/2022 12 a.m. EDT,32566,19506,28098,26532,75190,69246,10544,43841,14059,21065,10879,15114,46474
11/4/2022 1 a.m. EDT,31628,18513,26780,23964,72613,65835,10155,41675,13336,20151,10448,14197,44035
11/4/2022 2 a.m. EDT,30426,17865,25937,22275,69999,63620,10049,39365,12894,19529,9885,13586,42005
11/4/2022 3 a.m. EDT,28921,17657,25359,21061,69071,61863,10130,37739,12658,19190,9341,13253,40439
11/4/2022 4 a.m. EDT,27383,17613,24965,20340,68869,61031,10134,36454,12575,19270,9025,12853,39302
11/4/2022 5 a.m. EDT,26842,17964,24829,20257,70052,60814,10141,35876,12744,19571,8915,12925,38818
11/4/2022 6 a.m. EDT,26095,19139,25072,21238,72565,62233,10742,35731,13456,20053,8907,13221,39280
11/4/2022 7 a.m. EDT,25763,21173,25959,23099,78527,66015,11883,35780,14878,21263,8895,14320,40723
11/4/2022 8 a.m. EDT,25645,22414,27704,24413,83788,71376,12810,37015,16084,22775,9290,15619,43242
11/4/2022 9 a.m. EDT,26035,22621,29276,25529,84855,74535,12732,39460,16376,22999,10019,15906,44870
11/4/2022 10 a.m. EDT,27224,22634,29729,27413,84698,75495,11890,41938,15988,23405,10834,16025,45171
11/4/2022 11 a.m. EDT,29857,22532,29971,29532,84959,76141,11009,43829,15551,23548,10936,16081,46812
11/4/2022 12 p.m. EDT,31842,22626,30331,31297,84576,76996,10443,43861,15328,23644,10463,16275,48316
11/4/2022 1 p.m. EDT,31893,22890,30328,33034,84260,77446,10485,43717,15242,23853,9972,16458,49708
11/4/2022 2 p.m. EDT,31434,23298,30286,34571,83847,77824,10628,43272,15295,24120,10334,16825,50815
11/4/2022 3 p.m. EDT,30703,23391,30156,35783,83541,78040,10847,42648,15501,24499,9361,17176,51769
11/4/2022 4 p.m. EDT,29235,23629,29803,36699,83145,78307,11391,42231,15863,24918,9178,17321,52257
11/4/2022 5 p.m. EDT,28569,23919,29643,36846,83784,77904,12581,41873,16502,24991,8701,17495,52653
11/4/2022 6 p.m. EDT,27933,23977,29664,36118,84081,77719,13418,41467,17084,24826,8814,17505,52789
11/4/2022 7 p.m. EDT,27609,24127,29337,34312,85008,77794,13719,41586,17353,24292,9487,17318,51703
11/4/2022 8 p.m. EDT,27674,24200,29348,33420,84597,78496,13283,42258,16952,24410,10139,17425,49965
11/4/2022 9 p.m. EDT,28610,23459,29278,31797,82446,77352,12731,43154,16381,23801,10975,16969,49161
11/4/2022 10 p.m. EDT,30158,22509,28752,29930,79687,75146,12045,43078,15747,22916,11372,16487,47310
11/4/2022 11 p.m. EDT,31530,21334,28024,28084,77295,73086,11198,42122,14918,22041,11209,15848,45549
11/5/2022 12 a.m. EDT,31328,19991,27084,25963,74141,70492,10398,40834,14077,20841,11026,15087,43472
11/5/2022 1 a.m. EDT,30580,18722,26082,23844,71415,67658,10002,39055,13362,19834,10761,14158,41089
11/5/2022 2 a.m. EDT,29722,17994,25307,22211,69059,65798,9839,36902,12909,19388,10349,13666,38084
11/5/2022 3 a.m. EDT,28299,17509,24908,21094,67109,64622,9924,34909,12590,19194,9901,13222,35952
11/5/2022 4 a.m. EDT,26858,17278,24662,20425,66092,63417,9853,33645,12385,18776,9680,12941,34882
11/5/2022 5 a.m. EDT,26091,17297,24681,20134,66193,62643,9916,33117,12408,18800,9582,12872,34238
11/5/2022 6 a.m. EDT,25536,17608,24870,20381,67048,62650,10209,33152,12645,19003,9535,12879,33981
11/5/2022 7 a.m. EDT,24768,18285,25394,21102,69446,63036,10557,33286,13210,19407,9546,13148,34349
11/5/2022 8 a.m. EDT,24866,19127,26246,22139,71497,63398,10834,33852,13898,19644,9719,13725,35281
11/5/2022 9 a.m. EDT,24742,19997,27308,24153,73286,65546,11019,34958,14406,20377,10092,14342,36635
11/5/2022 10 a.m. EDT,24981,21049,28207,27042,74880,67726,10860,36625,14675,21329,10429,15018,38097
11/5/2022 11 a.m. EDT,26034,21911,28377,29644,76669,69509,10557,38115,14749,22150,10465,15449,39028
11/5/2022 12 p.m. EDT,26980,22729,28049,31903,77591,70347,10383,39259,14849,22655,10159,15693,39670
11/5/2022 1 p.m. EDT,27376,23268,27464,33806,77605,70136,10553,39869,15017,23030,9633,15832,39931
11/5/2022 2 p.m. EDT,27054,23723,26874,35251,77738,69603,10693,39846,15113,23332,9256,15857,40227
11/5/2022 3 p.m. EDT,25945,23974,26389,36307,77742,68836,10793,39328,15199,23587,9041,15784,40706
11/5/2022 4 p.m. EDT,25224,24054,26003,37000,78231,67993,11383,38520,15408,23521,8938,15751,41369
11/5/2022 5 p.m. EDT,25020,24144,25944,37035,79121,67781,12132,37998,15793,23470,8861,15787,42103
11/5/2022 6 p.m. EDT,24909,24216,26145,36242,80048,68103,12896,38016,16246,23363,9112,15887,42531
11/5/2022 7 p.m. EDT,24953,24377,26452,34727,81814,69176,13286,38258,16673,23445,9558,15885,42566
11/5/2022 8 p.m. EDT,25904,24313,27115,33788,81693,70721,12870,39288,16457,23763,9906,16139,42265
11/5/2022 9 p.m. EDT,27397,23562,27574,32188,80015,70439,12393,40784,16071,23427,10589,15901,42486
11/5/2022 10 p.m. EDT,28505,22673,27285,30584,77582,69020,11816,41721,15573,22731,10905,15464,41568
11/5/2022 11 p.m. EDT,29714,21574,26824,28714,75081,66886,11137,41101,14921,21789,10752,14855,40390
11/6/2022 12 a.m. EDT,28693,20290,26158,26789,72964,64652,10425,40407,14240,20851,10577,14252,39008
11/6/2022 1 a.m. EDT,28310,19202,25309,24307,70165,62332,10264,39106,13609,19910,10327,13556,37803
11/6/2022 1 a.m. EST,28405,18307,24460,22108,66138,60163,10252,37585,13091,18587,10012,12977,36033
11/6/2022 2 a.m. EST,27247,17911,24006,21923,64947,59085,10138,35928,12743,18464,9584,12580,34898
11/6/2022 3 a.m. EST,25767,17439,23476,21050,64271,58470,10133,34794,12495,18379,9396,12243,34242
11/6/2022 4 a.m. EST,24761,17171,23814,20739,64202,57980,9948,34466,12405,18413,9191,12180,33945
11/6/2022 5 a.m. EST,23951,17067,23745,20816,65226,57902,9890,33888,12432,18107,9094,12241,33674
11/6/2022 6 a.m. EST,23440,17457,23816,21410,66574,58571,10344,34156,12647,18568,9128,12388,33728
11/6/2022 7 a.m. EST,23163,17991,24395,22966,67952,59981,10651,34350,13032,19443,9226,12739,34323
11/6/2022 8 a.m. EST,23370,19045,25023,25904,71152,62013,10809,35259,13586,20573,9472,13293,35261
11/6/2022 9 a.m. EST,23336,20701,25820,29295,74016,64467,10923,36571,14230,21917,9886,14121,36530
11/6/2022 10 a.m. EST,23688,22093,26459,32081,75460,66436,10806,38004,14640,22885,9941,14783,38180
11/6/2022 11 a.m. EST,24565,23029,26335,34317,76659,67124,10782,39495,14971,23921,9571,15196,39807
11/6/2022 12 p.m. EST,25613,23694,26487,36359,78029,67423,11262,40256,15276,24896,9207,15444,41270
11/6/2022 1 p.m. EST,26003,24337,26301,37649,78357,68184,11766,40768,15374,25768,8917,15679,42755
11/6/2022 2 p.m. EST,24897,24822,26359,38544,78772,68785,12059,40919,15485,26284,8681,15980,44464
11/6/2022 3 p.m. EST,24641,25026,26419,38753,79370,69266,12351,40700,15615,26648,8682,16107,46345
11/6/2022 4 p.m. EST,24193,24981,26606,38270,81265,69808,12669,40740,15947,26785,8827,16234,47774
11/6/2022 5 p.m. EST,23777,25242,26881,37328,84574,70832,13476,40671,16589,26722,9152,16344,48338
11/6/2022 6 p.m. EST,24022,25723,27289,36644,85457,72720,14198,40880,17369,27002,9655,16733,48533
11/6/2022 7 p.m. EST,25028,25972,27964,35583,83850,75270,13891,41750,17187,26234,10396,17424,47722
11/6/2022 8 p.m. EST,26169,25164,28568,33657,81417,74928,13314,43318,16733,25300,11131,17243,47862
11/6/2022 9 p.m. EST,28256,23945,28093,31800,78569,73191,12630,44311,16170,23946,11412,16761,47566
11/6/2022 10 p.m. EST,30365,22694,27424,29482,75443,71100,11810,43781,15467,22526,11320,16218,46293
11/6/2022 11 p.m. EST,30390,21054,26566,26804,72448,68412,10948,42914,14661,20994,11021,15467,44924
11/7/2022 12 a.m. EST,29906,19549,25487,25843,65901,66150,10220,41468,13891,20104,10679,14537,42834
11/7/2022 1 a.m. EST,29303,18547,24575,23600,70473,64166,10141,39465,13347,19807,10078,15880,40655
11/7/2022 2 a.m. EST,28084,17879,23960,22043,68702,63347,10005,37397,12957,19807,9426,13202,38754
11/7/2022 3 a.m. EST,26709,17501,23689,21122,67849,63215,10079,36069,12683,19294,9022,12728,37667
11/7/2022 4 a.m. EST,25525,17379,23679,20727,67765,62781,10100,35302,12611,19271,8880,12731,37066
11/7/2022 5 a.m. EST,25374,17728,23849,20932,68981,62745,10347,35116,12841,19507,8844,12781,36850
11/7/2022 6 a.m. EST,24751,18923,24513,22210,72047,64581,11205,35242,13647,20322,8918,13059,37516
11/7/2022 7 a.m. EST,24396,21003,25817,24358,77827,68032,12321,35960,15091,21708,9184,14212,39123
11/7/2022 8 a.m. EST,24459,22052,27982,26056,81956,73319,12762,37610,16008,22765,9796,15314,41654
11/7/2022 9 a.m. EST,24926,22814,29105,28201,83904,75816,12531,40699,16119,23588,10656,15881,43431
11/7/2022 10 a.m. EST,26538,23710,29359,30390,84643,76293,11940,43658,16153,24533,10740,16058,44680
11/7/2022 11 a.m. EST,28649,24840,29418,32481,85047,76728,11876,44753,16075,25496,10191,16840,46195
11/7/2022 12 p.m. EST,30020,25854,29467,34278,85617,77491,11963,44635,16092,26704,9793,17181,47772
11/7/2022 1 p.m. EST,29742,26799,29498,35674,86588,78604,11958,44413,16133,27826,9539,17611,49594
11/7/2022 2 p.m. EST,29790,27669,29445,36457,87310,79361,12365,43986,16320,28950,9414,17887,51487
11/7/2022 3 p.m. EST,29746,28190,29544,36878,87277,79708,12415,43581,16593,29628,9564,18158,52842
11/7/2022 4 p.m. EST,29971,28305,29452,36912,87577,79782,13286,43309,17120,29813,9742,18053,53322
11/7/2022 5 p.m. EST,29975,28109,29502,36322,88080,79612,14059,43191,17736,29601,10002,17998,53314
11/7/2022 6 p.m. EST,29821,27999,29674,35580,90171,80491,14675,43208,18372,29216,10518,18120,52729
11/7/2022 7 p.m. EST,30368,27931,30360,35569,90186,82523,14205,43824,18001,29365,10932,18543,52038
11/7/2022 8 p.m. EST,31060,26836,30616,34090,87680,81910,13518,45669,17431,28560,11512,18267,51664
11/7/2022 9 p.m. EST,32187,25451,30059,33026,84715,79736,12703,46875,16683,27264,11747,17664,50306
11/7/2022 10 p.m. EST,33336,23860,29474,30108,81317,77907,11812,46177,15754,25853,11486,17025,48663
11/7/2022 11 p.m. EST,32886,22239,28541,27663,77821,74939,11090,45209,14706,24172,11148,16108,46753
11/8/2022 12 a.m. EST,32046,20582,27322,24852,74450,71770,10228,43508,13787,22308,10675,15036,43928
11/8/2022 1 a.m. EST,30968,19364,26112,23095,72046,69265,10030,41256,13188,21346,10026,14060,41376
11/8/2022 2 a.m. EST,29722,18590,25425,21709,70257,67645,10055,39082,12785,20817,9543,13433,39285
11/8/2022 3 a.m. EST,28136,18055,24966,20809,69245,66538,10089,37395,12547,20266,9150,13163,38012
11/8/2022 4 a.m. EST,26765,17665,24722,20356,69421,65539,10099,36320,12538,19834,8934,12982,37003
11/8/2022 5 a.m. EST,25929,17833,24626,20476,71246,65681,10317,35867,12827,20063,8820,12843,36615
11/8/2022 6 a.m. EST,25267,18817,24939,21729,73827,67039,10724,35986,13626,20690,8857,13084,36997
11/8/2022 7 a.m. EST,25341,20419,25977,23755,79337,69849,11574,36584,14927,22044,9129,14027,38006
11/8/2022 8 a.m. EST,25179,21284,27831,25445,83042,74469,11903,38017,15667,23030,9791,15005,41267
11/8/2022 9 a.m. EST,25700,21703,28901,27489,83490,76329,11264,41078,15525,23462,10650,15489,42610
11/8/2022 10 a.m. EST,27361,22136,29207,29483,82663,77059,11007,44074,15214,24414,10713,15797,43855
11/8/2022 11 a.m. EST,29571,22425,29360,31382,81985,77487,10581,45130,14979,25422,10098,16127,45701
11/8/2022 12 p.m. EST,31368,22593,29511,32964,81638,77982,10196,45124,14934,26574,9689,16623,47810
11/8/2022 1 p.m. EST,32000,22934,29602,34338,81471,78378,10070,44749,14936,27572,9441,17145,49472
11/8/2022 2 p.m. EST,32576,23340,29751,35118,81299,78518,10384,43686,15096,28433,9466,17641,50919
11/8/2022 3 p.m. EST,32564,23252,29927,35360,81544,79198,11190,43395,15484,28829,9461,18088,52034
11/8/2022 4 p.m. EST,32416,23178,29893,35099,81520,79276,12413,42785,16187,28806,9729,18211,52802
11/8/2022 5 p.m. EST,32514,23220,29799,34268,83200,79360,13656,42550,17191,28433,10079,18138,53263
11/8/2022 6 p.m. EST,31633,23709,29884,33861,87191,79763,14528,42842,18150,27805,10529,17893,52921
11/8/2022 7 p.m. EST,31288,24288,30352,34063,88951,81376,14373,43821,18055,27736,11111,18267,52337
11/8/2022 8 p.m. EST,31614,23731,30482,32803,87796,80746,13970,45675,17625,26917,11636,17949,52164
11/8/2022 9 p.m. EST,32739,22994,30003,31133,86066,78953,13380,46900,17050,25741,11758,17457,50876
11/8/2022 10 p.m. EST,33954,21846,29330,29233,83184,76711,12543,46654,16249,24358,11544,16613,49384
11/8/2022 11 p.m. EST,33705,20528,28358,27091,79829,73210,11728,45864,15299,22785,11250,15880,47447
11/9/2022 12 a.m. EST,33017,19343,27090,24798,77649,70123,10997,44556,14397,21343,10809,14792,44598
11/9/2022 1 a.m. EST,31778,18575,25899,22998,75465,68536,10817,42484,13817,20288,10199,13886,41730
11/9/2022 2 a.m. EST,30288,18260,25171,21743,74371,66624,10554,40442,13470,19740,9670,13393,39621
11/9/2022 3 a.m. EST,28446,18089,24650,20948,74011,65089,10427,38849,13272,19268,9267,13088,38182
11/9/2022 4 a.m. EST,26880,18315,24358,20482,74441,64398,10492,37963,13243,19056,9009,12979,37326
11/9/2022 5 a.m. EST,26044,18955,24292,20564,74652,64164,10562,37763,13537,18904,8899,13011,36908
11/9/2022 6 a.m. EST,25558,20484,24626,21579,78643,65343,11311,37735,14414,19782,8900,13361,37233
11/9/2022 7 a.m. EST,24972,23084,25590,23365,86230,68520,12858,38666,15904,21186,9214,14498,38857
11/9/2022 8 a.m. EST,24927,24054,27517,24836,89646,73341,13213,40352,16637,22441,9780,15613,41542
11/9/2022 9 a.m. EST,25845,23953,28673,26287,88264,75439,12165,43434,16197,22927,10509,15920,42740
11/9/2022 10 a.m. EST,27627,23355,29269,27532,85797,75979,11346,46305,15750,23127,10604,15960,44015
11/9/2022 11 a.m. EST,29891,22917,29770,28307,84231,76355,10643,47219,15435,23202,10306,16034,45580
11/9/2022 12 p.m. EST,30966,22502,30217,28812,83063,77219,10228,46780,15278,23671,10013,16370,47411
11/9/2022 1 p.m. EST,30784,22280,30668,28876,82665,78014,10221,45397,15175,23344,9977,16605,49347
11/9/2022 2 p.m. EST,29449,22195,30937,28733,82688,78816,10642,44294,15281,23472,9984,16936,50933
11/9/2022 3 p.m. EST,28559,22039,31180,28406,82711,79843,11476,43431,15590,23497,9974,17234,52313
11/9/2022 4 p.m. EST,27943,22042,31293,28139,83051,80121,12734,42819,16368,23376,10052,17239,53297
11/9/2022 5 p.m. EST,27708,22526,31313,28060,84246,79901,13971,42792,17326,23481,10072,17383,53360
11/9/2022 6 p.m. EST,27577,23835,31276,28815,88260,80078,14889,42569,18240,23780,10340,17365,53185
11/9/2022 7 p.m. EST,27689,24545,31536,29506,89557,81352,14715,43902,18173,24643,10799,17757,52298
11/9/2022 8 p.m. EST,29230,24151,31534,28637,88109,80661,14271,46353,17723,24430,11332,17495,51876
11/9/2022 9 p.m. EST,31564,23431,30823,27347,86321,78407,13648,47565,17094,23907,11541,16787,50148
11/9/2022 10 p.m. EST,33425,22249,30136,25786,83469,75757,12770,47307,16277,22966,11446,16364,48503
11/9/2022 11 p.m. EST,33454,20954,29129,24045,80590,72548,11748,46540,15302,21627,11192,15588,46537
11/10/2022 12 a.m. EST,32827,19651,27740,22305,77693,69469,10878,45221,14380,20551,10758,14837,44024
11/10/2022 1 a.m. EST,31814,18860,26500,20707,75123,66673,10650,43147,13747,19711,10135,14049,41222
11/10/2022 2 a.m. EST,30520,18459,25614,19730,74072,65012,10628,40954,13363,19296,9609,13588,39097
11/10/2022 3 a.m. EST,28804,18232,25060,19062,73611,63707,10688,39458,13133,19297,9245,13304,37692
11/10/2022 4 a.m. EST,27093,18230,24731,18690,73726,62987,10717,38715,13094,19227,9031,13323,36825
11/10/2022 5 a.m. EST,26281,18534,24668,18845,74809,62923,10788,38455,13312,19460,8963,13345,36529
11/10/2022 6 a.m. EST,25618,19570,24887,19592,77430,63396,11501,38423,14138,19985,8887,13675,36854
11/10/2022 7 a.m. EST,25665,21625,25779,20902,83507,67041,12640,39086,15506,21411,9080,14858,38385
11/10/2022 8 a.m. EST,25706,22568,27639,22498,86519,71761,12910,40763,16226,22709,9644,15988,40917
11/10/2022 9 a.m. EST,26375,22738,28776,24525,86000,74181,11961,43685,16010,23133,10584,16266,41781
11/10/2022 10 a.m. EST,28270,22695,29343,26260,84118,74961,11041,46468,15582,23407,10671,16074,43077
11/10/2022 11 a.m. EST,30596,22762,29724,27474,83378,75577,10515,47350,15300,23635,10173,16031,45025
11/10/2022 12 p.m. EST,31362,22824,30039,28535,82707,76344,10527,46656,15115,23680,9735,16099,46493
11/10/2022 1 p.m. EST,29639,22852,30230,29405,82734,76963,10579,45499,15127,23718,9379,16257,47528
11/10/2022 2 p.m. EST,29477,22916,30304,29678,83555,77780,11050,44314,15391,23840,9152,16408,48538
11/10/2022 3 p.m. EST,27198,22882,30427,29818,83520,78311,11581,43386,15745,23854,9054,16618,49517
11/10/2022 4 p.m. EST,26537,22974,30373,29829,83708,78328,12644,42933,16403,23745,9117,16610,50199
11/10/2022 5 p.m. EST,26588,23322,30204,29765,84874,78122,13613,42401,17182,23796,9346,16612,50420
11/10/2022 6 p.m. EST,26579,24333,30280,30403,87671,78241,14301,42656,17911,24366,9752,16787,49763
11/10/2022 7 p.m. EST,27301,24593,30701,30980,87669,79638,14019,43427,17657,24781,10372,17123,49040
11/10/2022 8 p.m. EST,28713,24034,30863,30028,86250,78826,13486,45217,17208,24488,11146,17161,49156
11/10/2022 9 p.m. EST,31231,23399,30436,28752,83922,76956,12865,46435,16557,24086,11452,16776,48108
11/10/2022 10 p.m. EST,32984,22382,29830,27306,80927,74574,12076,46158,15800,23158,11290,16317,46639
11/10/2022 11 p.m. EST,32901,21274,29100,25695,77394,72018,11230,45389,14902,22219,11145,15637,45211
11/11/2022 12 a.m. EST,32397,20176,28015,23753,74415,69324,10572,44196,14032,20921,10882,14806,42535
11/11/2022 1 a.m. EST,31615,19277,27048,22069,71697,66862,10479,42380,13395,20286,10377,13965,39809
11/11/2022 2 a.m. EST,30511,18710,26442,20944,69458,65594,10248,40633,12934,19722,9966,13375,37737
11/11/2022 3 a.m. EST,28942,18518,26181,20240,68623,64306,10048,39317,12667,19646,9649,13013,36354
11/11/2022 4 a.m. EST,27433,18382,26143,19794,68791,63803,10026,38733,12556,19471,9539,12851,35454
11/11/2022 5 a.m. EST,26566,18681,26285,19868,69499,63945,10070,38353,12710,19622,9508,12826,35076
11/11/2022 6 a.m. EST,26034,19449,26752,20736,72019,64747,10405,38314,13316,20201,9507,12895,35545
11/11/2022 7 a.m. EST,25608,20906,27992,22293,76562,67430,11137,38920,14328,21121,9753,13787,37126
11/11/2022 8 a.m. EST,25570,21916,30108,24157,79856,72253,11747,40435,15187,21959,10251,14722,39909
11/11/2022 9 a.m. EST,26228,22955,31411,26878,82525,74891,11982,42880,15855,22817,10977,15298,41241
11/11/2022 10 a.m. EST,27681,23856,31912,29358,84379,76664,12016,45162,16354,23505,11103,15754,42913
11/11/2022 11 a.m. EST,29214,24547,32006,31403,85982,77692,12170,46190,16620,23982,10539,16011,44820
11/11/2022 12 p.m. EST,30175,24998,31919,33062,86430,78155,12265,46282,16854,24271,9936,16415,46099
11/11/2022 1 p.m. EST,29565,25156,31724,34327,86639,77931,12513,45939,17066,24331,9461,16550,47084
11/11/2022 2 p.m. EST,28331,25310,31323,34982,86398,78120,12854,44912,17181,24277,9173,16595,47507
11/11/2022 3 p.m. EST,28023,25134,31055,35177,85935,78176,13084,43893,17250,24206,8979,16510,47551
11/11/2022 4 p.m. EST,27393,25024,30747,34968,85801,77960,13296,43018,17466,23997,9023,16450,47233
11/11/2022 5 p.m. EST,26164,24790,30590,34550,86922,77963,13888,42728,17930,23987,9268,16288,46990
11/11/2022 6 p.m. EST,25857,25475,31050,33777,89007,79097,14231,42944,18246,24158,9731,16447,46445
11/11/2022 7 p.m. EST,25478,25277,32021,33341,88361,80790,13824,44010,17856,24408,10280,16817,46442
11/11/2022 8 p.m. EST,26468,24669,32201,31734,86397,80217,13284,45421,17294,23930,10982,16528,46070
11/11/2022 9 p.m. EST,28222,23807,31951,30010,84252,78717,12744,46111,16672,23266,11265,16080,45016
11/11/2022 10 p.m. EST,29884,22932,31541,28428,81886,76882,12085,45301,16028,22469,11087,15747,43977
11/11/2022 11 p.m. EST,29790,21719,31053,26654,78182,74708,11304,44477,15249,21523,10957,15165,42871
11/12/2022 12 a.m. EST,29248,20308,30241,24591,75574,72347,10582,43450,14447,20413,10710,14497,41396
11/12/2022 1 a.m. EST,28449,19315,29450,22721,72884,70042,10307,41841,13748,19487,10289,13848,39625
11/12/2022 2 a.m. EST,27634,18473,28869,21303,70809,68351,10365,40243,13293,19572,9938,13376,38358
11/12/2022 3 a.m. EST,26426,17763,28617,20336,69620,67108,10280,38953,12965,19058,9653,13197,37738
11/12/2022 4 a.m. EST,27363,17399,28537,19697,69242,66726,10188,38014,12796,18627,9446,13006,37449
11/12/2022 5 a.m. EST,26560,17399,28661,19470,69466,66449,10249,37616,12750,18514,9332,13077,37638
11/12/2022 6 a.m. EST,25774,17633,28981,19711,70486,67127,10306,37559,12954,18723,9401,13341,38148
11/12/2022 7 a.m. EST,25142,18206,29648,20431,71990,68923,10592,37884,13455,19219,9398,13707,39439
11/12/2022 8 a.m. EST,25234,19077,30595,21919,73152,71467,11392,38720,14028,19437,9727,14545,41239
11/12/2022 9 a.m. EST,25527,20322,31383,24862,75843,74246,11901,40029,14584,20351,10382,15522,42799
11/12/2022 10 a.m. EST,26169,21355,31849,27559,78289,76930,11828,41491,14862,21373,10545,16556,43979
11/12/2022 11 a.m. EST,26998,21991,31929,29843,80049,78629,11127,42914,15040,22081,10097,17147,43981
11/12/2022 12 p.m. EST,26679,22331,31488,31887,80220,79004,11224,43392,14992,22440,9563,17458,43135
11/12/2022 1 p.m. EST,26577,22450,30901,33607,80264,78742,11249,43022,14923,22615,9106,17521,41948
11/12/2022 2 p.m. EST,25616,22416,30111,34718,80554,78170,11261,42193,14958,22509,8795,17412,40755
11/12/2022 3 p.m. EST,24607,22393,29482,35146,80799,77627,11281,40869,15159,22428,8669,17513,39720
11/12/2022 4 p.m. EST,24043,22384,29000,34945,81398,77296,11960,40069,15545,22265,8600,17609,39149
11/12/2022 5 p.m. EST,23675,22510,28914,34080,83021,77736,12695,39638,16039,22302,8799,18089,39183
11/12/2022 6 p.m. EST,23714,23106,29487,32915,85769,79429,13216,39663,16587,22902,9254,18818,39547
11/12/2022 7 p.m. EST,24238,23182,30784,32062,85443,81710,12822,40721,16416,23338,9984,19453,41496
11/12/2022 8 p.m. EST,25943,22562,31489,30250,84033,81804,12278,42800,16064,23224,10972,19466,43084
11/12/2022 9 p.m. EST,28435,21880,31570,28550,82188,80919,11773,43992,15642,22922,11113,19302,43214
11/12/2022 10 p.m. EST,30335,21112,31576,26924,79725,79513,11171,43812,15112,22507,10893,19072,43083
11/12/2022 11 p.m. EST,30388,20081,31290,25213,77521,77444,10483,43283,14456,21939,10893,18691,42788
11/13/2022 12 a.m. EST,29904,19108,30813,23481,75586,75756,9800,42535,13821,21213,10447,18253,42053
11/13/2022 1 a.m. EST,29319,18154,30221,21700,73415,74083,9273,41296,13258,20884,10087,17649,41310
11/13/2022 2 a.m. EST,28584,17540,29864,20376,71469,73267,9203,39914,12856,20572,9858,17577,40723
11/13/2022 3 a.m. EST,27573,17185,29711,19494,70946,73225,9481,38661,12546,20309,9623,17471,40515
11/13/2022 4 a.m. EST,26524,17150,29756,18977,70726,73224,9174,37895,12351,20829,9440,17491,40467
11/13/2022 5 a.m. EST,26013,17348,29918,18720,70458,73037,9406,37646,12336,20756,9357,17612,40789
11/13/2022 6 a.m. EST,25324,17851,30173,18811,71593,73197,9097,37587,12556,21110,9419,17771,41304
11/13/2022 7 a.m. EST,24768,18639,30793,19461,73323,73682,9324,37892,13004,21994,9447,18082,42297
11/13/2022 8 a.m. EST,24577,19755,31479,20942,75347,75707,9937,38725,13521,23320,9769,18686,43648
11/13/2022 9 a.m. EST,24677,21167,32072,23794,78020,77759,10760,39893,14179,24811,10226,19527,44831
11/13/2022 10 a.m. EST,25227,21640,32036,26423,79106,79061,11469,41267,14712,25420,10448,20128,44895
11/13/2022 11 a.m. EST,25967,21443,31511,28334,78811,78759,11915,42399,15025,25183,10107,20100,44333
11/13/2022 12 p.m. EST,26373,21224,30753,29666,79208,77500,12181,43183,14948,24428,9681,19676,43096
11/13/2022 1 p.m. EST,26375,21116,30058,30840,80394,76717,12126,43343,14946,23972,9319,19303,41848
11/13/2022 2 p.m. EST,25459,20816,29441,31367,81053,76067,11869,42937,15127,23452,9159,18834,40848
11/13/2022 3 p.m. EST,24633,20760,28879,31657,81403,75885,11899,42113,15325,23075,9027,18414,40171
11/13/2022 4 p.m. EST,23753,20920,28470,31510,81709,75545,12370,41487,15674,23011,9017,18120,39874
11/13/2022 5 p.m. EST,23583,21887,28561,30756,84790,75425,13229,40865,16429,23152,9232,18358,39886
11/13/2022 6 p.m. EST,23421,23860,29422,30668,90119,78361,13983,41064,17386,24495,9739,19516,40644
11/13/2022 7 p.m. EST,24189,25146,31041,30868,91004,82383,13765,42201,17289,26323,10576,20724,42593
11/13/2022 8 p.m. EST,25642,25201,31815,29647,90505,83257,13271,44448,16980,26860,11540,21104,44124
11/13/2022 9 p.m. EST,28801,25082,31758,28197,88999,82828,12734,45898,16526,26890,11906,21128,44543
11/13/2022 10 p.m. EST,31196,24547,31447,26368,86416,81326,12015,45582,15844,26592,11773,20932,44227
11/13/2022 11 p.m. EST,31290,23675,30801,24507,83545,79283,11192,44946,15069,25869,11537,20498,43228
11/14/2022 12 a.m. EST,30907,23058,29813,22547,81498,77307,10443,43839,14330,25170,11136,20068,41529
11/14/2022 1 a.m. EST,30199,22670,28877,20803,80453,76017,10346,42063,13795,24998,10555,19745,39672
11/14/2022 2 a.m. EST,29540,22711,28318,19671,80350,75621,10317,40251,13498,25366,9931,19760,38262
11/14/2022 3 a.m. EST,28185,23075,28195,19061,79891,75442,10268,38738,13308,25576,9647,19887,37656
11/14/2022 4 a.m. EST,26643,23793,28201,18826,79945,75230,10193,38009,13299,25870,9486,20112,37245
11/14/2022 5 a.m. EST,25628,24840,28412,19140,81423,75082,10461,37904,13597,25893,9440,20401,37393
11/14/2022 6 a.m. EST,25158,26934,28957,20579,85830,77174,11365,38140,14463,27240,9637,21021,38209
11/14/2022 7 a.m. EST,25083,29810,30330,22922,93676,81939,12728,38815,15973,29780,10032,22428,40448
11/14/2022 8 a.m. EST,25150,30949,32510,24491,98093,87614,13298,40675,16960,31439,10717,23696,43707
11/14/2022 9 a.m. EST,25854,29971,33587,25796,97181,89750,12553,43643,17105,31109,11641,23612,45132
11/14/2022 10 a.m. EST,27758,28604,33908,27037,94634,88873,11677,46736,16916,30040,11843,22438,45796
11/14/2022 11 a.m. EST,30209,26966,33873,28316,92556,87736,11265,48200,16742,28794,11156,21025,46472
11/14/2022 12 p.m. EST,31049,25895,33785,29540,90890,86431,11120,47860,16631,27430,10431,20032,46859
11/14/2022 1 p.m. EST,29934,25085,33502,30899,90857,85044,11155,46739,16632,26934,9924,19117,47217
11/14/2022 2 p.m. EST,28854,24300,33293,32194,90538,83866,11582,45343,16697,26197,9668,18481,47323
11/14/2022 3 p.m. EST,27813,23930,33156,32982,90449,82601,12154,44345,16984,25560,9529,18010,47646
11/14/2022 4 p.m. EST,27250,23846,32837,33410,89884,81933,13420,43406,17618,25434,9417,17715,47406
11/14/2022 5 p.m. EST,27010,24700,32906,33307,91895,82012,14716,42862,18494,25136,9520,17791,47159
11/14/2022 6 p.m. EST,27138,26857,33351,33030,97205,84398,15655,43191,19348,26145,9861,18619,47521
11/14/2022 7 p.m. EST,28037,28177,34326,33326,98536,87528,15536,44073,19188,27415,10373,19876,49129
11/14/2022 8 p.m. EST,29281,28168,34467,32052,98289,87353,15157,46209,18767,27401,11342,20033,49743
11/14/2022 9 p.m. EST,31725,27645,34027,30329,96483,85949,14553,47700,18154,27036,11728,19966,48728
11/14/2022 10 p.m. EST,33707,26587,33408,28330,93860,83788,13724,47336,17312,26029,11619,19581,47710
11/14/2022 11 p.m. EST,33599,25203,32510,26087,90242,81201,12705,46566,16250,24727,11460,18940,45987
11/15/2022 12 a.m. EST,32965,23826,31235,23636,87358,78545,11911,45374,15285,23350,11083,18073,43739
11/15/2022 1 a.m. EST,32015,23005,30211,21748,86406,76588,11715,43323,14631,22485,10513,17273,41768
11/15/2022 2 a.m. EST,30699,22612,29559,20397,85297,74688,11724,41261,14247,22619,10132,16852,40764
11/15/2022 3 a.m. EST,28869,22383,29171,19558,84915,73879,11661,39699,14048,22310,9948,16626,40190
11/15/2022 4 a.m. EST,27409,22300,29095,19167,85214,73466,11747,38945,14043,22633,9850,16506,40055
11/15/2022 5 a.m. EST,26580,22778,29219,19340,86551,73635,11668,38681,14281,22684,9889,16526,40263
11/15/2022 6 a.m. EST,26118,24050,29783,20600,90593,74021,12393,38949,15160,23065,9953,16808,41498
11/15/2022 7 a.m. EST,26062,26158,31109,22811,95767,77733,13838,39694,16627,24655,10360,17821,44398
11/15/2022 8 a.m. EST,26073,27052,33176,24471,99377,83010,14282,41541,17538,25770,11176,18948,48673
11/15/2022 9 a.m. EST,26765,27119,34226,26195,99176,85356,13413,44647,17636,25974,12113,19076,49764
11/15/2022 10 a.m. EST,28824,27018,34297,27838,98763,86086,12392,47750,17691,26157,12219,19088,49642
11/15/2022 11 a.m. EST,31128,26872,34055,29616,98430,86234,12234,48971,17772,26216,11456,19070,49195
11/15/2022 12 p.m. EST,31472,26690,33692,31117,98444,86197,12371,47996,17818,26352,10515,19166,48406
11/15/2022 1 p.m. EST,30230,26482,33263,32383,98450,85709,12670,46780,17820,26270,9855,19092,47130
11/15/2022 2 p.m. EST,28485,26442,32733,33342,98593,85373,13094,45504,18074,26168,9499,19047,46117
11/15/2022 3 p.m. EST,27631,26200,32397,33931,98657,85002,13588,44270,18213,26445,9314,18950,45246
11/15/2022 4 p.m. EST,27377,26248,32084,34124,98121,84647,14283,43457,18456,26138,9293,18843,44553
11/15/2022 5 p.m. EST,27266,26672,32048,33920,103489,84830,15190,42950,19069,26185,9354,19028,44333
11/15/2022 6 p.m. EST,27154,27811,32584,33804,102832,86587,15747,43122,19644,26955,9795,19659,45464
11/15/2022 7 p.m. EST,28064,27889,33767,34000,102573,89189,15530,44255,19450,27473,10538,20201,47877
11/15/2022 8 p.m. EST,29369,27404,34325,32786,100747,89081,15140,46341,19030,27276,11448,20132,49467
11/15/2022 9 p.m. EST,31772,26633,34204,31121,98509,87689,14521,47989,18415,26776,11875,19881,49664
11/15/2022 10 p.m. EST,33592,25416,33893,29130,94836,85850,13632,47707,17577,25806,11812,19387,49275
11/15/2022 11 p.m. EST,33458,23990,33184,26858,90881,83497,12626,46975,16459,24606,11575,18726,47915
11/16/2022 12 a.m. EST,32832,22653,32091,24656,87380,80824,11769,45763,15503,23519,11203,17911,45624
11/16/2022 1 a.m. EST,32004,22002,31204,22384,84844,78803,11659,43750,14819,23094,10649,17271,43911
11/16/2022 2 a.m. EST,30848,21541,30686,20967,83269,77180,11569,41721,14385,22792,10160,16997,42479
11/16/2022 3 a.m. EST,29082,21350,30567,20162,82200,76356,11384,40190,14075,22917,9772,16797,42039
11/16/2022 4 a.m. EST,27337,21460,30550,19804,82147,76127,11363,39511,13945,23028,9626,16900,42116
11/16/2022 5 a.m. EST,26823,21717,30811,19963,83866,76115,11668,39486,14113,23172,9532,17126,42431
11/16/2022 6 a.m. EST,26147,23132,31423,20224,85918,76842,11818,39505,14876,23975,9631,17536,43684
11/16/2022 7 a.m. EST,25955,25445,32770,23464,92336,81162,13101,40304,16321,25845,10019,18848,45916
11/16/2022 8 a.m. EST,25917,26217,34914,24833,96722,86604,14020,42175,17354,27367,10836,20149,49402
11/16/2022 9 a.m. EST,26656,25974,35924,27188,96800,88990,14350,45275,17854,27518,11816,20400,50749
11/16/2022 10 a.m. EST,28752,25326,35379,28523,95762,88767,14443,48340,18050,27349,11923,20052,50263
11/16/2022 11 a.m. EST,31002,24455,34585,29966,95378,88374,14350,49384,17968,26940,11149,19581,48907
11/16/2022 12 p.m. EST,31254,23852,33793,30991,95094,87528,14078,48513,17848,26462,10358,19110,47449
11/16/2022 1 p.m. EST,30091,23487,33093,32059,94914,86655,13853,47188,17641,26064,9764,18588,45951
11/16/2022 2 p.m. EST,29296,23308,32485,32676,95200,85830,13654,45822,17629,26047,9466,18194,44883
11/16/2022 3 p.m. EST,28368,23057,32100,32971,95383,85388,13552,44606,17748,25413,9245,17906,44184
11/16/2022 4 p.m. EST,27236,23306,31708,32752,95469,84917,13974,43984,18038,25309,9265,17847,43647
11/16/2022 5 p.m. EST,27168,24016,31640,32290,97100,85247,14920,43529,18739,25688,9366,18248,43431
11/16/2022 6 p.m. EST,27300,25691,32221,32195,101205,87322,15487,43569,19398,27050,9759,19261,44218
11/16/2022 7 p.m. EST,27940,26762,33629,32544,101449,90437,15307,44669,19179,28516,10555,20494,46376
11/16/2022 8 p.m. EST,29470,26797,34400,30912,100418,90706,14883,46601,18716,28898,11549,20832,47670
11/16/2022 9 p.m. EST,31855,26514,34372,29841,98712,89872,14248,48154,18120,28823,11958,20990,48155
11/16/2022 10 p.m. EST,33573,25751,34291,27977,95771,88345,13426,48017,17302,28187,11932,20758,48256
11/16/2022 11 p.m. EST,33324,24669,33597,25671,91928,86300,12824,47523,16253,27002,11728,20206,47216
11/17/2022 12 a.m. EST,32619,23730,32457,23348,89446,84002,12053,46254,15299,26115,11405,19458,45476
11/17/2022 1 a.m. EST,31701,23339,31499,21380,87342,81713,11714,44338,14662,26295,10800,19140,43794
11/17/2022 2 a.m. EST,30654,23361,31099,20083,86011,80041,11396,42284,14229,26327,10402,19050,42355
11/17/2022 3 a.m. EST,28906,23581,31048,19335,85429,79192,11268,40548,14033,26536,10031,19145,41975
11/17/2022 4 a.m. EST,27326,24127,31079,18992,85810,79162,11306,39562,13988,26974,9934,19449,41916
11/17/2022 5 a.m. EST,26756,25221,31325,19172,87146,79116,11579,39295,14214,27473,9884,19871,42375
11/17/2022 6 a.m. EST,26582,27187,31918,20404,90034,79927,12024,39550,15056,28149,10076,20685,43591
11/17/2022 7 a.m. EST,26032,29966,33286,22765,97317,84436,13310,40415,16562,30606,10405,22328,46192
11/17/2022 8 a.m. EST,25915,31093,35403,24220,101594,90252,13974,42220,17515,32264,11210,23780,49923
11/17/2022 9 a.m. EST,26606,30074,36332,24849,100848,92218,13433,45215,17692,31969,12160,23615,50878
11/17/2022 10 a.m. EST,28509,28409,35825,25574,99067,91721,12557,48391,17525,30876,12314,22341,49649
11/17/2022 11 a.m. EST,30951,27071,34816,25767,97956,90498,12202,49532,17478,29648,11386,21376,48274
11/17/2022 12 p.m. EST,31753,25928,33925,25861,96820,88928,12433,48901,17363,28410,10517,20641,46402
11/17/2022 1 p.m. EST,31291,25072,33148,26088,97342,87392,12550,47635,17293,27791,10125,19972,44750
11/17/2022 2 p.m. EST,30645,24631,32452,26413,98293,86295,12669,46512,17436,27722,9485,19385,43498
11/17/2022 3 p.m. EST,29194,24282,32043,26660,98687,85695,13108,45596,17757,27260,9235,19014,42642
11/17/2022 4 p.m. EST,28384,24449,31727,26922,98256,84964,13955,44759,18209,27113,9227,18812,42095
11/17/2022 5 p.m. EST,28420,25345,31592,27145,100593,85127,15034,44542,19023,26915,9396,19085,41974
11/17/2022 6 p.m. EST,28500,27682,32153,27942,105342,87262,15723,44538,19814,28362,9830,20244,42700
11/17/2022 7 p.m. EST,29454,29351,33352,28976,106190,90578,15572,45198,19584,30233,10550,21654,44731
11/17/2022 8 p.m. EST,30439,29962,34059,28439,104876,90982,15232,47495,19138,30970,11499,22331,46032
11/17/2022 9 p.m. EST,31916,30267,33968,27451,103387,90475,14692,48764,18479,31122,11915,22598,46199
11/17/2022 10 p.m. EST,33358,29851,33866,25904,100452,89294,13905,48471,17589,30793,11832,22593,45895
11/17/2022 11 p.m. EST,33063,28979,33235,23976,96592,87825,13047,47764,16567,29911,11723,22253,45124
11/18/2022 12 a.m. EST,32464,28395,32281,21860,94340,85830,12530,46653,15631,29336,11402,21757,43509
11/18/2022 1 a.m. EST,31654,28135,31386,20425,92215,83452,12170,44783,15024,29187,10860,21469,41861
11/18/2022 2 a.m. EST,30516,28412,30997,19478,91277,81715,11851,42788,14621,29713,10389,21441,40765
11/18/2022 3 a.m. EST,28889,28845,30890,19023,90935,80981,11711,41274,14375,29999,9998,21580,40236
11/18/2022 4 a.m. EST,27456,29540,31018,18931,90671,80843,11610,40371,14363,30419,9788,21855,40038
11/18/2022 5 a.m. EST,26554,30595,31286,19421,91332,81364,12055,40118,14573,30699,9777,22149,40350
11/18/2022 6 a.m. EST,25957,32745,31986,20980,95029,81822,12296,40180,15342,31718,9840,22579,41494
11/18/2022 7 a.m. EST,25696,35087,33308,23669,101840,85789,13645,40927,16724,34210,10226,23818,43970
11/18/2022 8 a.m. EST,25885,35739,35358,25499,105408,91205,14217,42589,17506,35642,11025,24995,47538
11/18/2022 9 a.m. EST,26519,34007,36640,26228,104137,93496,13585,45439,17650,34949,11980,24600,48859
11/18/2022 10 a.m. EST,28416,31026,36665,26159,101466,93166,12807,48711,17463,32836,12276,23139,48655
11/18/2022 11 a.m. EST,30399,28498,36331,26129,99387,91971,12342,50246,17310,30731,11719,21778,48090
11/18/2022 12 p.m. EST,30956,26804,35796,26135,98236,90452,11847,49684,17161,28950,10777,20904,47033
11/18/2022 1 p.m. EST,29947,25489,35212,26026,98310,88675,11872,48342,17234,27930,10080,19978,46137
11/18/2022 2 p.m. EST,28665,24744,34552,25834,98637,87223,12430,46839,17414,26911,9762,19343,45156
11/18/2022 3 p.m. EST,28005,24142,34235,25813,98758,86169,13200,45629,17711,26450,9582,18881,44859
11/18/2022 4 p.m. EST,27917,24099,33916,25895,99263,85212,13865,44647,18118,26022,9538,18704,44668
11/18/2022 5 p.m. EST,28082,25078,33812,26099,100655,85510,14936,43703,18851,25717,9709,18944,44794
11/18/2022 6 p.m. EST,28560,26999,34438,26920,104328,87834,15492,43671,19486,26522,10098,19815,45561
11/18/2022 7 p.m. EST,28667,28160,35536,27834,104332,90568,15230,44622,19231,28142,10682,20867,47463
11/18/2022 8 p.m. EST,29217,28499,35688,27233,102919,90444,14834,46837,18752,28701,11489,21098,47921
11/18/2022 9 p.m. EST,31157,28722,35445,26487,101296,89544,14474,48274,18248,28851,11719,21127,47658
11/18/2022 10 p.m. EST,32528,28479,35157,25474,99140,88257,13833,47956,17578,28752,11604,21090,47350
11/18/2022 11 p.m. EST,32110,27647,34626,24137,96148,86180,13264,47359,16665,28268,11472,20701,46548
11/19/2022 12 a.m. EST,31410,26876,33773,22642,93797,83874,12673,46468,15874,27631,11175,20215,45139
11/19/2022 1 a.m. EST,30743,26197,32908,21300,91586,81881,11959,45060,15257,27189,10767,19895,43651
11/19/2022 2 a.m. EST,29831,26084,32323,20307,90482,81027,11695,43512,14835,27047,10381,19842,42556
11/19/2022 3 a.m. EST,28535,26289,31973,19736,90060,80277,11646,42246,14596,26863,10099,20050,42032
11/19/2022 4 a.m. EST,27138,26824,31825,19457,90586,79998,11672,41438,14528,26733,9856,20426,42066
11/19/2022 5 a.m. EST,26463,27619,31765,19529,91031,80213,11486,41311,14590,27088,9772,20788,42360
11/19/2022 6 a.m. EST,25769,28875,31991,20066,92471,81029,11707,41537,14937,27624,9794,21308,43046
11/19/2022 7 a.m. EST,25380,30391,32504,21217,95460,81936,12283,42041,15527,28760,10022,22040,44208
11/19/2022 8 a.m. EST,25425,31474,33460,22775,98533,83831,12716,42880,16032,29896,10513,22897,45680
11/19/2022 9 a.m. EST,25722,30675,34265,24673,98743,85853,12189,44267,16165,30410,11058,23149,47560
11/19/2022 10 a.m. EST,26743,28220,34431,25540,97112,86499,11354,46090,15971,29310,11310,22234,49456
11/19/2022 11 a.m. EST,27747,26183,34152,25842,96247,86217,10707,47218,15891,27896,10920,21091,50950
11/19/2022 12 p.m. EST,27885,24626,33783,25992,94729,85647,10534,47384,15871,26673,10332,20110,51590
11/19/2022 1 p.m. EST,27904,23439,33104,26252,93165,84365,10896,46539,15937,25834,9835,19240,51687
11/19/2022 2 p.m. EST,26819,22676,32338,26401,91419,83282,11311,45041,16045,25537,9496,18565,51265
11/19/2022 3 p.m. EST,25998,22282,31481,26612,90867,82324,12097,43740,16413,25236,9278,18182,50567
11/19/2022 4 p.m. EST,25573,22480,30969,26684,92245,82162,12755,42534,17030,25265,9244,18161,49680
11/19/2022 5 p.m. EST,25478,23198,30742,26834,94172,83008,13256,41616,17901,25614,9381,18591,49359
11/19/2022 6 p.m. EST,25213,24781,31309,27273,98505,85789,14941,41678,18700,26142,9792,19578,49665
11/19/2022 7 p.m. EST,25595,25441,32702,27669,99544,88632,14749,42858,18607,26906,10476,20519,51331
11/19/2022 8 p.m. EST,26770,25484,33287,26850,99306,88704,14392,45293,18282,26920,11362,20643,52109
11/19/2022 9 p.m. EST,29031,25200,33387,25926,98217,87761,14011,46737,17865,26634,11651,20658,51915
11/19/2022 10 p.m. EST,30833,24664,33257,24931,96358,86663,13433,46801,17272,26121,11472,20630,51493
11/19/2022 11 p.m. EST,30599,23791,32967,23677,94276,84805,12724,46389,16565,25263,11314,20370,50632
11/20/2022 12 a.m. EST,30124,22916,32440,22176,92480,82888,12092,45644,15887,24660,11038,20063,49370
11/20/2022 1 a.m. EST,29598,22235,31906,20786,90198,81232,11780,44425,15275,23980,10682,19809,48004
11/20/2022 2 a.m. EST,28892,21876,31629,19836,89210,80050,11791,42981,14832,23894,10351,19712,46938
11/20/2022 3 a.m. EST,27716,21875,31616,19247,89306,80101,11748,41629,14561,23834,10088,19883,46559
11/20/2022 4 a.m. EST,26568,22028,31604,18963,88646,79811,11780,41051,14415,23975,9880,20122,46288
11/20/2022 5 a.m. EST,25840,22494,31854,18979,88518,79690,11851,40778,14483,24120,9788,20492,46439
11/20/2022 6 a.m. EST,25219,23347,32169,19372,89123,80660,12121,40856,14777,24814,9745,20938,46971
11/20/2022 7 a.m. EST,24837,24460,32702,20324,92102,81429,12175,41315,15285,25513,9897,21735,48231
11/20/2022 8 a.m. EST,25024,25736,33499,21786,95003,83681,12245,42138,15752,26677,10145,22646,49684
11/20/2022 9 a.m. EST,25097,26848,34098,24034,95899,85533,12063,43355,16065,27933,10571,22966,50844
11/20/2022 10 a.m. EST,25724,26482,33767,25864,94875,85565,11654,44812,16108,28712,10847,22385,50941
11/20/2022 11 a.m. EST,26492,25905,32810,26836,93554,84374,11129,45690,16190,28407,10516,21397,50248
11/20/2022 12 p.m. EST,26720,25237,31717,27341,92992,82485,11232,45984,16349,27784,10077,20464,48801
11/20/2022 1 p.m. EST,26407,24851,30886,27625,92941,81018,11640,45346,16521,27214,9678,19674,47376
11/20/2022 2 p.m. EST,25592,24506,30146,27645,92351,80191,12026,44141,16686,26994,9389,19015,46331
11/20/2022 3 p.m. EST,24805,24342,29381,27595,92348,78790,12852,43075,17004,26481,9243,18388,45706
11/20/2022 4 p.m. EST,24342,24650,28864,27342,93816,77190,14044,42151,17641,26130,9226,18214,45578
11/20/2022 5 p.m. EST,24162,25768,28792,27618,96522,77398,15374,41599,18685,26183,9386,18525,45582
11/20/2022 6 p.m. EST,24218,27984,29407,28532,102781,81138,16139,41772,19610,27620,9792,19756,46322
11/20/2022 7 p.m. EST,24792,29071,31288,28934,105048,86012,15979,43052,19568,29165,10566,21409,47793
11/20/2022 8 p.m. EST,26571,29571,32237,28308,105079,87219,15626,45551,19253,29803,11570,22039,48835
11/20/2022 9 p.m. EST,28956,29676,32218,27334,104315,87043,15084,46944,18807,30044,11941,22355,48809
11/20/2022 10 p.m. EST,30765,29293,32064,26055,102216,85947,14324,46698,18085,29887,11836,22518,48375
11/20/2022 11 p.m. EST,30722,28444,31702,24483,99026,83829,13409,46164,17170,29415,11692,22160,47322
11/21/2022 12 a.m. EST,30327,27871,30836,22756,96484,81029,12626,45074,16389,28981,11318,21835,45731
11/21/2022 1 a.m. EST,29825,27830,30011,21348,94589,78986,12619,43444,15770,28586,10834,21757,44110
11/21/2022 2 a.m. EST,29013,28119,29469,20480,94085,77814,12908,41768,15375,29022,10168,21742,42978
11/21/2022 3 a.m. EST,27610,28675,29295,19969,94403,77408,12901,40339,15183,29247,9861,21992,42600
11/21/2022 4 a.m. EST,26389,29495,29383,19914,95414,77466,12865,39574,15103,29810,9714,22305,42244
11/21/2022 5 a.m. EST,25838,30512,29622,20390,97652,78193,13095,39392,15390,30040,9699,22861,42464
11/21/2022 6 a.m. EST,25322,32634,30242,21731,102167,80624,13569,39584,16251,31272,9830,23559,43467
11/21/2022 7 a.m. EST,25196,35166,31555,23719,109545,85033,14779,40237,17764,33211,10228,25046,45359
11/21/2022 8 a.m. EST,25511,35931,33482,25438,113276,90507,15384,41676,18649,34932,11040,26229,47925
11/21/2022 9 a.m. EST,26459,34238,34569,26691,110344,92770,14641,44240,18769,34678,11960,25855,49886
11/21/2022 10 a.m. EST,28189,31441,34295,26983,105050,91245,13673,47047,18497,32849,12127,24130,50698
11/21/2022 11 a.m. EST,30052,28919,33387,26995,101486,88698,13079,48018,18219,30845,11361,22295,51170
11/21/2022 12 p.m. EST,30513,27254,32583,27075,99632,86379,12891,47552,17943,29166,10549,21114,51204
11/21/2022 1 p.m. EST,30457,25865,31624,27256,97489,84371,13167,46764,17679,27989,9961,20031,50881
11/21/2022 2 p.m. EST,29343,25018,30894,27421,96160,82652,13408,45739,17650,27533,9655,19161,50134
11/21/2022 3 p.m. EST,28303,24402,30291,27464,95364,81444,13750,44573,18011,26934,9459,18606,49623
11/21/2022 4 p.m. EST,28068,24374,29789,27481,95803,80553,14837,43822,18646,26573,9494,18248,49188
11/21/2022 5 p.m. EST,28284,25030,29666,27638,97337,80829,16022,43410,19568,26246,9612,18372,48850
11/21/2022 6 p.m. EST,28461,27055,29937,28630,102460,83258,16661,43468,20358,26408,10055,19268,49088
11/21/2022 7 p.m. EST,29073,28472,31177,29601,103882,86869,16468,44264,20165,27805,10711,20667,50497
11/21/2022 8 p.m. EST,30011,28818,31822,28962,103203,87343,16043,46293,19636,27910,11699,21054,51243
11/21/2022 9 p.m. EST,32008,28669,31811,27898,101779,86572,15389,47271,18922,27765,11848,21068,50701
11/21/2022 10 p.m. EST,33708,28001,31610,26475,98825,85333,14423,46925,18025,26952,11719,20994,50279
11/21/2022 11 p.m. EST,33521,26702,31099,24733,94844,82586,13309,45949,16918,25813,11746,20607,49072
11/22/2022 12 a.m. EST,32869,25440,30155,22652,91507,80643,12342,44632,15937,25030,11338,20085,46872
11/22/2022 1 a.m. EST,32109,24734,29352,20864,89896,78880,11713,42654,15217,24508,10750,19677,44873
11/22/2022 2 a.m. EST,30995,24437,28862,19645,89288,78057,11868,40656,14834,24133,10285,19682,43602
11/22/2022 3 a.m. EST,29324,24458,28659,18984,89024,77301,12003,39113,14595,23975,9937,19818,42812
11/22/2022 4 a.m. EST,27853,24746,28813,18747,89301,76296,11996,38287,14523,23687,9830,20047,42386
11/22/2022 5 a.m. EST,27179,25655,29187,18936,90407,76840,12045,37904,14756,24238,9761,20558,42111
11/22/2022 6 a.m. EST,26620,27556,29854,19987,95000,78088,12723,38088,15608,25078,9839,21083,42835
11/22/2022 7 a.m. EST,26365,30239,31136,21709,102456,82170,13944,38786,17051,26306,10172,22343,44437
11/22/2022 8 a.m. EST,26516,31158,33020,23391,106420,87193,14535,40297,17912,27626,10907,23378,46847
11/22/2022 9 a.m. EST,27126,29810,34177,25221,104180,89453,13650,42798,17779,28022,11850,23254,48444
11/22/2022 10 a.m. EST,28797,27555,33853,26764,99079,87946,12577,45364,17254,27634,12114,22070,48843
11/22/2022 11 a.m. EST,30673,25642,32651,27806,95010,85507,12407,46250,16880,27106,11457,20587,48614
11/22/2022 12 p.m. EST,30949,24169,31619,28542,91814,82998,11897,45851,16737,26168,10773,19760,47873
11/22/2022 1 p.m. EST,30845,23533,30699,29070,89837,81045,11817,45174,16632,25706,10250,18850,46616
11/22/2022 2 p.m. EST,29278,23161,30073,29398,90039,79463,12214,44850,16680,25578,9901,18036,45458
11/22/2022 3 p.m. EST,27545,22850,29651,29756,89583,78361,13080,44316,16966,25133,9643,17506,44726
11/22/2022 4 p.m. EST,27220,23003,29255,29709,89018,77338,13717,44126,17563,24470,9596,17238,44186
11/22/2022 5 p.m. EST,26972,23868,28992,29629,90427,77535,14921,45530,18446,24019,9864,17287,43800
11/22/2022 6 p.m. EST,27156,25620,29242,30195,95781,79795,15652,43786,19294,24918,9986,17931,43783
11/22/2022 7 p.m. EST,28101,26309,30388,30700,97294,83272,15549,44273,19159,25906,10635,19034,45155
11/22/2022 8 p.m. EST,29568,26198,31030,29820,97095,83602,15198,45936,18750,25987,11496,19428,46083
11/22/2022 9 p.m. EST,31663,25797,30991,28642,96331,82804,14660,46793,18185,25841,11766,19496,46032
11/22/2022 10 p.m. EST,33178,25071,30808,27134,94093,81559,13893,46264,17425,25282,11671,19451,45672
11/22/2022 11 p.m. EST,32896,23959,30266,25341,90884,80055,12969,45367,16470,24309,11521,19252,44722
11/23/2022 12 a.m. EST,32293,22863,29363,23281,88940,78408,12279,44090,15546,23668,11215,18704,43050
11/23/2022 1 a.m. EST,31627,22173,28464,21383,87663,76803,11696,42239,14862,23150,10738,18367,41379
11/23/2022 2 a.m. EST,30824,21875,27945,20069,87043,75177,11643,40365,14418,22699,10327,18210,39828
11/23/2022 3 a.m. EST,29302,21871,27672,19279,86889,74252,11472,38957,14179,22463,9987,18326,38918
11/23/2022 4 a.m. EST,28066,22207,27655,18898,87029,74207,11477,38146,14134,22640,9835,18641,38262
11/23/2022 5 a.m. EST,26956,22970,27777,19006,88563,73937,11489,37629,14350,22734,9819,19101,38052
11/23/2022 6 a.m. EST,26081,24414,28284,19866,91195,74657,12160,37606,15137,23790,9924,19738,38773
11/23/2022 7 a.m. EST,25620,26340,29381,21371,97557,78507,13359,38065,16399,24983,10207,20889,40280
11/23/2022 8 a.m. EST,25643,27625,30976,22942,101175,83124,14113,39422,17311,26417,10868,22027,42381
11/23/2022 9 a.m. EST,26322,27434,32049,24817,99759,85709,13808,41694,17387,26933,11660,22212,43510
11/23/2022 10 a.m. EST,28025,26137,32270,26528,95476,84682,12941,43944,17014,26520,12009,20876,43991
11/23/2022 11 a.m. EST,29987,24857,31866,28010,91773,82207,12275,45403,16678,25674,11497,19577,44380
11/23/2022 12 p.m. EST,30188,23830,31302,29200,89208,79884,12468,45274,16449,24760,10721,18684,44309
11/23/2022 1 p.m. EST,29954,22972,30758,30156,87778,78122,12419,44970,16324,24385,10149,17898,44211
11/23/2022 2 p.m. EST,29128,22666,30258,31070,87282,76636,12819,44468,16463,24222,9766,17186,43736
11/23/2022 3 p.m. EST,28139,22450,29958,31751,86448,75925,13364,43701,16715,24083,9596,16767,43409
11/23/2022 4 p.m. EST,27299,22345,29553,31888,86210,75008,13863,43134,17221,23874,9551,16573,43247
11/23/2022 5 p.m. EST,26854,22741,29406,31510,87242,75155,14807,41969,18049,23446,9526,16377,42965
11/23/2022 6 p.m. EST,27107,23792,29649,31379,91601,77101,15358,42581,18795,23522,10316,16907,43123
11/23/2022 7 p.m. EST,27337,24425,30544,31386,92554,79370,15123,43341,18600,24257,10671,17797,43890
11/23/2022 8 p.m. EST,28906,24342,30640,30293,92172,79117,14744,45104,18249,24069,11435,17883,44336
11/23/2022 9 p.m. EST,30981,24225,30317,29000,91268,77896,14270,45713,17708,23795,11701,17845,43939
11/23/2022 10 p.m. EST,32403,23758,29858,27644,89579,77294,13586,45206,17103,23351,11546,17706,43350
11/23/2022 11 p.m. EST,32074,22956,29229,25948,86650,75017,12735,44385,16233,22572,11411,17522,42526
11/24/2022 12 a.m. EST,31437,21976,28201,24148,84109,71735,11896,43527,15408,21682,11144,16968,40809
11/24/2022 1 a.m. EST,30648,21266,27131,21911,81849,68721,11268,41871,14777,21059,10773,16337,38891
11/24/2022 2 a.m. EST,29636,20961,26243,20484,80494,66512,10931,40085,14303,20305,10421,15997,37015
11/24/2022 3 a.m. EST,28435,20861,25574,19491,79831,64939,11066,38598,14022,19773,10049,15880,35907
11/24/2022 4 a.m. EST,27020,20997,25360,18859,79957,64184,11077,37582,13877,19490,9850,15860,35021
11/24/2022 5 a.m. EST,25940,21312,25305,18656,80170,63902,10949,37176,13912,19564,9782,15900,34324
11/24/2022 6 a.m. EST,25071,22035,25416,18949,82048,64487,11427,37140,14275,19420,9814,16132,34367
11/24/2022 7 a.m. EST,24620,23022,25957,19716,84794,64765,12170,37485,14820,19861,9925,16458,35092
11/24/2022 8 a.m. EST,24383,24010,26659,21397,87431,66877,12779,38340,15344,20609,10227,16991,36284
11/24/2022 9 a.m. EST,24519,24315,27520,24590,87957,69087,12622,39773,15493,21765,10700,17542,37164
11/24/2022 10 a.m. EST,25180,23874,28423,27927,86075,71316,12082,41408,15358,22846,11069,17507,38839
11/24/2022 11 a.m. EST,25971,23246,29078,30847,84493,72874,11673,42980,15278,23433,10951,17258,40924
11/24/2022 12 p.m. EST,25923,22431,29446,33037,82797,73629,11656,44002,15228,23300,10739,16907,42267
11/24/2022 1 p.m. EST,25571,21540,29265,34621,81051,72798,11445,44401,15148,22739,10546,16358,43128
11/24/2022 2 p.m. EST,25370,20720,28310,35149,80056,70405,11428,43976,15053,21869,10346,15541,43215
11/24/2022 3 p.m. EST,24408,20178,27423,35055,78600,68084,11610,43054,15140,20951,10062,14917,42566
11/24/2022 4 p.m. EST,23884,19944,26831,34302,77557,66607,12154,41764,15431,20247,9822,14448,41754
11/24/2022 5 p.m. EST,23689,19973,26535,32835,76698,66168,12735,40653,15916,19836,9793,14251,40767
11/24/2022 6 p.m. EST,23995,20480,26529,30975,78191,67116,12873,39924,16095,20045,9862,14402,40030
11/24/2022 7 p.m. EST,24327,20497,27341,29782,78049,68344,12717,39983,15834,20419,10185,14585,40249
11/24/2022 8 p.m. EST,25571,20240,27517,28102,77794,68036,12612,40650,15629,20215,10728,14543,40144
11/24/2022 9 p.m. EST,27053,20084,27524,26983,77811,67659,12494,40870,15476,20091,10832,14506,39655
11/24/2022 10 p.m. EST,27937,19672,27469,25923,77250,67036,12165,40503,15194,19985,10760,14362,39246
11/24/2022 11 p.m. EST,27131,18971,27186,24702,76250,65581,11657,40357,14724,19620,10730,13997,38658
11/25/2022 12 a.m. EST,26654,18240,26636,23177,75314,64297,11062,39993,14176,18922,10564,13458,37620
11/25/2022 1 a.m. EST,26404,17274,26122,21662,73813,62994,10567,39175,13638,18248,10249,13051,36440
11/25/2022 2 a.m. EST,26182,17204,25692,20484,72181,61343,10486,38121,13244,18364,9852,12813,35306
11/25/2022 3 a.m. EST,25623,17050,25495,19697,71326,60629,10859,37021,13018,18344,9585,12601,34570
11/25/2022 4 a.m. EST,24754,17085,25488,19233,71145,60264,10893,36354,12912,18267,9448,12511,34080
11/25/2022 5 a.m. EST,24158,17419,25680,19172,71862,60392,11108,35918,13040,18385,9389,12525,34018
11/25/2022 6 a.m. EST,23967,17927,26120,19644,73333,60613,11293,36094,13466,18693,9423,12754,34332
11/25/2022 7 a.m. EST,23847,18849,26833,20413,76049,62677,11419,36582,14215,18513,9677,13230,35230
11/25/2022 8 a.m. EST,23660,19593,27928,21603,77584,65298,11917,37512,14902,19219,10047,13805,36446
11/25/2022 9 a.m. EST,24070,20403,28718,24087,79642,67310,12494,38901,15564,19939,10587,14247,37560
11/25/2022 10 a.m. EST,25068,21019,29173,26808,81422,68864,12966,40375,16089,20815,10703,14606,38958
11/25/2022 11 a.m. EST,25904,21209,29116,29205,81997,69279,13249,40992,16478,21411,10386,14792,40337
11/25/2022 12 p.m. EST,26264,20957,28838,31124,81006,69194,13409,41303,16608,21532,9895,14908,41368
11/25/2022 1 p.m. EST,26048,20609,28450,32790,79618,68461,13478,41734,16574,21282,9474,14750,41797
11/25/2022 2 p.m. EST,25562,19913,28015,34024,78247,67490,13330,41511,16303,21013,9141,14601,41752
11/25/2022 3 p.m. EST,24752,19627,27610,34708,77972,66654,13093,40847,16255,20724,8937,14395,41376
11/25/2022 4 p.m. EST,24306,19451,27268,34877,77790,66325,13165,40690,16576,20541,8854,14315,40906
11/25/2022 5 p.m. EST,24160,19915,27177,34231,79875,67086,13850,40672,17215,20552,9012,14370,40900
11/25/2022 6 p.m. EST,24587,21258,27590,33325,84109,69537,14259,41055,17722,21269,9395,14882,41425
11/25/2022 7 p.m. EST,25474,21553,28791,32786,85073,72751,14010,41750,17544,21888,10041,15590,42611
11/25/2022 8 p.m. EST,26380,21288,29119,31182,84602,72885,13857,43148,17206,21719,10868,15589,42712
11/25/2022 9 p.m. EST,28522,21105,28972,29562,83986,72472,13467,43563,16771,21430,11127,15585,42159
11/25/2022 10 p.m. EST,30101,20730,28732,28068,82406,71504,12908,43101,16224,21001,11078,15437,41462
11/25/2022 11 p.m. EST,29468,20130,28286,26386,80273,70344,12196,42493,15514,20376,10997,15207,40756
11/26/2022 12 a.m. EST,28925,19362,27681,24607,78716,68427,11717,41663,14818,19548,10787,14835,39506
11/26/2022 1 a.m. EST,28341,18914,26934,22803,76357,67273,11206,40301,14209,19065,10484,14426,38302
11/26/2022 2 a.m. EST,27676,18762,26415,21305,74909,66174,10925,38911,13781,18732,10201,14165,37097
11/26/2022 3 a.m. EST,26594,18888,26271,20245,74548,65423,10980,37534,13458,18828,10034,14169,36014
11/26/2022 4 a.m. EST,25659,19224,26085,19664,75297,64619,10997,36692,13321,18725,9906,14300,35290
11/26/2022 5 a.m. EST,24786,19826,26009,19420,75788,64906,11139,36352,13394,18794,9885,14592,35145
11/26/2022 6 a.m. EST,24117,20876,26225,19595,77692,65390,11454,36258,13680,18784,9948,14952,35395
11/26/2022 7 a.m. EST,23651,22151,26719,20192,80883,66389,11773,36553,14206,19041,10147,15589,35923
11/26/2022 8 a.m. EST,23687,23405,27438,21410,83678,68714,12192,37337,14675,19751,10519,16184,37073
11/26/2022 9 a.m. EST,23743,23074,28207,23959,83958,70679,11707,38571,14815,20625,11095,16744,38436
11/26/2022 10 a.m. EST,24525,22022,28828,26584,81838,71566,11068,40044,14592,21169,11424,16971,39662
11/26/2022 11 a.m. EST,25478,21033,29175,28762,79987,71206,10924,41183,14346,21406,11081,16651,40625
11/26/2022 12 p.m. EST,26171,20062,29261,30518,78217,70694,10650,42055,14192,21381,10453,16282,40758
11/26/2022 1 p.m. EST,26096,19233,29128,32033,77530,69936,10818,42241,14087,21154,9907,15905,40762
11/26/2022 2 p.m. EST,25283,18802,28817,32984,77050,69220,11163,42291,14157,20902,9509,15582,40905
11/26/2022 3 p.m. EST,24271,18748,28402,33530,76828,68656,11572,41911,14506,20756,9230,15298,40511
11/26/2022 4 p.m. EST,23264,19139,28126,33551,76610,68471,12475,41495,15194,20565,9111,15164,40159
11/26/2022 5 p.m. EST,22876,20224,28185,33099,78751,69266,13320,41171,16164,20686,9265,15335,40218
11/26/2022 6 p.m. EST,23082,21825,28504,32418,83749,71932,13964,41342,16995,21638,9655,15960,40332
11/26/2022 7 p.m. EST,23429,22405,29476,32069,84924,74041,13781,42077,17020,22070,10259,16220,41479
11/26/2022 8 p.m. EST,25298,22474,29639,30603,84786,73986,13448,43882,16796,21875,11205,16001,42487
11/26/2022 9 p.m. EST,27572,22380,29309,29190,84136,72976,13028,44570,16457,21644,11519,15825,42604
11/26/2022 10 p.m. EST,29454,21948,29107,27750,82542,71601,12464,44090,15969,21069,11405,15489,42669
11/26/2022 11 p.m. EST,29363,21157,28634,26270,80049,69596,11743,43384,15331,20303,11340,14881,42279
11/27/2022 12 a.m. EST,28997,20152,27964,24397,77392,67056,11169,42339,14647,19403,11113,14192,41548
11/27/2022 1 a.m. EST,28612,19341,27233,22830,75299,64856,10621,40895,14109,18618,10781,13502,40432
11/27/2022 2 a.m. EST,28003,18846,26644,21491,73475,64030,10333,39224,13654,18269,10508,12868,39480
11/27/2022 3 a.m. EST,26799,18367,26369,20603,72911,63572,10296,37779,13364,18068,10241,12679,38769
11/27/2022 4 a.m. EST,25542,18365,26283,19990,72918,63061,10256,36745,13225,18010,10104,12531,38310
11/27/2022 5 a.m. EST,24603,18381,26335,19747,72955,62774,10348,36101,13248,17994,10038,12519,38004
11/27/2022 6 a.m. EST,23938,18645,26510,19868,73270,63234,10620,35735,13477,18034,10059,12605,38245
11/27/2022 7 a.m. EST,23500,19148,26864,20398,75130,63849,10888,35874,13896,18126,10205,12970,38849
11/27/2022 8 a.m. EST,23556,19997,27539,21564,77396,65392,11479,36468,14325,18383,10528,13606,40035
11/27/2022 9 a.m. EST,23978,20770,28290,24426,78565,67681,11793,37465,14812,19342,11076,14199,40700
11/27/2022 10 a.m. EST,24688,21576,28808,27500,80975,69671,12059,38925,15247,20181,11346,14868,41090
11/27/2022 11 a.m. EST,25485,21623,29005,29922,82302,70545,12172,40084,15678,20614,11017,15206,40707
11/27/2022 12 p.m. EST,25350,21475,28870,31911,83166,70936,12326,41199,16025,20812,10340,15171,39845
11/27/2022 1 p.m. EST,25321,21361,28523,33744,83642,71120,12424,41593,16336,20905,9818,15373,38954
11/27/2022 2 p.m. EST,25029,21155,28234,34819,83459,71012,12764,41605,16578,20932,9446,15422,38775
11/27/2022 3 p.m. EST,23709,20913,27954,35507,83358,70749,13147,41399,16776,20997,9254,15403,38804
11/27/2022 4 p.m. EST,23316,21036,27744,35537,82264,70871,13635,41208,17004,20984,9211,15462,39151
11/27/2022 5 p.m. EST,23591,21282,27814,34830,84066,72097,14406,41323,17460,21102,9356,15786,39338
11/27/2022 6 p.m. EST,23628,22506,28403,34413,87611,74792,14730,41584,17862,21811,9789,16497,39972
11/27/2022 7 p.m. EST,24146,23188,29884,34253,87322,77977,14392,42584,17652,23030,10550,17081,41488
11/27/2022 8 p.m. EST,26072,22903,30632,32710,86019,78213,13858,44702,17167,23090,11762,17240,42930
11/27/2022 9 p.m. EST,28782,22254,30607,30943,84304,77306,13173,45754,16632,22811,12226,16958,42856
11/27/2022 10 p.m. EST,30695,21321,30366,28875,81541,75440,12333,45399,15945,22050,12291,16611,42494
11/27/2022 11 p.m. EST,30606,20082,29923,26583,78375,73477,11318,44858,15096,21065,12239,15985,41607
11/28/2022 12 a.m. EST,30085,19034,28996,24088,75740,71453,10703,43489,14271,20207,11901,15218,39844
11/28/2022 1 a.m. EST,29340,18024,28216,21943,74287,69786,10464,41594,13683,19569,11271,14547,38051
11/28/2022 2 a.m. EST,28266,17657,27797,20466,72817,67807,10175,39611,13300,19262,10688,14286,36874
11/28/2022 3 a.m. EST,26610,17716,27780,19598,71919,66534,10261,38042,13077,19107,10358,14058,36697
11/28/2022 4 a.m. EST,25216,17804,27920,19253,71139,66449,10319,37217,13068,19182,10237,13997,37236
11/28/2022 5 a.m. EST,24628,18397,28346,19419,72365,67223,10678,36912,13325,19868,10207,14232,37999
11/28/2022 6 a.m. EST,24185,20054,29077,20642,76479,68940,11478,37050,14116,20871,10365,14772,39357
11/28/2022 7 a.m. EST,24175,22770,30552,22820,83241,73789,12185,37681,15551,22940,10780,16137,42128
11/28/2022 8 a.m. EST,23985,24024,32786,24293,88149,79774,12968,39327,16677,24663,11589,17468,46033
11/28/2022 9 a.m. EST,24764,23785,34013,25682,89459,82712,12952,42424,17138,24930,12650,17884,47701
11/28/2022 10 a.m. EST,26465,23337,33594,26945,89593,82731,12796,45443,17261,24583,12976,17840,46643
11/28/2022 11 a.m. EST,28998,22906,32765,28094,89025,82017,12476,46925,17157,24264,12524,17538,45229
11/28/2022 12 p.m. EST,30479,22578,32049,29110,88692,81151,12276,46863,17285,23947,11610,17406,43920
11/28/2022 1 p.m. EST,30528,22062,31339,30166,89170,79980,12310,46673,17373,23746,10967,17247,43047
11/28/2022 2 p.m. EST,30308,22225,30722,31012,89290,79471,12524,46026,17299,23688,10512,17067,42560
11/28/2022 3 p.m. EST,29269,22011,30272,31513,89461,78941,12825,45692,17464,23468,10400,16818,42600
11/28/2022 4 p.m. EST,28881,22281,29644,31654,89653,78686,13568,45498,17806,23403,10347,16649,42687
11/28/2022 5 p.m. EST,28266,22706,29468,31406,92456,78810,14703,45396,18630,23420,10422,16658,42799
11/28/2022 6 p.m. EST,28520,24220,29914,31543,96726,80989,15511,45541,19430,23641,10709,17368,42995
11/28/2022 7 p.m. EST,29020,25164,31226,31693,97013,83616,15359,46612,19281,25250,11388,18341,43983
11/28/2022 8 p.m. EST,30039,25052,31814,30473,96075,83772,14928,48818,18812,25486,12412,18526,45355
11/28/2022 9 p.m. EST,31939,24664,31561,28970,94326,82592,14336,50096,18224,25215,12770,18436,45035
11/28/2022 10 p.m. EST,33811,23731,31123,27088,91202,80835,13507,49684,17414,24593,12580,18258,44216
11/28/2022 11 p.m. EST,33803,22603,30341,24967,87606,77753,12493,48756,16348,23608,12479,17583,42966
11/29/2022 12 a.m. EST,33220,21496,29104,22633,84644,75243,11592,47407,15340,22505,12009,16877,40947
11/29/2022 1 a.m. EST,32242,20841,27987,20619,81777,73493,11503,45228,14654,22321,11368,16352,38820
11/29/2022 2 a.m. EST,30911,20742,27296,19301,80688,71565,11339,43077,14288,22352,10832,16174,37220
11/29/2022 3 a.m. EST,29083,20870,26942,18529,80756,70571,11459,41449,14008,22527,10435,16020,36238
11/29/2022 4 a.m. EST,27275,21299,26808,18154,80757,69957,11467,40643,13965,22278,10266,16233,35603
11/29/2022 5 a.m. EST,26231,22244,26802,18374,81959,70242,11714,40382,14216,22931,10225,16478,35534
11/29/2022 6 a.m. EST,25821,24103,27198,19622,85647,70415,12232,40447,15054,23484,10343,16978,36181
11/29/2022 7 a.m. EST,25581,27059,28334,21929,93026,73859,13712,41135,16524,25659,10698,18310,37884
11/29/2022 8 a.m. EST,24959,28226,30240,23428,97541,79184,14473,42903,17538,27015,11247,19593,40782
11/29/2022 9 a.m. EST,25672,27293,31337,24697,96861,81417,14027,45837,17808,26871,12605,19464,42226
11/29/2022 10 a.m. EST,27564,25627,31351,25903,94898,81392,13459,48929,17916,25877,12844,18411,42547
11/29/2022 11 a.m. EST,30188,24410,31198,27067,92574,81317,13196,50427,17912,25161,12078,17623,43280
11/29/2022 12 p.m. EST,31606,23560,31195,28225,90728,81020,12930,50581,17846,24807,11179,17184,43974
11/29/2022 1 p.m. EST,30785,22995,31099,29579,89987,80910,12825,50110,17821,24359,10525,16899,44793
11/29/2022 2 p.m. EST,30099,22743,31034,30799,89107,80547,13233,49202,17902,24104,10137,16681,45379
11/29/2022 3 p.m. EST,29218,22576,31171,31719,88954,80387,13442,48612,18004,23959,10006,16693,45996
11/29/2022 4 p.m. EST,28581,22559,31197,32257,89664,80149,14310,48196,18261,23557,9993,16698,46616
11/29/2022 5 p.m. EST,27781,23000,31235,32216,91723,80201,15470,47862,19041,23643,10078,16895,47095
11/29/2022 6 p.m. EST,27793,24594,31748,32041,96656,82051,16130,47700,19695,24416,10426,17604,47257
11/29/2022 7 p.m. EST,28379,25509,32974,32605,97307,84642,16017,48953,19507,25360,11158,18187,47816
11/29/2022 8 p.m. EST,29466,25440,33596,31488,96358,84585,15631,51322,19122,25338,12058,17856,48192
11/29/2022 9 p.m. EST,32010,24929,33572,30132,94804,83314,15013,51951,18523,24810,12350,17368,47157
11/29/2022 10 p.m. EST,33931,23972,33361,28414,91465,81557,14088,51342,17703,23885,12241,16938,46140
11/29/2022 11 p.m. EST,33812,22597,32662,26144,87878,79598,12980,50109,16600,22748,12070,16162,44518
11/30/2022 12 a.m. EST,33341,21108,31582,23675,84987,76695,12233,48452,15592,21253,11717,15286,42317
11/30/2022 1 a.m. EST,32476,20156,30680,21768,82073,73678,11619,46110,14852,20906,11098,14533,40137
11/30/2022 2 a.m. EST,31185,19638,30285,20438,79925,71997,11468,43723,14398,20346,10585,14114,38320
11/30/2022 3 a.m. EST,29457,19395,30090,19641,78912,71116,11573,41923,14135,20174,10239,13834,37612
11/30/2022 4 a.m. EST,27916,19407,30151,19303,78631,70901,11570,40972,14015,19959,10094,13702,37434
11/30/2022 5 a.m. EST,26947,19850,30488,19450,80160,71434,11864,40389,14162,19785,10059,13768,37456
11/30/2022 6 a.m. EST,26154,21027,31185,20620,83032,72788,12352,40293,14907,20413,10166,14193,38477
11/30/2022 7 a.m. EST,25928,23210,32723,22785,88753,77410,13342,40976,16222,21805,10583,15475,40993
11/30/2022 8 a.m. EST,26290,24222,35293,24216,93330,83631,14268,42527,17376,22849,11435,16991,45094
11/30/2022 9 a.m. EST,26729,24377,36536,25836,94735,86488,14590,45126,17897,23347,12388,17658,47243
11/30/2022 10 a.m. EST,28640,24558,36101,27621,95884,86540,14698,47727,18200,23767,12590,17779,47272
11/30/2022 11 a.m. EST,31030,24439,35139,29517,96188,85830,14680,48564,18375,23972,11864,17780,46726
11/30/2022 12 p.m. EST,32148,24189,34430,31286,96399,85324,14693,48224,18555,24005,10946,17785,45775
11/30/2022 1 p.m. EST,31757,23734,33620,32946,97330,84491,14723,47794,18668,24068,10422,17614,44895
11/30/2022 2 p.m. EST,30871,23299,32840,34122,95429,83770,14754,47101,18656,23746,10121,17402,43941
11/30/2022 3 p.m. EST,29744,23036,32245,34564,94668,83369,14732,46368,18543,23970,9913,17219,43067
11/30/2022 4 p.m. EST,28712,22790,31581,34386,94204,83058,14874,45818,18623,23936,9882,17142,42559
11/30/2022 5 p.m. EST,28616,23454,31656,33466,96331,83470,15466,45733,19164,23739,9899,15880,44934
11/30/2022 6 p.m. EST,28684,23391,28808,17380,100883,86723,15768,46039,19525,24600,10236,18709,43320
11/30/2022 7 p.m. EST,28943,25856,34437,33256,101942,90644,15413,46700,19261,25903,10809,20345,45682
11/30/2022 8 p.m. EST,29896,25742,35229,31915,101299,91160,14738,49390,18808,26272,11894,20822,47555
11/30/2022 9 p.m. EST,32151,25462,35170,30372,100204,90583,13994,50338,18250,26261,12267,21159,48012
11/30/2022 10 p.m. EST,34022,24895,35076,28431,97906,89373,13129,49631,17462,25839,12203,21166,48187
11/30/2022 11 p.m. EST,33904,23942,34405,26211,94212,86922,12148,48671,16455,25003,12104,20814,47392
12/1/2022 12 a.m. EST,33437,23213,33179,23752,90790,83974,11751,47215,15531,24122,11759,20142,45617
12/1/2022 1 a.m. EST,32508,22901,32163,21648,89009,81486,11700,44964,14889,23864,11152,19711,43639
12/1/2022 2 a.m. EST,31262,23026,31679,20090,88444,80652,11546,42568,14527,23684,10451,19750,42569
12/1/2022 3 a.m. EST,29331,23380,31435,19255,87779,80539,11457,40667,14338,23708,10055,19917,42045
12/1/2022 4 a.m. EST,27581,24043,31318,18920,87507,80172,11557,39756,14333,24106,9941,20218,42044
12/1/2022 5 a.m. EST,26355,25237,31474,19137,89235,80146,11678,39298,14616,25006,9965,20516,42386
12/1/2022 6 a.m. EST,25634,27286,32037,20422,93500,81892,12380,39263,15485,26453,10001,21245,43744
12/1/2022 7 a.m. EST,25273,30336,33294,22757,101308,86633,13468,39852,16996,29310,10399,22752,46192
12/1/2022 8 a.m. EST,25409,31637,35401,24265,105953,92734,14279,41312,18149,31440,11158,24224,49705
12/1/2022 9 a.m. EST,26095,30701,36532,25492,104683,94910,13810,44155,18343,31415,12269,24079,51066
12/1/2022 10 a.m. EST,27516,28841,36074,26479,101592,93435,13026,47170,18334,30148,12485,22783,50416
12/1/2022 11 a.m. EST,29925,27063,35144,27133,98893,90813,12632,48655,18196,28878,11718,21640,49306
12/1/2022 12 p.m. EST,31680,25865,34355,27650,96613,88438,12584,48512,18079,27650,11111,20786,47967
12/1/2022 1 p.m. EST,32259,25060,33562,28304,95181,86259,12889,47884,17955,26902,10528,19829,46931
12/1/2022 2 p.m. EST,33058,24299,32717,28936,94046,84490,13324,46978,17984,26442,10188,19211,46162
12/1/2022 3 p.m. EST,33361,23948,32160,29459,93865,83326,13822,46298,18162,26116,10068,18676,45740
12/1/2022 4 p.m. EST,33308,23801,31642,29738,94471,82283,14640,46102,18665,25691,9940,18338,45598
12/1/2022 5 p.m. EST,32587,24804,31443,29592,97884,82712,15774,45715,19599,25651,9896,18401,45568
12/1/2022 6 p.m. EST,32365,27344,31970,29858,104524,85858,16450,45838,20411,26297,10277,19673,45955
12/1/2022 7 p.m. EST,32084,28877,33281,30622,106526,89278,16278,47003,20195,28057,10711,21096,47056
12/1/2022 8 p.m. EST,32685,29645,33630,29975,106387,89811,15896,49214,19833,28726,11758,21531,48282
12/1/2022 9 p.m. EST,33629,29965,33415,28898,105345,89259,15337,50132,19241,28999,12379,21824,48299
12/1/2022 10 p.m. EST,35073,29786,33041,27395,102889,87927,14507,49682,18405,28658,12271,21698,47741
12/1/2022 11 p.m. EST,34730,28944,32305,25366,98889,85044,13427,49011,17301,27829,12107,21462,46283
12/2/2022 12 a.m. EST,34039,28258,30849,23077,95949,81226,12436,47726,16295,26676,11712,20616,44019
12/2/2022 1 a.m. EST,33110,28135,29617,21095,94651,78917,11860,45619,15511,26732,10912,19980,41723
12/2/2022 2 a.m. EST,31908,28262,28848,19789,93371,77435,12030,43382,15110,26234,10162,19463,39962
12/2/2022 3 a.m. EST,29895,28743,28418,19027,92762,76421,11913,41774,14892,26063,9780,19112,39051
12/2/2022 4 a.m. EST,28457,29286,28062,18471,93011,75645,11926,40837,14840,25854,9623,18927,38485
12/2/2022 5 a.m. EST,27495,30256,28050,19067,94369,75071,12042,40432,15085,26347,9556,18896,38498
12/2/2022 6 a.m. EST,27052,32072,28414,20044,97843,75642,12638,40481,15904,27137,9617,18855,39128
12/2/2022 7 a.m. EST,26834,34387,29533,22409,105132,79348,14100,41141,17345,29099,9916,19804,41027
12/2/2022 8 a.m. EST,26757,34879,31398,23925,108877,84317,14854,42602,18245,30224,10580,20809,43875
12/2/2022 9 a.m. EST,27396,33433,32477,25181,107092,86319,14317,45259,18272,29871,11549,20666,45199
12/2/2022 10 a.m. EST,28895,30907,32491,26282,102366,85520,13214,48287,17935,28812,11981,20231,45256
12/2/2022 11 a.m. EST,31331,28309,32326,27261,98386,84384,12606,49532,17709,27635,11566,19722,45435
12/2/2022 12 p.m. EST,32438,26388,32134,28151,95562,83304,12248,49359,17518,26468,11193,19257,45182
12/2/2022 1 p.m. EST,32697,25087,31712,29064,94760,81765,12479,49153,17344,25596,10716,18734,44917
12/2/2022 2 p.m. EST,31892,24143,31245,29810,94003,80610,12653,48332,17610,25263,10152,18280,44572
12/2/2022 3 p.m. EST,30847,23596,30879,30264,94045,80155,13323,47529,17886,24791,9955,17878,44196
12/2/2022 4 p.m. EST,29753,23560,30488,30514,93282,79576,14089,46843,18228,24350,9946,17524,43831
12/2/2022 5 p.m. EST,29841,24132,30388,30263,94269,79389,15207,46430,19007,23769,9885,17507,43584
12/2/2022 6 p.m. EST,29897,25698,30727,29972,98319,81104,15707,46441,19611,24442,10191,18225,43325
12/2/2022 7 p.m. EST,29922,26011,31694,30118,97841,82555,15420,47570,19301,25188,10741,18610,43623
12/2/2022 8 p.m. EST,30838,25725,31715,28975,96194,81677,15011,49744,18896,25011,11786,18422,44182
12/2/2022 9 p.m. EST,32507,25422,31358,27718,94351,80361,14483,50320,18369,24688,11909,18215,43703
12/2/2022 10 p.m. EST,33829,24776,31011,26397,91789,78549,13781,49600,17681,24024,11751,17767,42920
12/2/2022 11 p.m. EST,33436,23759,30631,24749,88958,76216,12845,48769,16714,23325,11576,17233,41746
12/3/2022 12 a.m. EST,32848,22549,30075,22896,85598,73827,11925,47669,15730,22518,11286,16340,40314
12/3/2022 1 a.m. EST,32368,21485,29357,21036,81898,71928,11869,46405,14986,21796,10587,15316,38561
12/3/2022 2 a.m. EST,31420,20804,28874,19788,79606,70188,11557,44225,14420,21425,10229,14611,37049
12/3/2022 3 a.m. EST,29890,20462,28617,18964,78020,68691,11497,42214,14029,20958,9857,14288,35919
12/3/2022 4 a.m. EST,28093,20315,28519,18448,77167,68317,11522,41195,13812,20805,9590,14072,35288
12/3/2022 5 a.m. EST,26976,20433,28778,18335,77596,67918,11569,40739,13793,20639,9487,14069,35312
12/3/2022 6 a.m. EST,26010,20839,29104,18747,78629,68695,11863,40595,14092,20371,9525,14140,35883
12/3/2022 7 a.m. EST,25750,21632,29911,19688,79670,70243,12389,40797,14655,20972,9655,14460,36814
12/3/2022 8 a.m. EST,25688,22335,30936,21004,82135,72675,12322,41603,15311,21756,9979,14950,38270
12/3/2022 9 a.m. EST,25753,23086,31965,23210,84701,75313,12871,43054,16099,22676,10442,15512,39854
12/3/2022 10 a.m. EST,26155,23299,32469,25282,86787,77440,13204,44784,16730,23126,10927,16119,41795
12/3/2022 11 a.m. EST,26855,23303,32454,26798,87828,78056,13484,46226,17137,23221,11026,16428,42937
12/3/2022 12 p.m. EST,27833,23150,32016,28224,87587,78011,13643,46697,17241,23319,11193,16558,43464
12/3/2022 1 p.m. EST,28417,22841,31407,29485,87224,77606,13661,46301,17237,23407,11275,16491,43311
12/3/2022 2 p.m. EST,29136,22486,30811,30401,86416,76913,13626,45290,17170,23251,11483,16261,43003
12/3/2022 3 p.m. EST,29629,22170,30165,31052,85244,76358,13559,44247,17026,22740,11602,16060,42628
12/3/2022 4 p.m. EST,29586,21921,29820,31127,84802,76097,13608,43408,17089,22542,11528,15883,42454
12/3/2022 5 p.m. EST,29272,22239,30004,30695,85656,77267,14082,42946,17501,22437,11264,15998,42453
12/3/2022 6 p.m. EST,29220,23383,30745,29999,89976,80370,14309,43244,17936,23079,11267,16591,42627
12/3/2022 7 p.m. EST,29152,23525,32234,29717,90720,83565,13954,44641,17750,23647,11430,17445,43845
12/3/2022 8 p.m. EST,29450,23136,32563,28143,89878,83556,13493,47087,17526,23328,12016,17709,44396
12/3/2022 9 p.m. EST,30436,22753,32484,26839,89253,82974,13047,48008,17218,23083,12163,17737,44176
12/3/2022 10 p.m. EST,31626,22028,32272,25583,87753,82146,12530,47616,16739,22515,11890,17821,43709
12/3/2022 11 p.m. EST,31404,21198,31797,23997,85642,80213,12296,46976,16051,21711,11659,17748,42903
12/4/2022 12 a.m. EST,30968,20152,30952,22161,83605,77657,11648,46180,15294,20708,11094,17492,41385
12/4/2022 1 a.m. EST,30380,19339,30075,20382,82381,75821,10660,44749,14670,19762,10510,17241,39784
12/4/2022 2 a.m. EST,29524,18837,29474,19026,81721,75093,10308,43045,14197,19678,10048,17125,38230
12/4/2022 3 a.m. EST,28088,18631,29036,18122,81738,74156,10137,41564,13935,19814,9641,17237,37032
12/4/2022 4 a.m. EST,26797,18738,28758,17634,82405,73430,10119,40548,13796,19769,9337,17469,36264
12/4/2022 5 a.m. EST,26283,19182,28550,17317,81947,73427,10486,40059,13836,19587,9144,17870,36039
12/4/2022 6 a.m. EST,25507,19893,28718,17525,83384,73701,10659,39740,14111,19780,9075,18328,36186
12/4/2022 7 a.m. EST,24732,21028,29215,18199,86089,73948,11247,39924,14657,20018,9107,18973,36590
12/4/2022 8 a.m. EST,24584,22178,29937,19440,88980,75850,11763,40555,15149,20640,9284,19648,37593
12/4/2022 9 a.m. EST,24440,23338,30741,21775,90230,77814,11772,41563,15455,21776,9665,20265,38665
12/4/2022 10 a.m. EST,24978,23526,31267,24050,88828,78821,11524,43133,15495,22396,9966,20470,40078
12/4/2022 11 a.m. EST,25633,23395,31272,25705,87437,78463,11221,44527,15504,22595,10284,20031,41159
12/4/2022 12 p.m. EST,26031,23119,30695,27174,86610,77463,10986,45516,15508,22470,10455,19383,41656
12/4/2022 1 p.m. EST,26220,22936,30235,28562,87094,76702,11325,45985,15682,22286,10503,18965,41633
12/4/2022 2 p.m. EST,26744,22894,29795,29574,86345,76022,11951,46144,15961,22288,10445,18634,41428
12/4/2022 3 p.m. EST,26471,22699,29349,30293,85620,74905,12827,45963,16244,22235,10328,18168,41199
12/4/2022 4 p.m. EST,26508,22804,29033,30597,85950,74829,13729,45675,16781,22192,10242,18061,41305
12/4/2022 5 p.m. EST,26908,23565,29159,30330,89307,76185,14957,45590,17914,22499,10249,18298,41532
12/4/2022 6 p.m. EST,26996,25506,29892,30224,97039,80240,15663,45869,18894,23556,10391,19134,42035
12/4/2022 7 p.m. EST,27276,26259,31398,30581,99674,84489,15573,46818,18912,24592,10708,20160,43813
12/4/2022 8 p.m. EST,28106,26350,31805,29391,100371,84790,15258,49004,18702,24517,11662,20128,44974
12/4/2022 9 p.m. EST,29294,26082,31714,27920,100223,84140,14771,49790,18305,24154,11951,20252,44779
12/4/2022 10 p.m. EST,31348,25489,31353,26172,98316,82699,14009,49067,17620,23626,11746,19944,44262
12/4/2022 11 p.m. EST,31355,24574,30562,24015,95283,79954,12991,48161,16702,22485,11532,19732,43353
12/5/2022 12 a.m. EST,31068,23718,29428,21568,92851,77086,12175,46764,15779,21403,10917,19044,41626
12/5/2022 1 a.m. EST,30126,23273,28302,19646,91523,74870,12112,44537,15148,20481,10229,18589,39455
12/5/2022 2 a.m. EST,29620,23297,27594,18358,91132,73212,11868,42210,14747,20225,9579,18294,37555
12/5/2022 3 a.m. EST,27963,23472,27225,17697,91476,72241,12021,40361,14540,19986,9390,18276,36257
12/5/2022 4 a.m. EST,26725,23918,27083,17413,92498,71779,12157,39366,14541,20010,9156,18257,35806
12/5/2022 5 a.m. EST,25619,24958,27239,17674,93915,71717,12441,39030,14823,20352,9037,18253,35564
12/5/2022 6 a.m. EST,25330,26720,27760,18954,98384,73405,12794,39105,15740,21117,9083,18628,36251
12/5/2022 7 a.m. EST,25169,29402,29024,21185,106169,77662,14329,39841,17275,22865,9270,19769,38029
12/5/2022 8 a.m. EST,24985,30761,31076,22640,110668,83152,15185,41664,18347,24324,9853,20910,40944
12/5/2022 9 a.m. EST,25015,30409,32347,23957,109366,85693,14578,44585,18159,24608,10817,21005,42181
12/5/2022 10 a.m. EST,26176,28627,32401,25114,104965,85775,13344,47691,17709,24949,11298,20741,42814
12/5/2022 11 a.m. EST,28609,27336,32119,26363,100667,85671,12476,49043,17453,25033,11120,20480,43536
12/5/2022 12 p.m. EST,30193,26282,31682,27858,97309,85456,12418,49107,17268,25384,10903,20367,43944
12/5/2022 1 p.m. EST,30538,25712,31367,29288,95934,84933,12617,48870,17261,25505,10758,20322,44285
12/5/2022 2 p.m. EST,30117,25517,31005,30323,95235,84475,12815,48082,17572,25574,10354,20155,44560
12/5/2022 3 p.m. EST,30247,25362,30682,31031,94492,83909,13616,47464,17757,25598,9983,19792,45005
12/5/2022 4 p.m. EST,30227,25756,30584,31211,95159,83348,14426,46998,18128,25697,9960,19623,45549
12/5/2022 5 p.m. EST,29735,26592,30522,31016,97336,83311,15636,46406,19174,25942,9854,19667,45786
12/5/2022 6 p.m. EST,29687,28187,30850,31245,102698,85300,16372,46378,20049,26747,10117,20253,45985
12/5/2022 7 p.m. EST,29299,28642,32015,31737,103466,87747,16210,47513,19874,27217,10732,20466,46943
12/5/2022 8 p.m. EST,29794,28295,32427,30840,102731,87398,15772,49759,19469,27154,11606,20229,47780
12/5/2022 9 p.m. EST,31883,27565,32086,29317,101193,85957,15128,50719,18943,26519,12090,19817,47296
12/5/2022 10 p.m. EST,33768,26273,31573,27417,97573,83877,14209,50141,18081,25745,11988,19223,46279
12/5/2022 11 p.m. EST,33691,24619,30717,25141,93130,80627,13068,49290,16899,24580,11753,18241,44786
12/6/2022 12 a.m. EST,33301,23205,29417,22778,89319,77153,12035,47730,15852,23121,11269,17065,42209
12/6/2022 1 a.m. EST,32363,22165,28171,20538,86387,74861,11358,45372,15063,22279,10600,16184,39298
12/6/2022 2 a.m. EST,31131,21681,27278,19205,84692,72882,11245,42949,14577,21737,9973,15536,37425
12/6/2022 3 a.m. EST,29230,21483,27166,18435,83863,71818,11087,41063,14295,21346,9519,15139,35943
12/6/2022 4 a.m. EST,27698,21491,27261,18090,83192,70972,11072,40081,14188,21185,9312,14992,35157
12/6/2022 5 a.m. EST,27357,21995,27338,18223,83845,70975,11581,39796,14360,21305,9230,14899,34957
12/6/2022 6 a.m. EST,26656,23238,27305,19439,86147,71962,12202,39968,15123,21457,9304,15078,35343
12/6/2022 7 a.m. EST,26367,25517,28530,21645,91756,75012,13429,40694,16578,23218,9563,16153,37002
12/6/2022 8 a.m. EST,26195,26501,30506,23035,96351,80024,14291,42150,17650,24439,10202,17278,40108
12/6/2022 9 a.m. EST,26755,26336,31813,24407,97009,82646,14229,45114,18070,24814,11129,17462,41401
12/6/2022 10 a.m. EST,27971,26018,31943,25911,97247,82908,13976,48026,18312,25112,11414,17493,41745
12/6/2022 11 a.m. EST,30322,25790,31861,27408,97220,82856,13799,49286,18437,25434,11118,17526,42499
12/6/2022 12 p.m. EST,31968,25485,31787,28835,96383,82855,13680,48743,18499,25555,10795,17675,43609
12/6/2022 1 p.m. EST,32492,25136,31516,30297,95781,82877,13680,48077,18446,25565,10492,17806,44312
12/6/2022 2 p.m. EST,31157,25040,31223,31551,95338,82562,13893,47389,18481,25584,10317,17599,45093
12/6/2022 3 p.m. EST,30115,24803,30962,32275,94739,82298,14015,46833,18425,25837,10092,17531,46111
12/6/2022 4 p.m. EST,29800,24745,30664,32535,94371,81927,14385,46234,18546,25332,10134,17475,46614
12/6/2022 5 p.m. EST,29753,25155,30586,32349,96181,82102,15276,43288,19152,25511,10029,17449,46780
12/6/2022 6 p.m. EST,29945,26625,31051,32223,99314,84076,15774,46483,19590,26164,10245,17974,46482
12/6/2022 7 p.m. EST,30164,26919,32232,32701,98634,85912,15522,47147,19279,26738,10793,18437,47152
12/6/2022 8 p.m. EST,30474,26532,32477,31481,97041,85576,14990,49315,18746,26525,11748,18374,47869
12/6/2022 9 p.m. EST,32238,25765,32225,29922,94747,84175,14276,50189,18077,25926,12403,18064,47494
12/6/2022 10 p.m. EST,34316,24589,31983,27980,91441,82069,13330,49722,17200,25326,12291,17505,46554
12/6/2022 11 p.m. EST,34349,23000,31165,25504,87376,79370,12205,48851,16064,23962,11965,16768,45438
12/7/2022 12 a.m. EST,33928,21508,30016,22763,83244,76306,11170,47546,14963,22447,11570,15839,42946
12/7/2022 1 a.m. EST,33334,20512,28856,20736,79568,73415,10502,45137,14113,21513,10720,14913,39984
12/7/2022 2 a.m. EST,31973,19996,28068,19344,77707,71004,10674,42730,13604,21101,10011,14316,37765
12/7/2022 3 a.m. EST,30021,19672,27700,18502,76556,69562,10761,40930,13335,20549,9590,13979,36474
12/7/2022 4 a.m. EST,28308,19576,27575,18125,76352,69077,10716,39874,13216,20322,9316,13787,35753
12/7/2022 5 a.m. EST,27759,19903,27629,18280,77572,69184,10848,39448,13365,20511,9202,13746,35221
12/7/2022 6 a.m. EST,27152,21047,28043,19446,80093,70214,11375,39512,14097,21497,9240,13910,34424
12/7/2022 7 a.m. EST,27085,23043,29139,21788,84766,73440,12546,40140,15530,22641,9543,14921,36632
12/7/2022 8 a.m. EST,27071,23892,31115,23237,89491,78571,13738,41739,16751,23692,10286,16141,39893
12/7/2022 9 a.m. EST,27146,23870,32332,24510,91041,81261,14096,44681,17275,23826,11270,16518,41368
12/7/2022 10 a.m. EST,28707,23926,32431,25946,91692,81689,14182,47867,17570,24042,11765,16686,42090
12/7/2022 11 a.m. EST,31274,24074,32316,27321,92013,82124,14188,49144,17714,24287,10870,16828,43261
12/7/2022 12 p.m. EST,32481,24011,32125,28788,91922,82288,14249,48755,17849,24510,11077,17070,44396
12/7/2022 1 p.m. EST,32465,23887,31814,30323,91792,82310,14207,47916,17866,24623,10619,17137,45494
12/7/2022 2 p.m. EST,31117,23785,31424,31586,91290,81940,14248,46946,17895,25272,8547,17197,46453
12/7/2022 3 p.m. EST,30401,23845,31284,32393,90766,81947,14278,46203,17861,25251,10371,17157,46950
12/7/2022 4 p.m. EST,29496,23967,31122,32757,90829,81722,14389,45849,18003,25161,10141,16904,47052
12/7/2022 5 p.m. EST,29152,24287,31115,32567,92788,81580,15034,45736,18571,25256,9886,16925,47047
12/7/2022 6 p.m. EST,29024,25571,31627,32426,96049,84316,15442,46010,18994,25652,10205,17488,47097
12/7/2022 7 p.m. EST,28511,25927,32687,32819,95968,86700,15152,47328,18714,26260,10772,17990,47612
12/7/2022 8 p.m. EST,30951,25413,32984,31625,94488,86403,14615,49555,18253,25881,11812,17933,47977
12/7/2022 9 p.m. EST,32553,24661,32537,30144,92513,85071,13958,50232,17654,25382,12505,17684,47396
12/7/2022 10 p.m. EST,34676,23576,32109,28217,89708,83320,13050,49774,16877,24485,12461,17221,46477
12/7/2022 11 p.m. EST,34719,22150,31105,25853,86123,80629,11922,48970,15764,23089,12318,16501,45103
12/8/2022 12 a.m. EST,34394,20693,29751,22523,82687,77236,10951,47555,14698,21474,11956,15449,42939
12/8/2022 1 a.m. EST,33607,19623,28524,20936,79762,74484,10628,45313,13948,20571,11261,14586,40548
12/8/2022 2 a.m. EST,32666,19069,27762,19525,77718,72501,10817,43015,13495,20016,10580,14092,38574
12/8/2022 3 a.m. EST,30731,18666,27269,18667,76494,70962,10778,41385,13213,19858,10037,13680,37318
12/8/2022 4 a.m. EST,28962,18600,27094,18235,76619,70483,10767,40381,13155,19738,9861,13604,36606
12/8/2022 5 a.m. EST,27972,18793,27096,18343,78253,70108,11032,39954,13355,19578,9841,13581,36211
12/8/2022 6 a.m. EST,27421,19918,27437,19517,82085,71490,11246,39798,14157,20434,10041,13804,36477
12/8/2022 7 a.m. EST,27420,22057,28532,21752,87659,75042,12604,40484,15664,21519,10345,14886,38118
12/8/2022 8 a.m. EST,27365,22951,30525,23154,91346,80273,13219,41986,16825,22803,11234,16084,41165
12/8/2022 9 a.m. EST,27340,23038,31883,24482,91882,83101,13157,44864,17152,23037,12334,16514,42439
12/8/2022 10 a.m. EST,29115,23171,32126,25958,91397,83642,12926,47942,17205,23247,12679,16760,42796
12/8/2022 11 a.m. EST,31741,23141,32092,27549,91045,83581,12476,49119,17230,23063,11953,16926,43905
12/8/2022 12 p.m. EST,32994,23082,31958,28981,90940,83814,12042,48799,17173,23969,11126,17416,44997
12/8/2022 1 p.m. EST,33159,22921,31817,30417,90799,83759,12419,48268,17083,23931,10378,17379,45933
12/8/2022 2 p.m. EST,31689,22896,31493,31701,90829,83326,12584,47649,17166,24784,9961,17483,46777
12/8/2022 3 p.m. EST,30882,22816,31265,32634,91056,83564,12992,47036,17335,24966,9654,17388,47698
12/8/2022 4 p.m. EST,30162,22921,31047,33148,91304,83466,13656,46726,17753,24908,9596,17236,48029
12/8/2022 5 p.m. EST,30311,23371,30813,32847,94197,83364,14883,46505,18661,25264,9436,17428,48109
12/8/2022 6 p.m. EST,30717,24765,31060,32388,98096,84961,15604,46605,19393,25383,9788,17902,48056
12/8/2022 7 p.m. EST,30748,25138,31837,32545,98351,86925,15493,47605,19226,25938,10516,18314,48141
12/8/2022 8 p.m. EST,31474,24826,31957,31236,97320,86620,15182,49756,18817,25599,11845,18206,48413
12/8/2022 9 p.m. EST,33111,24286,31526,29735,95518,85077,14676,50475,18303,25129,12389,17982,47480
12/8/2022 10 p.m. EST,34956,23267,31022,27883,92702,83348,14373,49789,17590,24281,12360,17525,46818
12/8/2022 11 p.m. EST,34814,21816,30246,25572,89472,80183,13526,48976,16444,22960,12335,16786,45447
12/9/2022 12 a.m. EST,34537,20281,29128,22943,86569,76480,12582,47740,15452,21417,11813,15892,43092
12/9/2022 1 a.m. EST,33753,19256,27956,20700,83238,73801,12064,45674,14794,20505,11162,14975,40623
12/9/2022 2 a.m. EST,32481,18706,27196,19232,81355,72195,11849,43400,14337,20409,10558,14364,38494
12/9/2022 3 a.m. EST,30508,18498,26859,18375,80523,70782,11627,41625,14101,20074,10142,14045,37196
12/9/2022 4 a.m. EST,28675,18568,26781,17989,80923,70149,11944,40631,14036,19810,10009,13859,36189
12/9/2022 5 a.m. EST,27371,18884,26866,18076,83001,69952,12290,40136,14294,19571,9998,13872,35811
12/9/2022 6 a.m. EST,26747,20203,27281,19231,85832,71308,12934,40190,15171,20079,10011,14041,36321
12/9/2022 7 a.m. EST,26140,22402,28517,21414,92445,74200,13756,40637,16663,21392,10422,15069,37635
12/9/2022 8 a.m. EST,26119,23747,30482,22823,97612,79264,14596,42234,17733,22588,11075,16199,40596
12/9/2022 9 a.m. EST,26721,24185,31984,24229,97520,82034,14110,44907,17929,22974,12020,16554,41978
12/9/2022 10 a.m. EST,28531,24373,32152,25614,95866,82817,12984,48071,17759,23375,12656,16648,42401
12/9/2022 11 a.m. EST,31102,24319,31963,27035,93936,83269,12120,49147,17576,23771,12055,16787,43293
12/9/2022 12 p.m. EST,32496,24212,31749,28361,92072,83181,11667,48948,17380,24047,11294,16970,44341
12/9/2022 1 p.m. EST,32050,23907,31388,29630,91365,82898,11779,48386,17217,24215,10531,16998,45157
12/9/2022 2 p.m. EST,30860,23760,30836,30794,91024,82535,12333,47536,17319,24257,10064,16893,46104
12/9/2022 3 p.m. EST,30145,23603,30643,31550,91040,82443,13274,46904,17564,24148,9611,16217,46882
12/9/2022 4 p.m. EST,29512,23618,30393,31997,90930,81763,14283,46171,18143,24055,9564,16293,47482
12/9/2022 5 p.m. EST,29348,24343,30325,31702,93538,81797,15281,45818,19086,24146,9432,16499,47491
12/9/2022 6 p.m. EST,29791,25833,30718,31203,98909,83409,15969,45931,19865,24567,9731,17130,47088
12/9/2022 7 p.m. EST,29883,26025,31634,30911,99126,84888,15780,47011,19648,24895,10418,17650,47273
12/9/2022 8 p.m. EST,30388,25586,31637,29368,97835,83839,15454,49052,19238,24443,11552,17389,47232
12/9/2022 9 p.m. EST,32074,25186,31259,27848,96554,82117,14970,49382,18797,23838,11911,17132,46162
12/9/2022 10 p.m. EST,33828,24558,30795,26374,94442,80137,14321,48711,18146,23185,11890,16830,45012
12/9/2022 11 p.m. EST,33587,23522,30161,24650,91312,77806,13429,47695,17274,22145,11751,16278,43931
12/10/2022 12 a.m. EST,33279,22415,29278,22568,88128,74879,12574,46599,16331,21208,11404,15630,42207
12/10/2022 1 a.m. EST,32482,21438,28296,20595,86155,72646,12251,44760,15599,19967,11069,14955,39859
12/10/2022 2 a.m. EST,31618,20882,27422,19133,85138,71318,12249,42693,15092,19461,10550,14508,37900
12/10/2022 3 a.m. EST,30056,20617,26885,18204,84592,70178,12146,40801,14834,19349,10300,14223,36720
12/10/2022 4 a.m. EST,28456,20572,26531,17724,84226,69220,12087,39617,14702,19100,10091,14084,35986
12/10/2022 5 a.m. EST,27239,20897,26424,17598,84474,68831,11941,38799,14808,19114,9992,14083,35160
12/10/2022 6 a.m. EST,26463,21445,26692,17957,84767,69493,11849,38656,15152,19460,10050,14244,35038
12/10/2022 7 a.m. EST,26001,22460,27190,18854,86941,69962,12550,38811,15819,19774,10296,14759,35387
12/10/2022 8 a.m. EST,25761,23535,28043,20158,89974,71377,13259,39530,16458,20256,10711,15326,36485
12/10/2022 9 a.m. EST,25722,24549,28949,22435,91657,73659,13541,40821,16777,21220,11327,15908,37890
12/10/2022 10 a.m. EST,26116,25117,29651,24459,92285,76112,13285,42348,16656,22249,11830,16526,39468
12/10/2022 11 a.m. EST,27249,24846,30010,25862,91061,77406,12921,43176,16367,22729,11521,16808,41554
12/10/2022 12 p.m. EST,28182,24494,30034,27002,89899,77920,12760,43798,16176,22908,10939,16767,43304
12/10/2022 1 p.m. EST,29413,24041,29730,28349,88524,78075,12732,44336,16104,22932,10332,16601,44381
12/10/2022 2 p.m. EST,29534,23574,29310,29381,87896,77876,12826,44064,16165,22675,9788,16391,44967
12/10/2022 3 p.m. EST,29224,23378,28879,30119,87824,77806,13428,43419,16587,22757,9439,16280,45317
12/10/2022 4 p.m. EST,29228,23393,28583,30351,88898,77626,14306,42877,17306,22657,9275,16248,45249
12/10/2022 5 p.m. EST,29384,24049,28467,29978,91255,77835,15447,42542,18279,22779,9141,16467,45017
12/10/2022 6 p.m. EST,28952,25495,28917,29432,95127,79485,15942,42784,19012,23479,9445,17057,44812
12/10/2022 7 p.m. EST,28421,25607,29991,29177,94621,80808,15685,43954,18943,23953,10033,17367,45274
12/10/2022 8 p.m. EST,28772,25259,30267,27777,93707,80030,15287,45829,18668,23683,11049,17294,45178
12/10/2022 9 p.m. EST,30364,24993,30088,26485,92222,78406,14836,46114,18302,23387,11359,17087,44483
12/10/2022 10 p.m. EST,31945,24441,29956,25212,90034,76894,14234,45376,17674,22816,11507,16579,43668
12/10/2022 11 p.m. EST,31652,23549,29554,23693,87508,74762,13405,44637,16904,22021,11563,16103,42776
12/11/2022 12 a.m. EST,31084,22550,28890,21899,85536,72040,12813,43630,16088,21057,11373,15526,41261
12/11/2022 1 a.m. EST,30391,21605,28127,20162,81997,70346,12711,42098,15378,20069,11021,14765,39665
12/11/2022 2 a.m. EST,29847,21217,27457,18854,79939,69094,12430,40333,14836,19883,10627,14240,37828
12/11/2022 3 a.m. EST,28486,20923,27166,17984,78977,67658,12461,38919,14480,19547,10304,13938,36407
12/11/2022 4 a.m. EST,27330,20837,27067,17491,79269,66754,12403,37913,14313,19286,10125,13871,35522
12/11/2022 5 a.m. EST,26177,20951,27060,17264,79261,66516,12494,37386,14301,19349,10123,13798,34965
12/11/2022 6 a.m. EST,25414,21424,27258,17446,79228,67037,12285,37080,14509,19244,10276,13810,34578
12/11/2022 7 a.m. EST,24728,22162,27729,18076,80728,67344,12514,37307,14944,19601,10394,14254,34711
12/11/2022 8 a.m. EST,24394,22977,28425,19265,82374,69199,13118,37939,15552,19953,10763,14810,35171
12/11/2022 9 a.m. EST,24844,24086,29234,21518,84835,71229,13607,39008,16257,20951,11335,15479,36279
12/11/2022 10 a.m. EST,25264,24413,29836,23605,87167,72720,14116,40233,16925,21877,11677,16194,37758
12/11/2022 11 a.m. EST,26144,24087,30129,24990,88376,74310,14413,41546,17474,22458,11443,16525,39435
12/11/2022 12 p.m. EST,27128,23617,30027,25915,88721,74922,14555,42484,17746,22787,10744,16564,40654
12/11/2022 1 p.m. EST,27734,23391,29906,26815,88736,75164,14533,43146,17931,22921,10156,16740,41835
12/11/2022 2 p.m. EST,27774,23176,29772,27498,88471,75323,14778,43367,18048,23131,9697,16695,42305
12/11/2022 3 p.m. EST,27337,23091,29408,27974,88246,75308,15152,43115,18148,23068,9449,16682,42498
12/11/2022 4 p.m. EST,27319,23237,29113,28154,88477,75129,15647,43031,18362,23145,9403,16629,42420
12/11/2022 5 p.m. EST,27591,23956,29205,28083,91325,76259,16616,43100,19051,23470,9563,16889,42410
12/11/2022 6 p.m. EST,27557,25718,29862,28439,95795,79347,17153,43287,19657,24339,9961,17444,42781
12/11/2022 7 p.m. EST,28129,26139,31414,29037,96653,82083,16970,44534,19541,25055,10707,18227,43789
12/11/2022 8 p.m. EST,29027,26001,31822,28238,96179,82316,16509,46575,19198,25084,11818,18182,44684
12/11/2022 9 p.m. EST,31157,25534,31667,27048,94793,81237,15859,47295,18634,24560,12345,17977,44361
12/11/2022 10 p.m. EST,33152,24634,31211,24829,91905,79243,14992,46880,17987,23787,12245,17645,43856
12/11/2022 11 p.m. EST,33185,23461,30463,22725,88542,76836,13928,46064,16999,22586,12117,17021,42849
12/12/2022 12 a.m. EST,32860,22302,29276,20452,85921,73510,13334,44674,16054,21280,11773,16176,40839
12/12/2022 1 a.m. EST,32166,21524,28135,19288,84715,71111,13107,42549,15322,20549,11155,15532,38452
12/12/2022 2 a.m. EST,31198,21259,27437,18061,83844,70083,12763,40411,14886,20156,10458,15164,36596
12/12/2022 3 a.m. EST,29513,21224,27026,17382,83349,69611,12872,38657,14676,19824,10018,15047,35370
12/12/2022 4 a.m. EST,27756,21500,26900,17134,83746,69248,12922,37522,14655,19871,9804,15041,34788
12/12/2022 5 a.m. EST,26736,22250,26988,17442,84913,69368,13034,37167,14915,20013,9749,15189,34718
12/12/2022 6 a.m. EST,26415,23987,27437,18799,88329,70630,13405,36327,15777,20610,9882,15651,35497
12/12/2022 7 a.m. EST,26395,26623,28731,21104,95601,74924,14645,37947,17231,22546,10250,17095,37464
12/12/2022 8 a.m. EST,26212,27916,30794,22577,100977,80607,15718,39854,18426,23971,10978,18518,40619
12/12/2022 9 a.m. EST,26955,27634,32249,23663,101664,83647,16165,42773,19084,24410,12032,18920,42282
12/12/2022 10 a.m. EST,28236,26707,32471,24641,100849,83916,16156,45787,19422,24520,12751,18856,42950
12/12/2022 11 a.m. EST,30891,25728,32657,25396,100468,84192,15945,47155,19362,24694,12700,18556,44031
12/12/2022 12 p.m. EST,32747,24660,32746,25851,100320,84204,15591,47186,19292,24545,12276,18541,44316
12/12/2022 1 p.m. EST,33093,24117,32654,26533,99913,83923,15253,46925,19256,24517,11727,18224,44909
12/12/2022 2 p.m. EST,33211,23783,32473,27146,100178,83436,15120,46292,19252,24418,11249,17902,44890
12/12/2022 3 p.m. EST,31368,23521,32388,27659,99883,83083,15285,45467,19358,24638,11069,17545,44934
12/12/2022 4 p.m. EST,30930,23675,32059,28081,100178,82614,15784,45026,19705,24215,10997,17334,44772
12/12/2022 5 p.m. EST,30379,24636,31930,28198,103450,82930,16918,44935,20526,24429,10831,17451,44830
12/12/2022 6 p.m. EST,30495,26833,32326,28823,107732,85020,17710,45153,21397,25314,11087,18337,45369
12/12/2022 7 p.m. EST,30449,28131,33332,29791,107349,87751,17587,46135,21271,26462,11832,19529,46595
12/12/2022 8 p.m. EST,31260,28299,33346,29025,106025,87681,17267,48636,20911,26486,13018,19723,47438
12/12/2022 9 p.m. EST,33329,28143,32936,27677,104547,86720,16686,50017,20299,26009,13539,19749,46749
12/12/2022 10 p.m. EST,35883,27381,32333,25853,101052,84550,15776,49455,19475,25160,13547,19616,46201
12/12/2022 11 p.m. EST,36149,26243,31396,23684,96366,81726,14663,48810,18339,23895,13330,19196,44947
12/13/2022 12 a.m. EST,35662,25123,30028,21262,93404,78362,13859,47474,17205,22418,12799,18491,42707
12/13/2022 1 a.m. EST,34694,24533,28823,19390,91146,76115,13531,45369,16445,21574,11989,17838,40377
12/13/2022 2 a.m. EST,33387,24445,27994,18205,89677,74752,13648,43474,16016,21434,11354,17529,38446
12/13/2022 3 a.m. EST,31405,24630,27522,17559,89596,73615,13560,41670,15772,21481,10925,17318,37178
12/13/2022 4 a.m. EST,29476,25141,27235,17331,89767,73050,13619,40691,15792,21430,10706,17318,36423
12/13/2022 5 a.m. EST,28624,26158,26983,17572,90852,73366,13972,40451,16077,21449,10634,17461,36158
12/13/2022 6 a.m. EST,28505,28197,27415,18894,94138,74408,14664,40697,16962,22030,10706,17916,36703
12/13/2022 7 a.m. EST,28206,31038,28563,21246,101853,76906,15372,41548,18433,23802,11074,19133,38305
12/13/2022 8 a.m. EST,28107,32195,30498,22566,106973,82122,16255,43291,19466,25405,11906,20397,41114
12/13/2022 9 a.m. EST,28802,31559,31865,23722,106664,84388,16085,46314,19768,25584,13068,20437,42711
12/13/2022 10 a.m. EST,30748,30146,32024,24624,104237,84591,15398,49363,19540,25816,13589,19740,43581
12/13/2022 11 a.m. EST,33499,29061,32089,25498,101667,84727,14727,50719,19218,25841,12903,18932,44405
12/13/2022 12 p.m. EST,35057,27799,32012,26400,100088,84551,14252,50810,18903,25669,12295,18562,45147
12/13/2022 1 p.m. EST,34762,26797,31793,27309,98773,84290,14362,50574,18592,25348,11684,18155,45787
12/13/2022 2 p.m. EST,32969,26174,31499,28126,98703,84127,14526,49931,18496,25246,11469,17898,46149
12/13/2022 3 p.m. EST,31818,25730,31284,28660,98234,83731,14817,49211,18608,25224,11182,17772,46717
12/13/2022 4 p.m. EST,30788,25801,31005,28974,98677,83537,15467,48713,19193,25209,10954,17505,46631
12/13/2022 5 p.m. EST,30282,26893,30765,29154,101490,83656,16552,48135,20279,25515,10609,17797,46484
12/13/2022 6 p.m. EST,29959,29054,31061,29711,107370,85623,17262,48106,21312,26655,10870,18557,46634
12/13/2022 7 p.m. EST,29789,30661,32012,30498,108881,87293,17189,49205,21214,27573,11594,19239,47226
12/13/2022 8 p.m. EST,31189,31213,32458,29770,108815,86861,16896,50934,20858,27569,12878,19203,47883
12/13/2022 9 p.m. EST,33198,31305,32160,28458,108317,85550,16327,51697,20293,27115,13748,18966,47051
12/13/2022 10 p.m. EST,35698,30846,31817,26787,105630,83347,15462,51252,19460,26216,13773,18579,45988
12/13/2022 11 p.m. EST,35835,29673,31125,24568,101211,79908,14287,50321,18279,24774,13656,17766,44990
12/14/2022 12 a.m. EST,35592,28640,30024,22133,97672,76310,13486,48967,17144,23391,13218,16778,42589
12/14/2022 1 a.m. EST,35021,28062,29042,20080,95050,73827,13193,46807,16376,22328,12393,16045,40295
12/14/2022 2 a.m. EST,34015,27876,28505,18866,93640,71998,13100,44508,15930,22342,11746,15518,38215
12/14/2022 3 a.m. EST,32458,27760,28285,18205,93286,70565,13031,42656,15701,22095,11341,15272,36861
12/14/2022 4 a.m. EST,30650,27978,28241,17962,93422,70076,13127,41551,15655,22452,11257,15243,36022
12/14/2022 5 a.m. EST,28968,28583,28428,18168,94920,69974,13530,41146,15891,22577,11230,15187,35671
12/14/2022 6 a.m. EST,28393,29966,28984,18554,98973,70303,13908,41180,16741,23153,11375,15475,36205
12/14/2022 7 a.m. EST,28195,31985,30319,21753,106179,73533,15254,41771,18290,24674,11835,16406,37785
12/14/2022 8 a.m. EST,28341,32520,32393,23230,110380,78360,16210,43496,19360,26145,12711,17565,40901
12/14/2022 9 a.m. EST,28657,32254,33781,24361,109487,81355,15991,46287,19533,26385,13900,17929,42524
12/14/2022 10 a.m. EST,30533,31282,33869,25519,106521,81853,15165,49242,19229,26808,14529,17965,42654
12/14/2022 11 a.m. EST,33262,30337,33527,26611,104147,82267,14479,50548,19047,27072,13759,18167,42769
12/14/2022 12 p.m. EST,33914,29516,33300,27663,102196,82728,14148,50376,18837,27214,12643,18442,42319
12/14/2022 1 p.m. EST,33642,28987,32936,28702,101240,82772,14356,49689,18679,27180,11691,18460,42057
12/14/2022 2 p.m. EST,32736,28485,32565,29651,101295,82326,14659,48716,18739,27151,10971,18637,41757
12/14/2022 3 p.m. EST,31412,28212,32302,30476,100610,82003,14696,47680,18946,27027,10412,18614,41692
12/14/2022 4 p.m. EST,30705,28473,32063,30966,100866,81681,15574,47132,19520,26917,10184,18502,41564
12/14/2022 5 p.m. EST,29729,29202,32019,30931,103118,81806,16780,46859,20512,27085,9982,18609,41801
12/14/2022 6 p.m. EST,29817,30569,32641,31027,107692,83207,17411,47019,21345,27870,10343,19267,42321
12/14/2022 7 p.m. EST,30100,30669,34061,31837,107681,85336,17242,48049,21226,28316,11137,19664,44116
12/14/2022 8 p.m. EST,31319,30209,34562,30939,106611,85076,16955,50425,20917,27930,12682,19481,45703
12/14/2022 9 p.m. EST,33380,29616,34401,29783,105023,84035,16379,51369,20359,27262,13527,19246,45613
12/14/2022 10 p.m. EST,35880,28458,34126,27983,102389,82341,15441,51149,19393,26304,13539,18805,45528
12/14/2022 11 p.m. EST,35936,26814,33391,25748,98181,79484,14222,50434,18197,24795,13554,18000,44639
12/15/2022 12 a.m. EST,35806,25351,32208,23241,94028,76688,13120,49265,17044,23211,13218,17038,43093
12/15/2022 1 a.m. EST,35158,24384,31195,21154,90277,74976,12428,47054,16247,22455,12563,16251,41229
12/15/2022 2 a.m. EST,34036,23836,30652,19756,88433,73065,12548,45143,15762,22080,11927,15865,39907
12/15/2022 3 a.m. EST,31887,23703,30381,19035,87675,72284,12395,43420,15505,21717,11513,15757,39308
12/15/2022 4 a.m. EST,29979,23621,30372,18690,87456,72026,12358,42566,15422,21539,11378,15718,39119
12/15/2022 5 a.m. EST,28711,24199,30636,18868,88792,72643,12368,42196,15614,21395,11437,15687,39596
12/15/2022 6 a.m. EST,27872,25402,31233,20185,92320,74328,13007,42306,16406,22201,11642,16116,41083
12/15/2022 7 a.m. EST,27593,27551,32676,22580,97741,77299,14465,43029,17909,23881,12060,17367,43904
12/15/2022 8 a.m. EST,27477,28671,34803,24211,103059,82912,15366,44769,19048,25379,12939,18691,48295
12/15/2022 9 a.m. EST,28256,28620,36277,25766,104983,86014,15449,47843,19495,25804,14059,19092,50289
12/15/2022 10 a.m. EST,30070,28659,36119,27331,105943,86320,15321,51119,19751,25956,14521,18971,49412
12/15/2022 11 a.m. EST,32806,28529,35714,28625,106299,85847,15168,52455,19901,25547,13825,18749,47554
12/15/2022 12 p.m. EST,34081,28302,35301,29538,106019,85788,15104,52179,19992,25138,12918,18513,45471
12/15/2022 1 p.m. EST,33820,27776,34744,29960,105640,85019,15250,51232,20020,25138,11899,18024,43658
12/15/2022 2 p.m. EST,32841,27399,34197,29921,105839,84217,15480,49915,20067,24846,11168,17854,42443
12/15/2022 3 p.m. EST,31503,27003,33788,29728,105388,84033,15431,49282,20038,24476,10631,17699,42097
12/15/2022 4 p.m. EST,30719,26903,33416,29622,104613,83424,15598,48426,20166,24422,10349,17557,41757
12/15/2022 5 p.m. EST,30064,27240,33145,29476,104715,83784,16438,47690,20764,24398,10134,17852,41726
12/15/2022 6 p.m. EST,29478,28528,33630,30062,107382,85948,16842,47884,21201,25089,10500,18687,42386
12/15/2022 7 p.m. EST,28671,29005,34955,30627,106968,88719,16595,48984,20860,26609,11371,20045,44109
12/15/2022 8 p.m. EST,29754,28793,35468,29796,104982,88898,16243,51508,20291,27084,12661,20219,45993
12/15/2022 9 p.m. EST,33673,28398,35414,28720,103155,88149,15803,52645,19611,27323,13201,20606,46310
12/15/2022 10 p.m. EST,35505,27540,35287,27254,100318,86836,14703,52290,18782,27012,13274,20535,46422
12/15/2022 11 p.m. EST,35369,26258,34656,26493,96590,84167,13684,51615,17587,26291,13249,20193,46073
12/16/2022 12 a.m. EST,35201,25091,33474,23122,92537,80733,13162,50608,16470,25331,12927,19294,44608
12/16/2022 1 a.m. EST,34714,24283,32413,21153,89053,78054,12568,48647,15675,24495,12331,18822,43038
12/16/2022 2 a.m. EST,33625,23946,31757,19748,86884,77026,12273,46448,15129,24645,11647,18576,41897
12/16/2022 3 a.m. EST,31646,24144,31455,19018,86210,77123,12184,44619,14821,24945,11286,18555,41458
12/16/2022 4 a.m. EST,30016,24548,31442,18714,86275,77161,12169,43629,14714,25109,11090,18749,41174
12/16/2022 5 a.m. EST,29117,25465,31594,19032,87768,77000,12455,43224,14880,25351,11074,19091,41269
12/16/2022 6 a.m. EST,28476,27175,32139,20283,90930,78149,13058,43344,15625,26694,11232,19941,42316
12/16/2022 7 a.m. EST,28082,29797,33426,22675,95908,81816,13902,44079,16873,29194,11600,21364,44665
12/16/2022 8 a.m. EST,28148,31090,35344,24344,100740,87546,14632,45730,18103,31225,12421,22765,48423
12/16/2022 9 a.m. EST,28129,30864,36625,25279,101814,90683,15090,48619,18725,31361,13533,22891,49839
12/16/2022 10 a.m. EST,29790,29633,36556,25818,100706,90460,15427,51564,19138,30052,14072,22054,49192
12/16/2022 11 a.m. EST,32229,27866,36196,25999,99588,89649,15622,53095,19423,28587,13646,21028,48385
12/16/2022 12 p.m. EST,33597,26044,35822,25885,98537,88596,15680,52882,19511,27534,12801,20411,48023
12/16/2022 1 p.m. EST,33348,25064,35243,26015,98044,87300,15638,51684,19429,27161,12096,19650,47163
12/16/2022 2 p.m. EST,32403,24262,34738,26091,98447,86394,15566,50467,19414,26304,11502,19247,46171
12/16/2022 3 p.m. EST,30653,23863,34333,26019,99021,85880,15480,49602,19360,25647,11150,18954,45594
12/16/2022 4 p.m. EST,29108,23858,33995,26003,99194,85012,15620,48720,19476,25342,10805,18645,45201
12/16/2022 5 p.m. EST,28825,24751,33889,26124,100046,85234,16281,47967,20050,25406,10617,18846,45398
12/16/2022 6 p.m. EST,28810,26805,34479,27074,103958,87454,16559,47656,20536,26225,10631,19711,45892
12/16/2022 7 p.m. EST,29042,27931,35644,27877,103689,89711,16154,48469,20187,27596,11208,20940,47610
12/16/2022 8 p.m. EST,29903,28156,35824,27211,102424,89284,15564,50910,19616,27847,12447,20926,48818
12/16/2022 9 p.m. EST,32251,28234,35597,26403,101173,88062,14958,51829,19015,28023,12954,20880,48633
12/16/2022 10 p.m. EST,34451,27965,35194,25433,99245,86781,14186,51381,18274,27851,12963,20651,48197
12/16/2022 11 p.m. EST,34006,27338,34718,24201,96368,84463,13553,50723,17282,27157,13013,20274,47434
12/17/2022 12 a.m. EST,33652,26492,33870,22591,93802,81587,12816,49786,16285,26163,12807,19671,46281
12/17/2022 1 a.m. EST,33127,25818,32973,21136,91432,79475,12130,48141,15471,25154,12382,19006,44527
12/17/2022 2 a.m. EST,32383,25567,32366,20070,89250,78293,11919,46515,14970,24871,11933,18546,43229
12/17/2022 3 a.m. EST,30939,25517,32003,19474,88267,77933,11805,45125,14653,24714,11678,18401,42337
12/17/2022 4 a.m. EST,29309,25742,31884,19255,87972,77822,11888,43901,14487,24665,11524,18465,42019
12/17/2022 5 a.m. EST,28514,26445,31852,19399,87620,77724,11569,43367,14514,24856,11483,18546,42063
12/17/2022 6 a.m. EST,27494,27489,32016,20064,89290,78269,11624,43336,14832,24661,11600,19031,42850
12/17/2022 7 a.m. EST,27399,28881,32713,21320,91516,78594,12271,43707,15431,25443,11870,19811,44189
12/17/2022 8 a.m. EST,27176,30074,33631,22998,94585,81110,12956,44483,16094,26446,12391,20624,46163
12/17/2022 9 a.m. EST,27378,30748,34579,24975,95865,83724,13487,45899,16637,27213,13031,21273,47714
12/17/2022 10 a.m. EST,28088,29933,34878,25655,95302,85574,13282,47584,16909,27641,13583,21237,49253
12/17/2022 11 a.m. EST,29292,28559,34561,25672,94346,86226,13070,49156,16985,27621,13243,20849,49219
12/17/2022 12 p.m. EST,30226,27069,34089,25539,93877,86120,12897,50023,16883,27189,12305,20241,47993
12/17/2022 1 p.m. EST,30525,26045,33312,25598,93495,85230,12793,49805,16932,27034,11577,19589,46468
12/17/2022 2 p.m. EST,30042,25314,32477,25756,93315,84162,12994,48964,17029,26509,10835,18802,44537
12/17/2022 3 p.m. EST,29547,24986,31712,26036,93033,83396,13372,48204,17261,26296,10215,18318,43016
12/17/2022 4 p.m. EST,28301,24807,31075,26229,93491,83025,13842,47161,17680,26037,9989,18045,41819
12/17/2022 5 p.m. EST,27533,25490,30870,26351,96604,83525,14791,46580,18414,26047,9989,18436,41217
12/17/2022 6 p.m. EST,27391,27280,31483,27241,100887,86138,15358,46739,19143,26880,10052,19542,41796
12/17/2022 7 p.m. EST,27552,28015,33148,27622,101353,89168,15153,47717,19053,28120,10834,20692,43847
12/17/2022 8 p.m. EST,28570,28035,33989,26839,100617,89353,14778,49830,18779,28368,12048,21021,45868
12/17/2022 9 p.m. EST,30306,28005,34173,26034,99700,89108,14339,50676,18360,28431,12479,21183,46577
12/17/2022 10 p.m. EST,32254,27698,34125,25060,98159,88167,13788,50270,17853,28443,12523,21123,47452
12/17/2022 11 p.m. EST,32569,27014,34036,23851,95680,86516,13004,49571,17152,27986,12562,20904,47843
12/18/2022 12 a.m. EST,32182,26234,33485,22381,92605,84452,12195,48553,16322,27471,12329,20363,47692
12/18/2022 1 a.m. EST,31756,25791,32826,20945,89732,82339,11906,46962,15579,27294,12007,20059,47037
12/18/2022 2 a.m. EST,31032,25716,32361,19836,88068,81186,11737,45422,15069,27060,11625,19896,46281
12/18/2022 3 a.m. EST,29935,25993,32319,19156,87460,80474,11763,43708,14730,27054,11197,19838,45873
12/18/2022 4 a.m. EST,28461,26586,32326,18802,87185,80337,11470,42664,14597,27349,10914,19874,45955
12/18/2022 5 a.m. EST,27398,27470,32477,18847,87504,80767,11502,42002,14629,27492,10803,20164,46259
12/18/2022 6 a.m. EST,26527,28695,32794,19324,88637,81546,11303,41714,14880,28357,10760,20466,47027
12/18/2022 7 a.m. EST,26146,30241,33347,20378,90863,83169,11876,42003,15375,29572,10866,21174,48192
12/18/2022 8 a.m. EST,25982,31886,34311,21928,93752,85542,12471,42668,15940,31015,11146,22092,49765
12/18/2022 9 a.m. EST,26260,32311,35300,24288,95722,87794,12733,43936,16382,31868,11589,22876,51216
12/18/2022 10 a.m. EST,26560,30317,35428,25952,95735,88647,12699,45497,16657,31292,12044,22708,51464
12/18/2022 11 a.m. EST,27661,28045,34356,26238,94723,87561,12501,47160,16822,30007,12322,21799,49960
12/18/2022 12 p.m. EST,28490,26453,33110,26282,94612,85836,12302,47852,16879,28617,12228,20822,48077
12/18/2022 1 p.m. EST,28468,25060,32106,26062,95431,84003,12441,47773,16850,27621,11758,20078,46107
12/18/2022 2 p.m. EST,28075,24321,31484,26257,95811,82595,12770,47422,17033,26969,11161,19404,44833
12/18/2022 3 p.m. EST,27957,23768,30876,26263,95552,80977,13300,46979,17337,26237,10805,18932,43750
12/18/2022 4 p.m. EST,26906,23832,30458,25977,95353,80225,14096,46461,17851,25466,10629,18548,43125
12/18/2022 5 p.m. EST,26964,24995,30657,26052,98932,81041,15364,46132,18804,25937,10549,18787,43084
12/18/2022 6 p.m. EST,27264,27595,31569,27005,105298,84878,16142,46558,19700,27433,10675,20122,43946
12/18/2022 7 p.m. EST,27659,29310,33513,28383,107326,89583,16060,47792,19692,29326,11217,21622,46339
12/18/2022 8 p.m. EST,28153,30159,34169,28091,107299,90675,15747,50283,19405,30236,12283,22196,47883
12/18/2022 9 p.m. EST,30129,30693,34174,27557,106879,90814,15321,51353,19035,30852,12700,22603,47833
12/18/2022 10 p.m. EST,32380,30662,33970,26635,104734,89952,14519,51151,18411,30869,12731,22878,47427
12/18/2022 11 p.m. EST,32674,30136,33397,25138,101866,87896,13463,50714,17451,30426,12730,22741,46482
12/19/2022 12 a.m. EST,32604,29593,32265,23264,98573,85171,12633,49659,16510,29779,12447,22386,44698
12/19/2022 1 a.m. EST,32110,29419,31135,22002,97237,83201,12741,47936,15826,29670,11961,22219,42787
12/19/2022 2 a.m. EST,31295,29709,30490,21170,95615,82368,12693,46068,15421,29655,11457,22286,41324
12/19/2022 3 a.m. EST,29889,30321,30214,21432,95044,82385,12567,44509,15182,29956,11199,22377,40498
12/19/2022 4 a.m. EST,28396,31143,30075,20896,95495,81877,12624,43537,15145,30557,11153,22661,40101
12/19/2022 5 a.m. EST,27396,32408,30249,21629,97305,81836,13029,43200,15376,31043,11174,22955,40233
12/19/2022 6 a.m. EST,27109,34397,30736,23448,102087,83353,13433,43337,16265,32645,11343,23653,41253
12/19/2022 7 a.m. EST,26801,36705,31898,26313,109581,87616,14329,44016,17687,34804,11799,24624,43194
12/19/2022 8 a.m. EST,26936,37997,33806,28463,114794,92800,15317,45680,18783,36485,12634,25628,45905
12/19/2022 9 a.m. EST,27626,37370,35316,29232,114550,96123,15136,48399,19094,36461,13607,25737,47981
12/19/2022 10 a.m. EST,29187,35242,35539,28807,111582,96452,14418,51503,19050,34859,14141,25202,49142
12/19/2022 11 a.m. EST,31744,32690,35619,28036,109257,96203,14027,52839,18978,33076,13672,24252,50142
12/19/2022 12 p.m. EST,33425,30472,35578,26830,108143,95439,13939,52844,18859,31488,12453,23202,50507
12/19/2022 1 p.m. EST,33951,28672,35173,26359,107559,94674,14064,52260,18879,30476,11609,22145,50361
12/19/2022 2 p.m. EST,33810,27442,34674,26102,107014,93569,14492,51287,19091,29563,10878,21509,49863
12/19/2022 3 p.m. EST,33222,26758,34248,26107,106978,92915,14778,50541,19375,28992,10407,21152,49349
12/19/2022 4 p.m. EST,32064,26480,33798,26283,106969,92353,15344,50010,19766,28823,10152,20977,48880
12/19/2022 5 p.m. EST,31867,27770,33616,26544,109159,92599,16531,49866,20556,28730,10098,21172,48801
12/19/2022 6 p.m. EST,31948,30247,33982,27666,114353,94896,17301,50068,21298,30044,10210,21994,49076
12/19/2022 7 p.m. EST,31887,31575,35083,29047,115170,97243,17155,51119,21095,30992,10824,22759,50399
12/19/2022 8 p.m. EST,31996,31982,35567,28708,114456,96947,16748,53355,20763,31084,11977,23000,51338
12/19/2022 9 p.m. EST,33622,31912,35435,27815,113241,95569,16146,54189,20227,30668,12637,22781,50839
12/19/2022 10 p.m. EST,35539,31124,35171,26396,110383,93597,15233,53519,19377,29962,12831,22559,50013
12/19/2022 11 p.m. EST,35500,29725,34471,24490,106490,90503,14135,52652,18204,28837,12869,21991,48599
12/20/2022 12 a.m. EST,35188,28050,33232,22347,102207,86939,13263,51296,17038,27337,12570,21308,46387
12/20/2022 1 a.m. EST,34461,27412,32079,19537,98890,84165,12974,49207,16251,26886,12023,20547,44385
12/20/2022 2 a.m. EST,33165,27151,31345,19386,96638,82257,12701,46857,15744,26356,11633,20139,42715
12/20/2022 3 a.m. EST,31201,27273,31047,18793,95923,81471,12564,45069,15453,25996,11248,19854,41860
12/20/2022 4 a.m. EST,29214,27681,31042,18638,96268,81347,12742,44013,15369,25896,11126,19680,41308
12/20/2022 5 a.m. EST,28065,28492,31315,18939,97932,81689,12774,43488,15566,25841,11121,19676,41092
12/20/2022 6 a.m. EST,27479,30071,32032,20268,101996,83279,13453,43397,16417,26811,11250,19908,42133
12/20/2022 7 a.m. EST,27275,32191,33330,22478,109176,85491,14564,43991,17782,27810,11666,20765,44291
12/20/2022 8 a.m. EST,26992,33212,35198,24118,114007,90505,15501,45428,18855,29400,12492,21805,47050
12/20/2022 9 a.m. EST,27570,33031,36708,25367,113473,93784,15188,47953,19120,30009,13469,22125,48854
12/20/2022 10 a.m. EST,29231,32512,37045,26275,110082,93951,14225,50635,19007,30563,13849,22168,49558
12/20/2022 11 a.m. EST,31519,31856,36997,26923,106720,93189,13365,51872,18813,30960,13458,21549,49632
12/20/2022 12 p.m. EST,33275,30956,36759,27297,104788,91901,13238,51970,18640,30979,12721,21073,48888
12/20/2022 1 p.m. EST,33197,30291,36317,27526,103034,90305,13354,51672,18481,30934,11995,20456,48039
12/20/2022 2 p.m. EST,32021,29981,35718,27543,101862,88690,13681,51088,18559,31277,11312,19946,46938
12/20/2022 3 p.m. EST,30962,29873,35290,27262,101420,87592,14145,50692,18798,31158,10813,19704,46193
12/20/2022 4 p.m. EST,30396,30045,34858,27203,101894,86696,14933,50244,19227,31064,10571,19400,45637
12/20/2022 5 p.m. EST,29655,30823,34850,27690,103920,87035,16266,50062,20080,30939,10424,19439,45358
12/20/2022 6 p.m. EST,29562,32437,35366,28802,109818,89637,17110,50033,20997,31786,10421,20212,45843
12/20/2022 7 p.m. EST,29867,33107,36908,29480,111572,93533,17048,50936,20901,32356,10963,21194,47887
12/20/2022 8 p.m. EST,30617,32970,37527,28822,111513,94380,16740,52837,20566,32059,12121,21447,49758
12/20/2022 9 p.m. EST,32279,32552,37480,27761,110796,94031,16237,53612,20076,31659,12717,21544,50121
12/20/2022 10 p.m. EST,34576,31673,37243,26152,109019,93125,15405,52965,19333,30840,12779,21306,49826
12/20/2022 11 p.m. EST,34464,30231,36767,24280,105922,91091,14283,52105,18177,29683,12845,20899,49246
12/21/2022 12 a.m. EST,34263,28994,35668,22247,102880,88291,13214,50704,17132,27487,12591,20531,47777
12/21/2022 1 a.m. EST,33623,28287,34630,20512,100071,86302,12978,48463,16398,27558,12098,20070,46250
12/21/2022 2 a.m. EST,32492,27975,33831,19462,98655,84901,13057,46238,15914,27168,11662,19967,45096
12/21/2022 3 a.m. EST,31031,28153,33477,18975,98401,84399,12438,44448,15686,26883,11234,20017,44724
12/21/2022 4 a.m. EST,29336,28505,33466,18742,98521,83982,12459,43361,15664,26847,11110,20240,44718
12/21/2022 5 a.m. EST,28027,29346,33563,19018,99807,84095,12484,43051,15882,26788,11187,20568,45321
12/21/2022 6 a.m. EST,27786,30889,34057,20334,104212,85336,13400,43160,16721,27518,11371,21263,46779
12/21/2022 7 a.m. EST,27652,32997,35162,22548,111547,88660,14914,43759,18168,28869,11819,22623,49161
12/21/2022 8 a.m. EST,27446,34368,36879,24333,116494,93373,15898,45301,19343,30339,12690,23867,52418
12/21/2022 9 a.m. EST,27817,34332,38277,25771,115987,96420,15676,47940,19485,30997,13719,24297,54049
12/21/2022 10 a.m. EST,29187,33177,38548,26964,111390,96320,14726,50683,19081,31193,14096,23481,54132
12/21/2022 11 a.m. EST,31567,31894,38382,27668,106870,95324,14187,52258,18570,30941,13479,22030,53681
12/21/2022 12 p.m. EST,32833,30551,37986,27885,103844,94258,13709,52584,18181,30418,12342,20986,52066
12/21/2022 1 p.m. EST,33495,29362,37364,28005,102115,92850,13393,52152,17886,29472,11577,19964,50286
12/21/2022 2 p.m. EST,33358,28829,36523,27982,100907,91801,13611,51257,17887,29139,10815,19195,48867
12/21/2022 3 p.m. EST,32727,28417,35962,27941,100171,90996,14364,50807,18178,28862,10311,18708,47691
12/21/2022 4 p.m. EST,31816,28600,35446,28004,100597,90188,15258,50650,18826,28859,9909,18568,46699
12/21/2022 5 p.m. EST,31157,29368,35178,28149,102338,90254,16250,50588,19830,28735,9932,18667,46462
12/21/2022 6 p.m. EST,30935,31020,35386,29173,107983,92338,17067,50820,20765,29246,10032,19533,46892
12/21/2022 7 p.m. EST,30772,31434,36310,30207,109311,94600,16998,52049,20630,30165,10661,20396,48915
12/21/2022 8 p.m. EST,31402,31096,36653,29591,108810,94529,16725,54634,20330,30065,11911,20401,51046
12/21/2022 9 p.m. EST,32790,30621,36428,28627,107899,93456,16465,56156,19834,29916,12553,20109,51296
12/21/2022 10 p.m. EST,35022,29750,36035,27314,105388,92076,16185,55882,19094,29240,12586,19827,51592
12/21/2022 11 p.m. EST,34882,28425,35544,25482,101787,90429,15051,55347,18057,28038,12638,19205,51061
12/22/2022 12 a.m. EST,34083,27141,34987,23124,98461,87176,13975,54439,16999,27169,12538,18387,49760
12/22/2022 1 a.m. EST,33283,26272,34082,21437,95293,83858,13160,52809,16191,26480,12091,17727,48031
12/22/2022 2 a.m. EST,32197,25762,33656,20107,93375,81412,12305,51009,15675,25813,11579,17094,46571
12/22/2022 3 a.m. EST,30469,25649,33523,19409,92014,79593,12280,49205,15359,25176,11096,16786,45660
12/22/2022 4 a.m. EST,28791,25658,33707,19110,91807,79059,12596,48310,15301,25038,10930,16637,44901
12/22/2022 5 a.m. EST,27931,26014,34119,19416,91870,79296,12912,48006,15509,25234,10926,16712,44534
12/22/2022 6 a.m. EST,27152,27029,35114,20426,94607,80886,13545,48158,16289,26153,11092,17036,45010
12/22/2022 7 a.m. EST,26962,28478,36700,22385,99368,83937,14812,48759,17657,27166,11516,17943,46530
12/22/2022 8 a.m. EST,27024,29498,38651,24137,103624,87258,15703,50123,18823,28494,12332,18912,48743
12/22/2022 9 a.m. EST,27396,29964,40325,25784,105091,90652,15700,52516,19174,29162,13232,19485,50469
12/22/2022 10 a.m. EST,28850,30233,41582,27068,106045,92363,15463,54692,19091,29539,13679,19565,52059
12/22/2022 11 a.m. EST,30696,30093,42546,27896,106751,93740,15228,56582,19128,29557,13132,19717,54037
12/22/2022 12 p.m. EST,31763,29488,43234,28385,106376,94086,14877,57310,19381,29312,12019,19705,55441
12/22/2022 1 p.m. EST,32077,28742,43606,28598,106149,93974,15377,57423,19364,28824,11282,19505,56469
12/22/2022 2 p.m. EST,32155,27996,43805,28789,106108,93759,15228,57319,19387,28631,10568,19267,57240
12/22/2022 3 p.m. EST,32270,27372,43755,28844,105367,93598,15347,56630,19410,28148,10135,19113,58349
12/22/2022 4 p.m. EST,31779,27210,43844,28894,104772,93938,15629,55985,19558,27832,9918,18973,59350
12/22/2022 5 p.m. EST,30816,27562,44185,28891,105410,95065,16440,55651,20199,27589,9945,19143,60723
12/22/2022 6 p.m. EST,30139,28876,44924,29743,107435,98539,16851,55729,20625,28487,10031,19907,62706
12/22/2022 7 p.m. EST,30094,29172,46508,30402,106468,101988,16578,56678,20309,29205,10638,20718,66888
12/22/2022 8 p.m. EST,30575,28863,47107,29708,105259,103134,16145,58566,19801,29152,11745,21026,70479
12/22/2022 9 p.m. EST,32112,28377,46885,28715,103200,103416,15780,58910,19228,28766,12237,21387,72107
12/22/2022 10 p.m. EST,34078,27667,46470,27441,100526,103120,14860,58011,18406,28236,12225,22074,73280
12/22/2022 11 p.m. EST,33680,26434,45790,25722,97181,102481,14134,56881,17300,27213,12174,22773,73656
12/23/2022 12 a.m. EST,33055,25177,44783,23629,93509,101557,13239,55452,16204,26752,11975,23369,72771
12/23/2022 1 a.m. EST,32530,24316,43782,21594,90223,100770,12749,53377,15370,25980,11516,23840,71688
12/23/2022 2 a.m. EST,31603,23845,43130,20300,88616,100664,12232,51490,14791,25557,11012,24588,70968
12/23/2022 3 a.m. EST,30043,23512,42661,19560,87833,100871,11943,49183,14411,25334,10616,25604,70517
12/23/2022 4 a.m. EST,28197,23406,42540,19043,88402,101112,11809,47913,14249,26114,10430,27047,70173
12/23/2022 5 a.m. EST,27001,23543,42439,19215,90595,101774,11940,47361,14310,27539,10376,28269,70342
12/23/2022 6 a.m. EST,26197,24272,42558,20174,93627,102883,12299,47405,14809,30000,10424,29071,70878
12/23/2022 7 a.m. EST,26008,25918,43098,21774,98597,105734,12307,47611,15791,32739,10760,30298,71803
12/23/2022 8 a.m. EST,26132,27749,44072,23497,103664,109093,12965,48515,16704,35503,11387,31099,73029
12/23/2022 9 a.m. EST,26477,29435,44887,25643,107169,111630,13417,50311,17350,37605,12130,32015,73976
12/23/2022 10 a.m. EST,27307,30377,45259,27010,110501,113293,13675,52329,17843,38541,12589,32515,73905
12/23/2022 11 a.m. EST,28986,30967,44982,28170,113382,114259,13811,53669,18263,38707,12442,32501,73669
12/23/2022 12 p.m. EST,29742,30991,44521,28786,114646,114024,13945,54266,18368,38140,11709,31578,72183
12/23/2022 1 p.m. EST,30242,30959,43671,29040,115619,112952,13859,54448,18320,37422,11060,30772,69978
12/23/2022 2 p.m. EST,29564,30963,42507,29036,116670,111257,13796,54488,18688,36550,10508,30735,67428
12/23/2022 3 p.m. EST,29378,31201,41536,28756,118146,109846,13774,54010,19030,36478,10110,30285,65491
12/23/2022 4 p.m. EST,28423,32086,40897,28678,121456,108955,14042,53272,19575,36535,9893,30192,63824
12/23/2022 5 p.m. EST,27857,34349,40707,28972,127037,109343,14829,52594,20624,37496,9858,30878,63400
12/23/2022 6 p.m. EST,27895,37860,41336,30201,134238,112217,15296,52361,21538,39570,9869,31948,64294
12/23/2022 7 p.m. EST,27680,39738,42765,31621,135328,114818,15166,52867,21563,41854,10496,15880,66586
12/23/2022 8 p.m. EST,28273,40541,43041,31358,134439,113879,14989,54258,21520,42712,11425,15880,67948
12/23/2022 9 p.m. EST,30116,41212,42729,31085,133762,112091,14845,54348,21198,43299,11868,15880,67979
12/23/2022 10 p.m. EST,32122,41431,42428,29823,132078,110711,14443,53269,20646,43592,11862,15880,67847
12/23/2022 11 p.m. EST,32101,41319,41906,29106,129357,109172,13806,52006,19889,43381,11929,33017,67328
12/24/2022 12 a.m. EST,31611,41090,40926,28127,126356,106463,13148,50535,19047,43017,11739,32531,66295
12/24/2022 1 a.m. EST,31089,41247,40014,28076,123937,104878,12812,48626,18317,43387,11446,32037,64787
12/24/2022 2 a.m. EST,30385,41587,39331,27658,122419,103665,12991,46316,17821,43101,11123,31755,63442
12/24/2022 3 a.m. EST,29166,42071,38888,27737,121912,102015,13193,44278,17537,42938,10850,31524,62828
12/24/2022 4 a.m. EST,27948,42656,38624,28243,121809,101149,13223,43028,17405,43395,10682,31377,62597
12/24/2022 5 a.m. EST,26728,43440,38528,29102,121865,100962,13428,42134,17474,43429,10608,31504,62671
12/24/2022 6 a.m. EST,25805,44473,38551,30565,123156,101440,13607,41786,17746,43526,10644,31552,62965
12/24/2022 7 a.m. EST,25257,44630,38860,32636,124938,101589,14026,41924,18358,43807,10817,30454,63543
12/24/2022 8 a.m. EST,25012,44232,39366,35683,128094,102400,14548,42623,19034,44560,11212,29819,64614
12/24/2022 9 a.m. EST,24957,44363,39998,38365,129542,104382,14999,43741,19635,45131,11777,30040,65587
12/24/2022 10 a.m. EST,25569,44023,40177,38851,129367,105492,14927,45211,19876,44844,12238,30013,65229
12/24/2022 11 a.m. EST,26581,42561,39642,38248,129017,105008,14614,46299,20006,43803,12101,29569,63923
12/24/2022 12 p.m. EST,27341,40568,38729,36879,127851,102924,14477,47416,20132,42149,11364,29405,61422
12/24/2022 1 p.m. EST,27539,38862,37509,35167,126658,100398,14483,48107,20058,40749,10849,28158,58491
12/24/2022 2 p.m. EST,27163,37394,36223,33820,125203,97448,14834,48005,20150,39006,10709,27221,55436
12/24/2022 3 p.m. EST,26323,36207,35132,33278,123828,95493,15463,47610,20293,37528,9835,26010,52702
12/24/2022 4 p.m. EST,25495,35777,34499,33419,123773,94713,16243,46968,20677,36649,9602,25277,50643
12/24/2022 5 p.m. EST,24856,36805,34376,34248,123955,94474,17127,46512,21420,36905,9651,25200,49750
12/24/2022 6 p.m. EST,24891,38870,34830,35911,126148,96251,17382,46115,22004,38172,9715,26094,50111
12/24/2022 7 p.m. EST,25779,39909,36182,37190,126070,99657,17009,46169,21725,39491,10301,27140,53090
12/24/2022 8 p.m. EST,27081,39918,36780,37016,124818,99941,16710,46938,21345,39599,11250,27019,56009
12/24/2022 9 p.m. EST,28702,39605,36861,36947,123983,99475,16421,46714,20987,39805,11505,27493,57020
12/24/2022 10 p.m. EST,30385,39344,36959,36610,122659,98860,16074,45720,20601,39688,11265,27474,57657
12/24/2022 11 p.m. EST,30325,38690,36840,35957,119997,98165,15496,44875,19870,39303,11218,27349,57983
12/25/2022 12 a.m. EST,29577,38245,36395,35138,117279,96656,14960,44105,19096,38729,11025,27014,57703
12/25/2022 1 a.m. EST,28776,37747,35774,34659,114837,94764,14477,42835,18364,38212,10777,26790,57394
12/25/2022 2 a.m. EST,28287,37649,35316,34337,114396,92852,14318,41312,17811,38140,10625,26695,57206
12/25/2022 3 a.m. EST,27284,37843,35151,34386,113411,91796,14344,39631,17429,38040,10239,26791,57211
12/25/2022 4 a.m. EST,26246,38212,35108,34697,112132,91419,14428,38588,17158,38135,10050,26929,57448
12/25/2022 5 a.m. EST,25414,38783,35209,35385,112839,91709,14421,37998,17105,38518,10015,27162,57603
12/25/2022 6 a.m. EST,24586,39605,35480,36451,113206,92274,14202,37556,17255,38848,9999,27457,57885
12/25/2022 7 a.m. EST,24014,40661,35927,38033,114902,93485,14607,37541,17641,39479,10121,27934,58784
12/25/2022 8 a.m. EST,23711,41858,36700,40200,117362,95611,14893,38028,18128,40560,10431,28663,59871
12/25/2022 9 a.m. EST,23741,41564,37538,42207,117338,97508,15027,39147,18479,41002,10919,28935,60881
12/25/2022 10 a.m. EST,24098,38930,37569,42612,114320,97387,14675,40572,18371,39446,11321,27756,59718
12/25/2022 11 a.m. EST,24733,35760,36422,41475,111768,95325,14284,42007,18007,37157,11147,26227,56382
12/25/2022 12 p.m. EST,25301,33444,35056,39759,109491,92696,14175,42588,17791,35351,10458,24632,52388
12/25/2022 1 p.m. EST,25808,31302,33879,38038,106986,90037,13933,42793,17806,33717,9772,23349,48781
12/25/2022 2 p.m. EST,25451,29558,32825,36316,104905,87728,14213,42659,17867,31780,9290,22126,45669
12/25/2022 3 p.m. EST,25156,28402,31779,34849,103449,85617,14487,42244,18140,30145,9005,21122,43005
12/25/2022 4 p.m. EST,24289,28023,31215,33971,104383,84209,14733,41816,18599,28966,8826,20609,41227
12/25/2022 5 p.m. EST,23738,28754,31091,34103,106393,84598,15661,41437,19343,29275,8871,20835,40420
12/25/2022 6 p.m. EST,23712,31064,31654,35625,110186,86748,16107,41291,19949,30902,9110,22060,40858
12/25/2022 7 p.m. EST,24469,32959,32944,37079,111841,90391,15965,42070,19837,33126,9577,23450,43692
12/25/2022 8 p.m. EST,25880,34021,33482,37488,112299,91443,15798,43224,19689,34224,10458,24280,46920
12/25/2022 9 p.m. EST,27470,34844,33596,37529,112608,91857,15584,43398,19525,35026,10719,24940,48454
12/25/2022 10 p.m. EST,29066,35202,33626,37112,112084,92046,15194,43009,19198,35465,10629,25403,49601
12/25/2022 11 p.m. EST,28888,35113,33201,35917,110245,91749,14530,42566,18649,35562,10603,25645,50129
12/26/2022 12 a.m. EST,28513,34976,32400,34693,107917,89872,14312,41745,17910,35320,10491,25633,49985
12/26/2022 1 a.m. EST,28410,35086,31638,33772,106256,87940,14128,40607,17297,35288,10310,25553,49654
12/26/2022 2 a.m. EST,27997,35481,31067,33322,106419,86312,14021,39113,16888,35358,10016,25479,49027
12/26/2022 3 a.m. EST,26881,36274,30943,33264,106332,85344,13850,37692,16606,35749,9806,25566,48912
12/26/2022 4 a.m. EST,25510,37171,30927,33542,106374,84798,13857,36681,16529,36284,9574,25296,48992
12/26/2022 5 a.m. EST,24663,38359,31014,34287,106853,84744,14054,36284,16630,37026,9599,25216,49511
12/26/2022 6 a.m. EST,23800,39614,31347,35584,108582,85579,14062,36097,16989,37930,9686,25284,50490
12/26/2022 7 a.m. EST,23609,40925,32135,37224,111418,87090,14086,36478,17586,39158,9925,25582,51958
12/26/2022 8 a.m. EST,23689,42001,33099,38957,113635,88743,14537,37241,18148,40250,10401,25666,53549
12/26/2022 9 a.m. EST,23981,41429,33875,40508,113258,90234,14539,38502,18456,40240,11006,26217,54530
12/26/2022 10 a.m. EST,24800,38633,34268,40861,110882,91254,14057,39770,18458,38324,11481,26017,53907
12/26/2022 11 a.m. EST,25540,35291,34394,39979,108629,91293,13718,40660,18388,36087,11209,25559,52219
12/26/2022 12 p.m. EST,26293,33078,34316,38209,107437,90493,13492,41269,18383,33842,10572,25452,50252
12/26/2022 1 p.m. EST,26690,31143,34089,36361,107275,89250,13461,41856,18373,31819,9955,24620,47987
12/26/2022 2 p.m. EST,26769,29553,33641,34404,107501,87760,13447,42111,18483,30166,9587,24356,45633
12/26/2022 3 p.m. EST,27231,28819,33192,33202,108035,86495,14184,42029,18835,29407,9278,23374,43255
12/26/2022 4 p.m. EST,27411,28546,32807,32780,109350,86028,15184,42070,19505,28966,9172,23561,41400
12/26/2022 5 p.m. EST,27716,29391,32718,33375,110444,86379,16493,42123,20478,29408,9329,23365,40653
12/26/2022 6 p.m. EST,27464,32046,33495,35093,114486,89007,17155,42450,21209,30472,9713,24192,40917
12/26/2022 7 p.m. EST,27481,33822,35616,36826,115051,92619,16934,43511,21087,32689,10331,25147,43319
12/26/2022 8 p.m. EST,28313,34552,36569,36821,114142,93209,16480,45477,20721,33326,11276,24841,46040
12/26/2022 9 p.m. EST,29932,34746,36670,36302,112714,92740,15916,46013,20272,33573,11593,24827,46798
12/26/2022 10 p.m. EST,31666,34390,36596,35102,111054,91703,15151,45322,19608,33321,11433,24097,47536
12/26/2022 11 p.m. EST,31450,33637,36234,33313,107556,89532,14269,44456,18609,32591,11434,23642,47988
12/27/2022 12 a.m. EST,30975,32899,35446,31194,104118,87650,13483,43265,17610,31783,11155,23042,47951
12/27/2022 1 a.m. EST,30407,32492,34711,30279,101294,86917,12900,41470,16758,31165,10720,22376,47419
12/27/2022 2 a.m. EST,29423,32438,34285,29611,99600,85637,12519,39516,16272,31175,10253,22029,46489
12/27/2022 3 a.m. EST,28072,32574,34171,29439,98789,85075,12346,37996,16000,31133,9918,21882,46668
12/27/2022 4 a.m. EST,26684,32916,34160,29614,98725,85017,12385,36863,15901,31495,9794,21788,47509
12/27/2022 5 a.m. EST,25774,33705,34377,30443,98157,85227,12638,36159,16078,31526,9833,21825,48411
12/27/2022 6 a.m. EST,25370,34679,34856,32144,100286,85313,13001,35886,16653,32527,9879,22065,50089
12/27/2022 7 a.m. EST,24850,36368,35813,34476,105142,88766,14064,36199,17689,34032,10187,22816,52671
12/27/2022 8 a.m. EST,24781,37569,37259,36608,109616,92959,14998,37403,18702,35642,10743,23750,55805
12/27/2022 9 a.m. EST,25229,37240,38406,37105,110911,95796,15461,39257,19372,36184,11472,24246,57915
12/27/2022 10 a.m. EST,26043,34654,38514,35548,109767,96342,15507,41467,19703,34686,11914,23989,57513
12/27/2022 11 a.m. EST,27593,32003,37878,33459,108029,95080,15092,42682,19641,32437,11823,23262,55305
12/27/2022 12 p.m. EST,29074,29908,36812,31202,107322,93145,14371,43397,19566,30472,11479,22273,52501
12/27/2022 1 p.m. EST,30112,28384,35692,29331,106228,91144,14164,43995,19371,28620,11208,21361,49860
12/27/2022 2 p.m. EST,30722,27045,34579,27866,105931,89140,14293,44162,19409,27764,10683,20437,47396
12/27/2022 3 p.m. EST,31264,26060,33703,26576,105741,87508,14699,44129,19653,27081,10311,19830,45472
12/27/2022 4 p.m. EST,31341,25647,33526,26116,105470,86376,15586,44320,20024,26460,10200,19491,44241
12/27/2022 5 p.m. EST,31024,26547,33505,26477,106410,86445,16704,44166,20816,26377,10237,19474,43633
12/27/2022 6 p.m. EST,30871,29283,33508,28328,111396,88874,17302,44351,21525,27638,10221,20482,44235
12/27/2022 7 p.m. EST,31149,31237,32919,30731,112474,92600,17122,45049,21256,29838,10724,22087,46806
12/27/2022 8 p.m. EST,31353,32097,33616,30939,111844,93475,16768,46807,20761,30940,11562,22801,49371
12/27/2022 9 p.m. EST,32106,32552,33601,30633,110545,93006,16240,47337,20198,31629,11822,23054,49877
12/27/2022 10 p.m. EST,33420,32650,32849,29843,107966,91698,15461,46679,19407,31829,11645,23262,49986
12/27/2022 11 p.m. EST,33187,32201,32740,28557,104593,89114,14460,45646,18319,31476,11431,23143,49439
12/28/2022 12 a.m. EST,32609,31724,33080,27216,102700,86856,13569,44260,17299,30993,11112,22656,47920
12/28/2022 1 a.m. EST,31718,31574,32657,26015,101069,85549,12978,42456,16490,31146,10584,22429,46470
12/28/2022 2 a.m. EST,30479,31900,31183,25601,100176,84065,13154,40375,15883,31426,10110,22395,45306
12/28/2022 3 a.m. EST,28875,32458,30776,25656,100011,83026,13014,38659,15562,31826,9754,22366,44870
12/28/2022 4 a.m. EST,27268,33111,30595,26091,99911,82744,13013,37458,15433,32364,9545,22540,44727
12/28/2022 5 a.m. EST,26623,34216,30611,26986,100703,82567,13222,37091,15556,33140,9461,22879,45035
12/28/2022 6 a.m. EST,25892,35800,30921,28649,102735,82909,13394,37040,16132,34023,9541,23200,45901
12/28/2022 7 a.m. EST,25334,37826,31813,30931,107673,84432,14323,37393,17129,35660,9747,24019,47608
12/28/2022 8 a.m. EST,25379,39106,33058,32762,111561,88146,15161,38697,18075,37168,10224,24707,49622
12/28/2022 9 a.m. EST,25694,38493,34097,32756,111542,90384,15517,40961,18458,37301,10837,24896,50678
12/28/2022 10 a.m. EST,26664,35105,34018,30820,107564,89678,15358,43388,18437,35268,11283,23437,49977
12/28/2022 11 a.m. EST,28209,31582,33364,28675,102992,87284,15169,44952,18169,32278,11498,21948,47701
12/28/2022 12 p.m. EST,29301,28891,32635,27079,100637,84779,15115,45447,17976,29638,11610,20468,45277
12/28/2022 1 p.m. EST,29230,26985,31769,25974,99019,82418,14839,45551,17939,28235,11846,19438,43302
12/28/2022 2 p.m. EST,28323,25765,30955,25301,98253,80377,14764,45484,17846,27311,11861,18556,41820
12/28/2022 3 p.m. EST,27368,24868,30413,24952,96931,78961,15207,45117,17984,26512,11776,17853,41034
12/28/2022 4 p.m. EST,26719,24587,30048,24992,96554,77829,15288,44700,18272,25724,11693,17239,40612
12/28/2022 5 p.m. EST,26585,25164,29833,25402,97569,77975,16186,44135,19058,25690,11464,17242,40531
12/28/2022 6 p.m. EST,26202,27358,30103,26499,103056,80296,16726,44486,19984,26444,11050,17980,40801
12/28/2022 7 p.m. EST,26867,29235,31094,28101,104963,83492,16418,45127,19714,27861,11291,19321,41807
12/28/2022 8 p.m. EST,28775,30048,31404,27633,104576,83386,15919,46922,19263,28195,12255,19653,43228
12/28/2022 9 p.m. EST,30872,30489,30987,26836,103557,82120,15294,47857,18841,28119,12337,19711,43098
12/28/2022 10 p.m. EST,33355,30583,30383,25675,101511,80346,14503,47681,18096,27705,12170,19460,42494
12/28/2022 11 p.m. EST,34120,30112,29597,24131,98275,78184,13516,46935,17125,26780,12058,19002,41642
12/29/2022 12 a.m. EST,33436,29643,28455,22462,95235,75708,12581,45585,16178,25794,11704,18331,40131
12/29/2022 1 a.m. EST,32197,29485,27273,21223,92596,72779,11966,43929,15545,25051,11153,17683,37998
12/29/2022 2 a.m. EST,30553,29637,26431,20374,90408,70172,11861,41837,15082,24649,10702,17284,36234
12/29/2022 3 a.m. EST,28932,30058,25942,19986,89827,68623,11674,37011,14789,24314,10367,16823,34927
12/29/2022 4 a.m. EST,27513,30647,25773,19985,89881,67946,11669,38901,14714,24278,10137,16807,33963
12/29/2022 5 a.m. EST,27004,31445,25740,20478,91716,67640,11923,38471,14903,24390,10070,16793,33590
12/29/2022 6 a.m. EST,26462,32680,26045,21726,94715,67353,12407,38442,15568,25298,10145,16980,33777
12/29/2022 7 a.m. EST,25969,34370,26908,23571,99580,70038,13489,39058,16610,26657,10385,17575,34959
12/29/2022 8 a.m. EST,25778,35274,28308,25261,103419,73578,14291,40325,17459,27822,10895,18372,36641
12/29/2022 9 a.m. EST,26176,34611,29471,26244,103414,75876,14383,42430,17773,28174,11577,18799,38045
12/29/2022 10 a.m. EST,26995,31583,29815,26249,100289,76815,13891,44586,17493,27410,12060,18593,39096
12/29/2022 11 a.m. EST,28760,28494,29863,25978,97168,77341,13397,46130,17106,26214,11996,17951,40325
12/29/2022 12 p.m. EST,29856,26134,29850,25835,95288,77304,13048,46934,16797,25055,11787,17488,40638
12/29/2022 1 p.m. EST,30854,24654,29722,25857,93552,77281,12956,46941,16748,24298,11640,17005,41001
12/29/2022 2 p.m. EST,31197,23702,29472,26005,92147,76694,13021,46648,16873,24162,11048,16600,41191
12/29/2022 3 p.m. EST,31250,23092,29259,26284,91233,76374,13439,46070,17210,23700,10835,16308,41350
12/29/2022 4 p.m. EST,31452,22824,29012,26577,91050,75843,13916,45561,17644,23391,10938,16141,41226
12/29/2022 5 p.m. EST,31922,23014,28860,26858,91634,75770,15083,45331,18510,23502,11025,16050,40919
12/29/2022 6 p.m. EST,31985,24528,29130,27483,96076,77222,15923,45435,19383,23394,10695,16497,40826
12/29/2022 7 p.m. EST,31869,25803,30216,28546,97245,79147,15725,46205,19200,24605,11110,17217,41912
12/29/2022 8 p.m. EST,31805,25984,30538,27851,96390,78711,15284,48139,18814,24460,12067,17229,42791
12/29/2022 9 p.m. EST,32528,25976,30400,26760,95074,77302,14778,48650,18306,24283,12160,17115,42165
12/29/2022 10 p.m. EST,33721,25669,30026,25513,92698,75292,14315,48131,17613,23877,11929,16770,41396
12/29/2022 11 p.m. EST,33360,24902,29449,23811,89974,72723,13259,47228,16665,23112,11774,16333,40407
12/30/2022 12 a.m. EST,32695,24086,28539,22029,87106,69643,12206,45972,15692,22154,11323,15648,38876
12/30/2022 1 a.m. EST,31813,23572,27686,20209,84436,66858,11508,44259,14950,21314,10796,15043,37085
12/30/2022 2 a.m. EST,30731,23468,27058,19070,83291,64866,11356,42207,14388,21132,10457,14783,35500
12/30/2022 3 a.m. EST,29009,23624,26785,18433,82111,63252,11159,40557,14054,20857,10016,14558,34424
12/30/2022 4 a.m. EST,27579,24043,26698,18192,82511,62668,11095,39374,13915,20886,9688,14556,33926
12/30/2022 5 a.m. EST,26620,24695,26900,18484,83191,62651,11296,38681,14043,21153,9579,14590,33941
12/30/2022 6 a.m. EST,25830,25697,27386,19409,84173,63778,11788,38277,14633,21498,9592,14945,34379
12/30/2022 7 a.m. EST,25471,27035,28301,20877,88224,66282,12731,38461,15567,22663,9717,15683,35642
12/30/2022 8 a.m. EST,24902,27978,29586,22610,91777,69768,13349,39374,16411,23800,10139,16344,37613
12/30/2022 9 a.m. EST,25483,27884,30940,24205,92132,72652,13369,41214,16812,24290,10716,16928,39359
12/30/2022 10 a.m. EST,26269,26621,31431,25475,90467,74541,12951,43131,16927,24426,11206,16809,40468
12/30/2022 11 a.m. EST,27734,25161,31359,26339,88486,75630,12421,44563,16791,23976,11313,16549,41179
12/30/2022 12 p.m. EST,28797,24064,30896,26986,86398,75956,12224,45261,16726,23551,11282,16338,41089
12/30/2022 1 p.m. EST,29474,22933,30117,27452,85575,75795,12257,45553,16571,23117,11194,16109,40700
12/30/2022 2 p.m. EST,29598,22736,29413,27981,84524,75285,12395,45408,16513,22651,11004,15937,40617
12/30/2022 3 p.m. EST,30361,22400,28919,28221,83947,74784,12651,45043,16542,22489,10709,15737,40361
12/30/2022 4 p.m. EST,30424,21993,28617,28478,84402,74378,13122,44812,16801,22547,10620,15527,39853
12/30/2022 5 p.m. EST,30740,22220,28416,28600,85203,74557,14042,44571,17558,22285,10507,15572,40087
12/30/2022 6 p.m. EST,30657,23479,28749,28854,89482,76396,14696,44567,18396,23010,10454,15880,44934
12/30/2022 7 p.m. EST,30230,23391,28808,17380,89961,78698,14414,45297,18194,23709,10528,16755,41040
12/30/2022 8 p.m. EST,30260,23517,30876,28383,88700,78294,14015,46953,17819,23578,11576,16563,42378
12/30/2022 9 p.m. EST,31025,23089,30705,27158,87500,77209,13760,47312,17346,23174,11802,16196,42208
12/30/2022 10 p.m. EST,32481,22399,30515,25839,85530,75861,12931,46467,16753,22565,11684,15903,41660
12/30/2022 11 p.m. EST,32137,21502,30225,24282,83379,74299,12101,45491,15974,21725,11536,15461,41124
12/31/2022 12 a.m. EST,31440,20473,29616,22483,80278,71662,11326,44286,15144,20639,11275,14734,39995
12/31/2022 1 a.m. EST,30657,19524,28914,19786,77633,70253,10664,42632,14439,19686,10908,14010,38718
12/31/2022 2 a.m. EST,29775,18872,29132,18635,75851,68629,10256,40959,13947,18882,10589,13568,37389
12/31/2022 3 a.m. EST,28326,18520,27866,18020,74503,67602,10310,39363,13606,18867,10154,13213,36474
12/31/2022 4 a.m. EST,27062,18349,27557,17704,74057,66988,10237,38107,13390,18849,9888,12983,35986
12/31/2022 5 a.m. EST,25826,18422,27423,17788,74090,65524,10542,37174,13404,18795,9795,12897,35885
12/31/2022 6 a.m. EST,25237,18753,27490,18341,74204,65710,11067,36957,13598,18903,9837,13044,36396
12/31/2022 7 a.m. EST,24827,19286,27911,19366,74476,66912,11208,37056,14041,19021,9980,13191,37219
12/31/2022 8 a.m. EST,24532,19998,29601,21356,76560,68569,11619,37703,14541,19257,10257,13704,38542
12/31/2022 9 a.m. EST,24113,20920,29152,23818,79016,70394,12013,38751,15131,19964,10559,14154,39711
12/31/2022 10 a.m. EST,24601,21860,29504,26188,81433,72365,12422,39922,15775,21085,10878,14765,40288
12/31/2022 11 a.m. EST,25368,22388,29576,27870,83360,73626,12674,41330,16272,21909,10897,15433,40248
12/31/2022 12 p.m. EST,26180,22558,29216,29014,84424,74114,13032,42452,16484,22304,10714,15765,39905
12/31/2022 1 p.m. EST,27120,22527,28718,29664,84269,73563,13147,43039,16557,22342,10475,15611,39549
12/31/2022 2 p.m. EST,28033,22388,28028,30145,83905,72989,13134,43154,16586,22136,10325,15485,39317
12/31/2022 3 p.m. EST,28969,22210,27412,30290,83483,72311,13223,43030,16662,21847,10013,15242,39395
12/31/2022 4 p.m. EST,29096,22227,27061,30181,83527,71975,13481,42622,16851,21692,9826,15112,39608
12/31/2022 5 p.m. EST,29397,22554,26955,30001,85401,72271,14134,42217,17368,21657,9887,15145,39948
12/31/2022 6 p.m. EST,29321,23524,27240,30398,88416,74352,14468,42181,17840,22176,10119,15497,40369
12/31/2022 7 p.m. EST,29324,23732,28360,29654,88145,76715,14029,42995,17586,23221,10585,16352,40795
12/31/2022 8 p.m. EST,30063,22957,28789,27608,85805,76118,13363,44811,17042,22759,11319,16144,41852
12/31/2022 9 p.m. EST,30945,22048,28425,25852,83630,74611,12770,45393,16548,22269,11565,15890,41114
12/31/2022 10 p.m. EST,32041,21113,28005,24222,81173,72820,12376,44530,16020,21599,11268,15600,39902
12/31/2022 11 p.m. EST,31455,20472,27714,22904,79095,70992,11510,43441,15440,20907,10976,15298,38892
1/1/2023 12 a.m. EST,30447,19248,27197,21330,77534,69254,10922,42360,14851,20099,10629,14858,37731
